order_id,product_weight_g
2448,948.0
2301,1626.0
675,806.0
4579,574.0
4904,1063.0
5616,408.0
3051,1396.0
2766,254.0
5231,247.0
5779,2573.0
1910,2217.0
5853,1552.0
4659,1007.0
266,663.0
514,817.0
4290,1343.0
628,840.0
3724,2521.0
988,588.0
3392,1149.0
3673,2199.0
1074,585.0
3405,1590.0
4651,2425.0
3581,1095.0
5475,573.0
4394,3120.0
2308,290.0
1471,971.0
5191,358.0
878,663.0
960,1876.0
4105,685.0
1584,375.0
297,724.0
1537,1001.0
1978,2268.0
2147,6011.0
3150,1234.0
3848,1357.0
1887,284.0
4310,2632.0
1617,374.0
3799,1446.0
597,2871.0
1558,169.0
5873,885.0
3633,996.0
862,1360.0
2646,479.0
188,1067.0
1185,774.0
5682,743.0
2707,699.0
4465,431.0
110,2982.0
5005,1825.0
1764,1272.0
685,823.0
4927,1739.0
1119,2320.0
3779,1060.0
4310,1913.0
1105,1767.0
1479,2761.0
3082,3088.0
2669,3490.0
5534,954.0
1697,673.0
3006,712.0
1559,1426.0
2960,394.0
3701,372.0
3456,429.0
3062,912.0
4966,1033.0
4431,1238.0
4459,85.0
757,379.0
3515,396.0
387,687.0
3184,1670.0
2030,1375.0
275,728.0
448,1775.0
5281,476.0
4730,2142.0
5653,1210.0
1906,2049.0
3122,151.0
96,483.0
3926,820.0
463,1230.0
3016,261.0
2056,1633.0
2704,1206.0
3421,1404.0
4358,717.0
613,156.0
392,369.0
4481,1050.0
3895,433.0
1068,931.0
3985,964.0
4616,968.0
4468,1331.0
1761,2527.0
4232,1305.0
60,983.0
4196,1064.0
1528,912.0
538,2168.0
4032,560.0
3088,665.0
3048,944.0
2208,1421.0
5813,1778.0
2481,1038.0
4435,2020.0
4704,1188.0
5137,950.0
208,2505.0
1826,496.0
1189,1681.0
5971,2848.0
3289,794.0
4508,1364.0
5276,2565.0
2134,3169.0
3672,2410.0
1338,730.0
4737,1427.0
5978,94.0
5469,69.0
4241,3447.0
1208,842.0
3563,4017.0
1441,1362.0
1962,2846.0
1804,672.0
2136,3635.0
4139,1849.0
481,695.0
4044,1063.0
1650,2083.0
3646,643.0
5279,1097.0
3714,659.0
591,1587.0
1165,297.0
5609,488.0
2490,2186.0
3523,1006.0
374,557.0
2339,748.0
5340,3252.0
3544,388.0
203,1263.0
3725,884.0
975,5231.0
5280,423.0
4279,1480.0
3410,908.0
5868,1692.0
3392,524.0
403,2800.0
219,399.0
5648,3840.0
3451,1828.0
5820,339.0
3613,447.0
5225,653.0
1528,993.0
4769,370.0
1541,596.0
4529,103.0
1025,899.0
617,3202.0
2921,2204.0
1839,4669.0
4040,3769.0
4833,685.0
2564,3009.0
1067,1470.0
1243,1567.0
1222,628.0
5084,2453.0
2735,1458.0
3953,168.0
1007,425.0
1614,2544.0
4090,839.0
5248,764.0
5352,325.0
5418,1162.0
2186,2241.0
3992,3212.0
947,1820.0
3532,442.0
5906,289.0
1109,561.0
3870,1096.0
5933,2134.0
5853,2064.0
4072,4886.0
5766,357.0
326,443.0
1265,858.0
4136,839.0
4347,1391.0
2945,1556.0
2971,854.0
3789,255.0
5852,833.0
3484,182.0
536,541.0
4196,257.0
3857,617.0
5618,1435.0
2269,1577.0
1613,1038.0
1033,3794.0
2539,1396.0
1943,496.0
1738,849.0
3775,1927.0
3446,742.0
1537,443.0
615,1203.0
2365,419.0
3513,456.0
1542,937.0
1507,815.0
298,1506.0
5833,4091.0
5163,881.0
3071,2481.0
4575,219.0
4981,2541.0
1345,652.0
1153,442.0
618,114.0
1432,1848.0
1533,284.0
3898,3043.0
819,747.0
3474,1137.0
3552,2401.0
5562,474.0
683,880.0
604,1402.0
4258,1166.0
4846,951.0
2044,246.0
5163,2601.0
1684,1653.0
2203,1204.0
1275,1159.0
3429,1401.0
748,2716.0
998,904.0
932,880.0
5208,994.0
5465,787.0
1542,674.0
4353,131.0
3933,1285.0
4241,2461.0
4018,1355.0
1072,714.0
3181,692.0
1417,690.0
4084,176.0
2247,1473.0
465,1412.0
628,1963.0
3663,870.0
3609,144.0
369,717.0
5280,621.0
4129,732.0
4390,967.0
2092,1385.0
1971,1302.0
4409,145.0
214,2202.0
3706,954.0
3126,409.0
4160,681.0
5450,950.0
3061,310.0
2135,1877.0
866,1797.0
2043,915.0
2504,1927.0
1084,195.0
3414,2030.0
1995,706.0
435,616.0
1328,3024.0
2702,1015.0
3774,3056.0
5086,742.0
3896,1076.0
3602,968.0
2483,1394.0
201,629.0
5744,2115.0
5281,915.0
5201,187.0
1512,1157.0
1680,3922.0
1296,636.0
3202,1098.0
1236,1797.0
2996,1527.0
551,1095.0
427,137.0
771,1255.0
4316,3463.0
4006,855.0
1138,1664.0
5155,919.0
3279,1643.0
3580,212.0
916,672.0
1081,1174.0
4288,320.0
5870,2109.0
923,784.0
618,1605.0
4964,237.0
5130,1120.0
462,589.0
5818,843.0
2208,899.0
5341,1831.0
1165,289.0
2979,73.0
4228,389.0
607,706.0
3473,1597.0
3934,488.0
899,824.0
4384,2046.0
3668,1011.0
752,1986.0
2480,774.0
5984,2131.0
1309,3511.0
2602,2851.0
4731,792.0
2458,447.0
1829,162.0
3386,823.0
4224,3563.0
4518,599.0
4424,2399.0
5097,601.0
4797,743.0
3631,873.0
5918,2075.0
2602,434.0
1114,486.0
893,812.0
2769,113.0
4541,612.0
4420,1461.0
3062,509.0
4787,654.0
3273,306.0
717,1019.0
1642,1052.0
2360,337.0
4824,2300.0
894,2038.0
3705,1402.0
4418,4454.0
1575,1014.0
2868,669.0
2504,250.0
5229,552.0
4279,781.0
5344,1021.0
4103,1505.0
196,359.0
3802,851.0
1239,277.0
2803,1488.0
5601,348.0
771,283.0
141,1127.0
5541,1334.0
58,1186.0
5883,2633.0
4060,759.0
3217,607.0
5877,1872.0
3736,2957.0
3303,859.0
659,519.0
1497,1115.0
1600,2290.0
3510,664.0
5523,1519.0
5942,2377.0
684,347.0
5236,781.0
5430,1389.0
5450,2274.0
1439,899.0
526,1556.0
1854,734.0
5984,2533.0
2138,1127.0
4591,1037.0
2237,1369.0
3920,712.0
4580,612.0
5728,2237.0
5194,482.0
5355,982.0
3630,2605.0
614,478.0
3023,1621.0
3263,4278.0
4127,1215.0
5059,648.0
1243,1841.0
5199,44.0
5050,938.0
32,997.0
3165,359.0
289,2047.0
3930,90.0
5510,1269.0
3043,1015.0
4291,3205.0
409,355.0
5113,1949.0
4649,1638.0
1972,696.0
392,380.0
1232,674.0
5461,1694.0
2051,2351.0
2239,314.0
1080,1782.0
5874,3209.0
3594,494.0
4425,619.0
3027,1328.0
5992,1118.0
5969,881.0
476,543.0
1267,322.0
5714,1190.0
2442,1374.0
582,1104.0
2868,479.0
5179,1190.0
4578,1050.0
963,742.0
3330,1013.0
4420,848.0
502,706.0
4947,412.0
2276,654.0
1616,4747.0
5282,2322.0
5270,2072.0
850,2359.0
5679,774.0
2921,151.0
5509,2435.0
3470,2206.0
4450,841.0
3596,141.0
625,582.0
5285,680.0
1446,859.0
5163,1265.0
4722,1004.0
4069,753.0
2870,1479.0
1924,192.0
3741,1802.0
5993,257.0
1509,12.0
2420,1666.0
4420,1443.0
5022,1894.0
3359,947.0
3367,2179.0
5619,1163.0
1111,908.0
1302,1861.0
3390,735.0
5514,829.0
3129,2360.0
4870,1691.0
492,559.0
4896,930.0
3782,2880.0
2346,45.0
3407,1973.0
2155,508.0
928,1768.0
5443,1782.0
142,1060.0
714,473.0
3282,1514.0
2842,1453.0
4089,374.0
149,843.0
5298,1056.0
4777,318.0
2479,1444.0
4464,765.0
2454,3109.0
1782,1574.0
550,558.0
3235,463.0
1462,2143.0
3568,1221.0
4308,1174.0
5437,352.0
3441,791.0
2762,1108.0
4379,1584.0
5561,3894.0
2137,276.0
2481,1156.0
5507,522.0
2141,1157.0
5018,322.0
3917,392.0
4947,253.0
1759,1202.0
3192,937.0
1048,2103.0
5362,524.0
3839,1373.0
4374,2080.0
4146,894.0
1450,1492.0
4521,842.0
47,698.0
2197,909.0
4479,1082.0
2985,752.0
5223,992.0
3879,701.0
4474,423.0
1632,1195.0
4671,526.0
3369,596.0
1839,582.0
5280,927.0
3651,639.0
1186,1718.0
2572,1728.0
783,1597.0
1109,1673.0
2963,1747.0
4523,1423.0
5912,992.0
669,2858.0
4420,1178.0
4927,643.0
2411,871.0
5109,656.0
149,2320.0
349,307.0
317,750.0
4090,532.0
692,427.0
2378,289.0
5912,1170.0
2967,1836.0
2601,194.0
5820,1935.0
3909,1968.0
1744,292.0
1239,978.0
1899,932.0
4194,365.0
3400,1765.0
2858,480.0
2486,1030.0
580,2557.0
2983,973.0
3255,564.0
863,1598.0
5415,614.0
153,175.0
3950,515.0
5133,385.0
122,436.0
261,127.0
3029,871.0
4691,547.0
5850,1019.0
5964,275.0
550,615.0
1243,1695.0
4900,459.0
3098,113.0
525,778.0
236,457.0
4817,1039.0
2299,692.0
2828,299.0
3317,758.0
4526,1206.0
5719,808.0
232,962.0
258,1028.0
4777,370.0
4221,1020.0
5258,2575.0
640,1598.0
2455,1850.0
2579,1656.0
4804,1067.0
2647,1628.0
432,784.0
4145,575.0
3014,1507.0
1956,444.0
2854,1558.0
2100,1395.0
5169,1711.0
3288,740.0
3471,528.0
1584,2210.0
540,1710.0
2793,677.0
5501,409.0
361,727.0
681,834.0
3920,657.0
710,745.0
5244,3335.0
3742,513.0
5340,476.0
3244,1457.0
3169,1568.0
5716,899.0
1023,467.0
469,796.0
481,1417.0
350,712.0
4595,638.0
879,669.0
5248,1430.0
548,988.0
2091,586.0
2812,1485.0
2661,954.0
5714,1696.0
136,831.0
5120,2086.0
661,432.0
5328,721.0
3451,396.0
3334,569.0
5395,963.0
5033,1355.0
853,471.0
2,2654.0
1924,565.0
2521,2631.0
4081,1228.0
3557,1289.0
4042,398.0
5571,151.0
203,562.0
5884,651.0
5269,1705.0
3491,2763.0
4205,813.0
5129,1170.0
3369,846.0
5316,1293.0
1337,820.0
5648,665.0
2179,246.0
973,1793.0
1987,2022.0
3615,618.0
2631,953.0
2697,1684.0
5699,404.0
1065,3121.0
1481,1997.0
2116,1494.0
1149,849.0
4807,812.0
4500,2663.0
411,456.0
5177,1929.0
4539,2856.0
4559,2097.0
649,1839.0
4767,1704.0
4552,714.0
2071,1271.0
2114,1058.0
5551,2079.0
2008,2390.0
3017,2391.0
5550,965.0
5033,961.0
295,542.0
747,2853.0
4019,247.0
353,1213.0
5107,451.0
2707,3065.0
4558,1522.0
3130,2315.0
4995,253.0
3312,1534.0
3024,782.0
532,1593.0
5262,2597.0
570,1585.0
4903,655.0
2296,1002.0
3811,633.0
1654,4202.0
1892,1432.0
5198,68.0
3365,795.0
5354,210.0
558,764.0
3415,408.0
3036,1645.0
3933,172.0
3583,518.0
617,856.0
769,1164.0
4842,2324.0
251,678.0
5994,2352.0
60,1044.0
2549,548.0
58,1523.0
1064,714.0
4428,829.0
600,973.0
3118,3222.0
4016,2179.0
2084,758.0
3981,1934.0
4087,1342.0
5979,625.0
4620,523.0
4546,2231.0
4324,1471.0
5145,2443.0
1720,253.0
1461,155.0
2231,728.0
5464,1286.0
1520,1407.0
4747,1024.0
1653,2212.0
1740,1945.0
2035,657.0
4396,1320.0
5477,1475.0
5149,1796.0
1587,525.0
1075,774.0
2330,121.0
4666,352.0
1261,837.0
4100,776.0
5926,809.0
3957,3264.0
5127,1063.0
5432,1079.0
5788,936.0
3405,326.0
5218,1704.0
5608,249.0
915,864.0
2469,1375.0
1745,1293.0
4901,802.0
4031,4792.0
5254,1343.0
1291,333.0
326,353.0
5564,549.0
2942,123.0
3843,1981.0
5632,349.0
1070,145.0
3494,865.0
3216,545.0
917,868.0
3788,239.0
4800,2507.0
2601,710.0
5118,1017.0
3271,450.0
5844,320.0
1515,218.0
3393,1432.0
5982,1212.0
5309,1958.0
5888,909.0
3611,4695.0
2045,989.0
452,481.0
5674,1128.0
2250,2079.0
4955,1024.0
3785,2809.0
1673,1178.0
3632,1545.0
2016,1508.0
2040,925.0
5932,391.0
5899,2625.0
5998,1767.0
5589,1510.0
2413,1102.0
5686,2531.0
3342,420.0
4683,1242.0
5070,520.0
2418,366.0
1208,1060.0
2729,1071.0
457,1139.0
2926,2174.0
3869,1235.0
2211,734.0
4287,2449.0
4240,271.0
483,2844.0
3404,1417.0
5040,892.0
3693,510.0
4450,1294.0
783,2070.0
3544,530.0
3371,745.0
3402,745.0
2939,2144.0
5612,423.0
147,1700.0
2659,1616.0
4140,1496.0
1126,4610.0
4841,667.0
4314,1992.0
1317,45.0
799,1321.0
3152,351.0
1456,464.0
1977,2095.0
5833,188.0
2233,447.0
3162,1979.0
4046,2076.0
1420,219.0
2930,846.0
3435,3099.0
1986,516.0
3053,3047.0
2996,1705.0
4191,1058.0
2345,2412.0
1113,1021.0
5797,879.0
2301,635.0
3925,1085.0
675,925.0
88,636.0
5123,756.0
4637,698.0
883,767.0
2535,2675.0
4231,1902.0
3122,2987.0
5161,2096.0
3940,765.0
27,232.0
2521,1778.0
4930,54.0
4337,1335.0
5565,1016.0
2373,1137.0
3845,552.0
782,2493.0
4593,1308.0
1065,1537.0
4840,1130.0
3283,554.0
5054,526.0
2107,2395.0
2732,1117.0
1639,2167.0
1618,619.0
3880,164.0
4629,562.0
5308,399.0
1703,238.0
5880,769.0
5900,312.0
1394,201.0
3379,813.0
2919,2358.0
2113,3233.0
3748,3537.0
4383,2230.0
121,2096.0
4320,389.0
2504,1300.0
2471,216.0
1297,1028.0
4112,219.0
1443,215.0
5004,723.0
1639,3126.0
433,2092.0
1321,704.0
3735,422.0
1022,635.0
5724,2764.0
1363,693.0
1073,170.0
1346,542.0
5675,674.0
1776,2247.0
214,331.0
935,3260.0
5137,1308.0
5552,392.0
1181,1070.0
4829,1554.0
835,1435.0
2966,163.0
1949,348.0
4234,1400.0
3946,1076.0
3187,1153.0
1421,2002.0
2643,2136.0
941,512.0
738,1658.0
3621,1880.0
4671,289.0
3196,399.0
4103,106.0
1675,1120.0
190,1592.0
1019,735.0
3886,1386.0
1590,1557.0
600,1543.0
2218,464.0
2885,240.0
775,1754.0
2799,903.0
5544,580.0
5575,3043.0
674,965.0
3790,1868.0
5612,2351.0
5201,516.0
2185,1155.0
3700,1545.0
5335,536.0
3829,1381.0
1225,109.0
3899,773.0
2144,361.0
4317,605.0
2119,410.0
3646,1435.0
2020,2113.0
920,53.0
4263,2856.0
5325,745.0
4902,282.0
3865,255.0
5056,2261.0
3243,223.0
3381,1289.0
5356,1122.0
621,1101.0
2053,838.0
1034,1442.0
4067,632.0
3927,278.0
4476,515.0
4920,870.0
5023,936.0
4766,4357.0
2091,3264.0
3239,1170.0
2506,1290.0
934,1201.0
3044,885.0
773,1195.0
3698,3028.0
5793,2148.0
5166,1895.0
1943,972.0
2355,1083.0
5259,1678.0
827,1045.0
3641,1482.0
5627,995.0
263,351.0
1622,1459.0
2305,1246.0
122,401.0
4592,511.0
322,210.0
1101,1345.0
5670,2835.0
4218,1187.0
5243,1643.0
3264,3325.0
501,1234.0
183,1789.0
4228,214.0
3169,1635.0
2455,288.0
3541,1325.0
4124,1845.0
1656,742.0
855,525.0
2197,1466.0
5746,1338.0
3781,1884.0
1834,130.0
3069,318.0
5697,1169.0
3056,459.0
2065,1088.0
890,84.0
2879,374.0
1439,1006.0
1697,427.0
2137,1334.0
2740,377.0
5835,680.0
4184,885.0
1736,2805.0
5167,601.0
94,2604.0
2952,722.0
2718,557.0
1648,1408.0
1050,2008.0
3420,704.0
115,572.0
1507,1089.0
4439,1813.0
4711,73.0
2413,1943.0
4065,578.0
4910,1484.0
3554,1606.0
2913,1104.0
2944,2402.0
1990,2288.0
5896,1544.0
2369,1084.0
3121,3684.0
5075,1223.0
1795,1699.0
1301,3247.0
3576,1800.0
3756,678.0
3593,1214.0
2987,271.0
2509,1390.0
5250,3275.0
4801,352.0
4975,891.0
67,450.0
1619,469.0
2700,1565.0
5039,1017.0
5503,359.0
5102,3667.0
3327,819.0
5360,541.0
1888,2303.0
4110,67.0
2381,236.0
351,1233.0
4470,823.0
2466,600.0
5336,2874.0
4608,234.0
5064,2752.0
1973,1501.0
2888,2835.0
2190,170.0
3762,375.0
2930,502.0
3682,243.0
4644,637.0
2518,440.0
66,2189.0
833,1226.0
321,1390.0
15,849.0
1380,1839.0
4727,440.0
5959,1769.0
847,430.0
3442,2866.0
1673,843.0
3217,430.0
946,1087.0
1263,1504.0
2374,640.0
4244,2764.0
4773,946.0
5417,404.0
2324,427.0
117,540.0
1589,149.0
942,977.0
5986,2691.0
2592,598.0
4688,856.0
4599,2248.0
315,979.0
1549,1234.0
2028,3103.0
5205,2299.0
5561,1767.0
1160,601.0
2144,440.0
5491,2467.0
2412,1018.0
4026,1515.0
2477,367.0
3114,3262.0
5227,993.0
1627,4427.0
43,1451.0
5594,1037.0
2897,80.0
3454,170.0
3239,206.0
324,3228.0
2374,1824.0
3977,756.0
864,690.0
591,1368.0
5481,1148.0
914,609.0
4348,1455.0
1665,1620.0
5752,1196.0
1264,2011.0
3156,1331.0
1706,530.0
554,1641.0
330,907.0
1533,2140.0
5636,1512.0
3783,1508.0
3977,2377.0
8,836.0
4640,2064.0
5233,844.0
5861,1056.0
1270,2504.0
3687,1589.0
5857,494.0
2248,2148.0
2611,3976.0
5852,1449.0
219,2635.0
3980,943.0
3506,1222.0
5387,1079.0
4394,2146.0
480,1048.0
5109,599.0
2046,396.0
3123,1148.0
3782,1296.0
5701,1591.0
4654,1566.0
495,1163.0
3017,1375.0
5033,643.0
4706,897.0
2635,439.0
3211,931.0
3139,324.0
5901,754.0
1156,772.0
4005,1247.0
4268,891.0
5986,1386.0
2455,592.0
1210,449.0
5731,944.0
90,293.0
4085,333.0
4769,890.0
5830,184.0
809,2532.0
2697,2082.0
1506,543.0
751,1918.0
2503,1926.0
1058,1531.0
4356,589.0
320,1677.0
4706,924.0
188,656.0
4249,886.0
5044,376.0
1831,1318.0
5118,364.0
1961,817.0
5545,210.0
4735,975.0
3058,123.0
2744,2357.0
5983,1257.0
691,1339.0
3532,769.0
5619,2078.0
1093,798.0
2521,1438.0
5743,1955.0
1847,355.0
4446,1641.0
3445,586.0
5092,1259.0
4669,1127.0
433,3295.0
934,718.0
271,3206.0
2659,1437.0
4664,930.0
4074,1650.0
5706,1336.0
2467,829.0
5570,742.0
5923,1223.0
1517,1010.0
285,473.0
3602,6307.0
1525,571.0
3538,944.0
84,630.0
2434,1643.0
3157,718.0
98,1065.0
4597,2232.0
1856,709.0
2107,1030.0
5733,924.0
1505,597.0
4653,2178.0
3838,3383.0
3071,484.0
4024,4516.0
4464,1635.0
3676,582.0
3415,554.0
5077,916.0
3330,827.0
717,1337.0
5114,956.0
3471,1339.0
3009,864.0
1865,370.0
5804,559.0
2626,589.0
4956,390.0
4566,806.0
2857,547.0
2943,1112.0
2976,1309.0
3893,1467.0
2193,1861.0
380,1691.0
1077,1171.0
2460,452.0
2056,627.0
3612,1442.0
2128,568.0
5165,1006.0
3215,3017.0
3363,583.0
2322,1961.0
2688,663.0
915,551.0
741,5278.0
4346,1329.0
1395,1400.0
5385,830.0
277,273.0
1173,2635.0
2293,1269.0
1447,1990.0
4658,793.0
5109,82.0
4030,1789.0
4554,3884.0
401,1192.0
1268,744.0
5339,2360.0
1255,635.0
4617,1092.0
2866,1539.0
3249,812.0
321,1413.0
5997,2355.0
1131,398.0
5351,1219.0
1552,758.0
4112,1901.0
806,2160.0
3819,1709.0
3659,2247.0
1506,832.0
4360,867.0
4797,2286.0
3598,561.0
325,1096.0
3236,928.0
2671,1093.0
1937,966.0
2271,302.0
3829,453.0
5886,1181.0
2152,1060.0
2833,2615.0
3606,1356.0
4257,1415.0
2126,2182.0
1351,783.0
747,1534.0
1829,1250.0
961,1459.0
933,2366.0
5491,1714.0
452,370.0
2362,178.0
3158,1301.0
109,2005.0
2883,1112.0
335,1755.0
3949,509.0
2593,954.0
692,78.0
5848,2711.0
4562,3048.0
142,577.0
5798,390.0
1903,502.0
1172,363.0
158,1123.0
5795,653.0
4919,651.0
1506,1042.0
5277,3799.0
3308,1604.0
5332,1282.0
4369,2261.0
2230,3417.0
4101,336.0
5694,1136.0
1527,569.0
401,226.0
5311,3240.0
559,852.0
4244,1173.0
5227,1530.0
4180,2049.0
3151,1813.0
3709,3042.0
224,1924.0
2131,695.0
2496,693.0
5233,73.0
1254,1180.0
5036,829.0
4440,1108.0
3158,467.0
3752,1339.0
632,2679.0
1484,955.0
5648,620.0
916,633.0
2378,3327.0
166,784.0
3831,751.0
3639,904.0
480,2889.0
5044,825.0
4472,1341.0
3947,1306.0
4501,2847.0
4946,140.0
1338,412.0
3313,4660.0
1005,914.0
1908,2271.0
975,1741.0
4028,82.0
2638,392.0
3958,1421.0
2180,1174.0
795,1558.0
1225,366.0
4634,1427.0
3239,172.0
911,747.0
2448,182.0
4771,1678.0
1619,1850.0
743,1824.0
5402,781.0
847,1034.0
2671,817.0
3391,844.0
2715,1238.0
4386,1222.0
5756,685.0
2403,510.0
2517,3047.0
3700,1098.0
73,1246.0
2906,1656.0
5358,570.0
4895,344.0
299,727.0
5685,456.0
3757,767.0
5298,666.0
3938,2541.0
4636,233.0
4271,2027.0
3688,5140.0
4142,2653.0
29,3988.0
1937,829.0
5744,458.0
2854,2200.0
1019,1755.0
3036,1604.0
2463,582.0
4906,858.0
1494,1407.0
530,817.0
2997,1131.0
1939,878.0
2013,835.0
2187,227.0
4939,821.0
2957,2115.0
5396,955.0
2246,1655.0
5477,1447.0
2634,332.0
1951,1882.0
2677,537.0
1763,1114.0
1157,1873.0
1439,1197.0
1777,1090.0
3862,728.0
3929,246.0
236,391.0
1013,1878.0
473,673.0
3397,95.0
349,222.0
3716,290.0
3272,242.0
3340,411.0
4485,432.0
4924,968.0
1389,917.0
924,1256.0
4603,1635.0
5560,1595.0
1562,872.0
961,1472.0
1821,1535.0
4883,1133.0
1080,420.0
1376,1962.0
4751,512.0
975,1130.0
556,1534.0
2302,1611.0
1952,1912.0
2166,1650.0
3853,3238.0
1658,448.0
5534,2801.0
3950,2874.0
2980,771.0
5463,2055.0
604,1347.0
3874,443.0
2610,1732.0
2440,669.0
3064,3653.0
5590,2655.0
2128,1210.0
5866,350.0
3777,2252.0
1203,931.0
125,44.0
525,302.0
5303,1139.0
4068,254.0
5993,1024.0
2171,1597.0
1636,267.0
4841,1361.0
5970,1220.0
5727,1071.0
1011,1098.0
1218,1774.0
2797,2197.0
2966,1377.0
3739,422.0
1019,663.0
2155,1037.0
5312,792.0
732,1001.0
2346,740.0
2503,2120.0
560,538.0
5661,2199.0
2322,724.0
2347,1824.0
3725,1813.0
3203,861.0
402,853.0
1980,909.0
4565,489.0
2164,1506.0
1893,1504.0
2098,3925.0
972,232.0
2389,1526.0
684,470.0
2936,265.0
4293,500.0
1784,1147.0
1768,725.0
1393,1773.0
239,1579.0
4758,290.0
5665,3061.0
4103,823.0
4609,869.0
4422,2710.0
3388,341.0
3938,3227.0
939,2684.0
5187,1806.0
793,279.0
84,1058.0
2247,1023.0
2516,1491.0
678,603.0
5043,3034.0
5832,1436.0
5847,1431.0
3802,1811.0
1215,720.0
894,1382.0
3240,2884.0
2678,1680.0
5572,1312.0
1289,546.0
4652,1583.0
2095,1566.0
4562,2670.0
2267,509.0
5276,761.0
5736,822.0
1882,525.0
873,419.0
898,743.0
2408,1185.0
3916,305.0
2504,2624.0
5724,969.0
1900,483.0
4261,2417.0
339,1651.0
1456,1054.0
5119,1226.0
2608,1516.0
2379,647.0
5089,1607.0
3619,2246.0
5775,2637.0
3186,185.0
4926,131.0
1576,716.0
2940,1067.0
1449,232.0
5359,1466.0
2993,824.0
4234,1190.0
5949,1966.0
4440,322.0
3333,1638.0
2714,664.0
5852,2656.0
3321,2751.0
2909,1127.0
1998,2699.0
724,940.0
2127,947.0
2101,423.0
1475,2002.0
3879,661.0
1025,1468.0
3262,701.0
919,473.0
3698,695.0
900,516.0
4105,1306.0
5243,433.0
2947,627.0
5612,1542.0
5904,1508.0
379,341.0
4966,379.0
1484,1349.0
5404,844.0
1848,660.0
453,1022.0
257,2680.0
1389,1968.0
4689,1018.0
286,1780.0
3849,1570.0
4980,2446.0
3160,1593.0
3957,122.0
1381,1007.0
880,1172.0
3114,430.0
3071,536.0
1791,1756.0
3479,965.0
2868,684.0
1511,887.0
2252,230.0
3301,1003.0
1345,1487.0
5997,357.0
595,1405.0
4632,56.0
601,2769.0
3136,1595.0
793,1213.0
2995,661.0
801,2006.0
3677,1217.0
888,336.0
1505,2092.0
954,1856.0
5196,139.0
4536,1873.0
3436,1346.0
2919,1386.0
5181,398.0
1771,831.0
5565,1274.0
2339,841.0
423,710.0
4081,863.0
2611,308.0
1037,652.0
607,1313.0
448,254.0
5774,640.0
1999,593.0
4509,775.0
2989,2795.0
3913,1439.0
2636,344.0
5059,1033.0
3142,907.0
3691,906.0
339,2262.0
2889,554.0
61,1376.0
5309,1338.0
2726,435.0
2043,1646.0
354,155.0
4371,762.0
2794,1292.0
4664,571.0
5749,1209.0
3591,2007.0
2290,774.0
2068,2258.0
3249,1296.0
2203,787.0
4822,1419.0
3642,1784.0
1859,2080.0
4058,82.0
4493,2177.0
4465,1503.0
4029,743.0
686,525.0
356,1176.0
3546,738.0
2705,1170.0
3365,486.0
569,187.0
1411,1384.0
5718,969.0
4390,950.0
2323,711.0
4887,2729.0
4281,1694.0
2804,332.0
4912,839.0
989,715.0
3838,2478.0
5477,1259.0
1137,282.0
1460,622.0
504,919.0
3444,1336.0
1585,795.0
3176,1553.0
2461,3819.0
5760,1715.0
80,1155.0
151,658.0
1370,396.0
1559,368.0
5471,910.0
4948,765.0
2865,1693.0
3694,736.0
2205,538.0
1028,1412.0
1822,3687.0
1993,1915.0
3402,830.0
3665,423.0
673,104.0
1024,797.0
1134,1226.0
5799,1115.0
732,1717.0
5634,2869.0
3431,1216.0
4849,2353.0
2535,1134.0
2535,730.0
3225,1274.0
218,596.0
5680,528.0
4915,2296.0
407,1038.0
5286,313.0
4983,794.0
3989,1407.0
1546,1978.0
112,2169.0
1797,1753.0
574,3102.0
1773,847.0
4894,249.0
1579,738.0
5630,327.0
4642,854.0
5424,1986.0
1247,385.0
30,223.0
849,469.0
1551,630.0
1244,1261.0
2333,1495.0
1316,1357.0
5868,874.0
5454,996.0
3170,388.0
784,542.0
5588,1108.0
1304,347.0
4995,806.0
4601,325.0
167,689.0
1425,840.0
5708,1809.0
3365,482.0
4232,520.0
2328,845.0
5192,6154.0
5424,297.0
353,640.0
4834,1075.0
4193,658.0
2384,4064.0
5469,1120.0
5416,577.0
1098,424.0
1066,1456.0
1786,892.0
2833,1279.0
2918,2395.0
2419,2763.0
440,1072.0
440,2000.0
5465,1045.0
3899,492.0
5485,1769.0
5701,572.0
3354,376.0
930,1179.0
4620,359.0
5878,432.0
3490,213.0
5186,832.0
5018,1491.0
5432,1692.0
20,898.0
854,780.0
3157,341.0
4565,486.0
4958,476.0
529,328.0
946,656.0
690,789.0
5601,263.0
1365,1119.0
2544,1404.0
183,1591.0
495,653.0
398,1640.0
159,764.0
2804,339.0
5005,318.0
8,909.0
3044,614.0
2279,1309.0
5106,2789.0
2956,1345.0
5009,671.0
4612,1051.0
1106,788.0
2688,1196.0
172,78.0
1201,873.0
4915,2205.0
4221,377.0
4436,1052.0
4871,1475.0
1040,710.0
1430,729.0
1466,788.0
3406,983.0
1798,961.0
4275,513.0
391,1417.0
2685,2716.0
3064,3768.0
5366,894.0
293,816.0
1060,70.0
4223,2492.0
2093,446.0
954,3234.0
1420,637.0
4268,429.0
4435,218.0
4553,2138.0
1539,377.0
5614,1848.0
1023,2160.0
5537,128.0
306,1030.0
2666,497.0
3258,2277.0
1499,451.0
2679,1494.0
3049,1804.0
2149,755.0
5832,238.0
5808,664.0
3444,2106.0
3615,1386.0
3061,132.0
2996,470.0
1731,897.0
5659,199.0
5528,792.0
1653,1195.0
4012,924.0
5878,2037.0
3585,509.0
584,1849.0
2476,1369.0
3527,1031.0
4327,398.0
3032,1344.0
5704,1730.0
132,1585.0
663,219.0
3430,1588.0
3970,716.0
5891,797.0
2869,1704.0
1778,677.0
4337,1930.0
3796,844.0
1072,2230.0
2874,155.0
5590,1237.0
2219,520.0
2297,1129.0
4766,1291.0
1497,355.0
1461,73.0
4087,1746.0
5560,116.0
3382,1154.0
1293,1108.0
3757,1668.0
6,613.0
5501,1372.0
793,1327.0
605,632.0
2120,2721.0
208,1002.0
4275,2565.0
3058,285.0
1044,1545.0
5141,653.0
2469,1265.0
2191,259.0
2917,1237.0
4046,3141.0
3646,1020.0
445,1703.0
3668,3141.0
2129,1936.0
3374,3463.0
4287,1044.0
3903,364.0
2881,1020.0
3011,799.0
2702,693.0
5949,1224.0
2377,2811.0
5565,3907.0
4188,577.0
3234,1309.0
546,832.0
2755,561.0
1181,560.0
1376,1275.0
4831,1174.0
3884,1002.0
4454,1724.0
2414,3536.0
3109,1809.0
1373,2698.0
5991,594.0
1189,487.0
5286,1028.0
2803,418.0
2558,95.0
5234,732.0
2100,1116.0
4670,1096.0
4621,832.0
4579,2088.0
403,1640.0
2645,2621.0
1055,2751.0
549,121.0
3400,1186.0
5136,886.0
2990,1914.0
2149,2125.0
3667,1608.0
3211,2394.0
1609,1848.0
505,202.0
5860,898.0
1762,1830.0
1723,1794.0
4104,378.0
5075,95.0
786,2159.0
1155,1454.0
1924,988.0
5070,347.0
782,206.0
4564,1060.0
3503,381.0
1870,2712.0
908,500.0
3819,3817.0
3621,206.0
3119,2210.0
2703,613.0
2479,618.0
4826,1169.0
3982,1882.0
5128,1689.0
2635,876.0
818,83.0
3109,257.0
453,362.0
3921,478.0
5017,834.0
3918,272.0
2834,735.0
4546,748.0
1074,889.0
2042,145.0
68,37.0
85,3289.0
1898,1269.0
1191,1058.0
1388,764.0
3414,1623.0
1824,2778.0
5004,349.0
4147,559.0
4410,786.0
1310,104.0
2994,270.0
1692,999.0
833,745.0
4585,1326.0
3697,1873.0
5948,1192.0
5030,1459.0
3164,1214.0
274,763.0
5560,890.0
2919,508.0
3367,213.0
1811,1305.0
721,1268.0
2695,392.0
1825,855.0
575,614.0
1688,1554.0
3262,1250.0
3973,1008.0
1924,1170.0
5330,811.0
3147,2069.0
3123,947.0
3429,1456.0
4796,714.0
5642,466.0
3435,1181.0
5964,3525.0
4170,1561.0
3405,1152.0
4508,2139.0
3232,2128.0
134,379.0
4749,769.0
4983,1123.0
4548,1255.0
4213,1846.0
2672,1933.0
1336,632.0
2777,2974.0
5228,2217.0
3359,674.0
2076,1475.0
4294,84.0
3911,1874.0
3146,1810.0
435,2070.0
5113,1092.0
607,604.0
5504,845.0
3760,1848.0
5634,801.0
5567,1230.0
990,630.0
775,2285.0
2609,784.0
2367,3749.0
2986,1354.0
4090,1184.0
2527,1804.0
2074,994.0
1791,1965.0
738,1734.0
5980,782.0
510,4120.0
3754,116.0
4085,5240.0
1942,355.0
5862,749.0
5508,589.0
724,758.0
4574,1280.0
5177,857.0
5336,965.0
3614,1334.0
2947,439.0
901,1651.0
1917,307.0
713,908.0
5258,77.0
1141,1839.0
4254,1040.0
2945,1791.0
46,1378.0
66,971.0
3291,2058.0
1141,2742.0
1700,752.0
1183,715.0
3172,1306.0
1592,307.0
795,179.0
604,1378.0
3482,672.0
3359,487.0
2519,423.0
2894,683.0
1446,139.0
4465,3593.0
3602,250.0
1341,426.0
3446,781.0
4789,687.0
3433,1767.0
351,508.0
1895,2089.0
212,512.0
365,1622.0
17,983.0
4688,305.0
1473,829.0
5599,417.0
5971,1479.0
4251,492.0
2759,2476.0
2567,1925.0
3967,663.0
5086,949.0
475,1131.0
3254,1529.0
24,1171.0
3333,437.0
2337,2003.0
2401,882.0
1126,131.0
5413,964.0
1384,1848.0
5584,765.0
4343,2485.0
4950,1916.0
1745,2653.0
4373,2725.0
3618,1039.0
4889,2339.0
2834,1734.0
1167,908.0
3424,724.0
1544,484.0
454,161.0
3620,2847.0
3628,1319.0
4059,2182.0
577,1497.0
1011,529.0
423,1145.0
1641,1138.0
3842,2102.0
65,1760.0
4685,1947.0
5209,1809.0
3883,1601.0
464,1412.0
5320,878.0
142,2719.0
1826,2411.0
5225,862.0
4133,469.0
3833,3774.0
4011,1363.0
5954,2453.0
5625,1391.0
3852,240.0
823,433.0
5848,1099.0
2371,1067.0
4335,3108.0
7,430.0
1416,1163.0
482,172.0
1152,2768.0
2519,2067.0
1610,800.0
3694,432.0
2792,1598.0
3470,1541.0
4630,1292.0
592,1793.0
2615,4302.0
3777,806.0
3380,426.0
5170,867.0
1069,2053.0
5639,205.0
2414,502.0
576,854.0
3836,811.0
3448,1295.0
16,464.0
4275,1724.0
1279,972.0
3784,621.0
2762,1272.0
5359,4866.0
2991,1075.0
747,221.0
842,2507.0
4570,1110.0
4311,2307.0
3568,1056.0
82,1032.0
1798,2038.0
1886,2983.0
5026,396.0
388,566.0
2258,2512.0
5139,320.0
4825,1349.0
5996,1192.0
1622,1370.0
2702,2267.0
4731,1374.0
1286,880.0
3421,810.0
3358,930.0
524,2147.0
5064,680.0
1419,507.0
5316,181.0
4335,3096.0
4927,1183.0
184,594.0
123,2271.0
285,934.0
2712,1868.0
4835,3937.0
4438,1563.0
799,593.0
1891,1216.0
3468,2041.0
5012,1228.0
3060,1828.0
5168,799.0
5637,877.0
1333,150.0
1719,521.0
5536,1892.0
5915,1314.0
899,1059.0
228,256.0
3293,2797.0
5033,517.0
1723,1801.0
133,696.0
3108,2051.0
604,1247.0
635,1846.0
1949,1064.0
3098,1038.0
1039,1791.0
1797,307.0
3008,1835.0
1003,2287.0
2348,218.0
5520,3809.0
3926,664.0
589,2039.0
3045,3070.0
3810,1018.0
5499,2671.0
5675,67.0
2269,993.0
3379,160.0
5702,1888.0
2620,1217.0
2025,1431.0
1653,464.0
5601,364.0
4219,537.0
1168,881.0
3689,3471.0
5491,1349.0
3504,1277.0
1298,808.0
3798,540.0
3,339.0
3273,3373.0
3673,877.0
1075,1138.0
1926,4340.0
3197,359.0
5538,744.0
5000,2565.0
155,1280.0
5081,109.0
2428,1661.0
1750,970.0
4324,785.0
999,1385.0
5343,271.0
1496,4306.0
1707,1479.0
3699,1790.0
4693,1101.0
5471,696.0
4009,1342.0
4169,616.0
5549,217.0
2691,547.0
1128,2032.0
160,271.0
4701,91.0
1566,799.0
5040,1248.0
5516,5393.0
3234,543.0
900,425.0
1964,875.0
4226,853.0
2713,522.0
3786,1480.0
1485,727.0
2530,98.0
4011,822.0
991,1711.0
1672,864.0
3847,690.0
4210,689.0
3099,1421.0
4029,1373.0
2286,465.0
3383,1552.0
4315,439.0
1403,1234.0
3451,2090.0
1601,1559.0
2576,840.0
1009,1568.0
2455,1855.0
4317,921.0
5761,424.0
1080,1312.0
4952,713.0
1977,366.0
4918,1061.0
5183,330.0
2829,2666.0
367,585.0
900,689.0
1685,810.0
5431,607.0
1304,48.0
4230,2324.0
1926,485.0
1332,432.0
2512,2168.0
385,624.0
393,545.0
5166,1438.0
2807,780.0
915,1166.0
1413,698.0
4504,1916.0
3185,1416.0
2670,997.0
524,686.0
1920,1518.0
2541,459.0
2966,668.0
1139,524.0
5613,1182.0
5202,1259.0
2627,685.0
5450,577.0
1153,467.0
4739,3747.0
1855,452.0
5295,864.0
3239,424.0
1807,901.0
829,749.0
407,784.0
4535,3068.0
3184,977.0
2212,470.0
5536,1316.0
3677,741.0
4057,3071.0
1533,1873.0
4124,770.0
200,2172.0
4718,1416.0
5887,601.0
328,1772.0
4066,962.0
1604,2432.0
516,1579.0
1183,2459.0
3516,537.0
52,858.0
5265,707.0
3223,898.0
4075,708.0
4161,1117.0
632,381.0
888,385.0
5197,1628.0
789,428.0
2407,1620.0
2059,1229.0
5852,376.0
3960,214.0
179,406.0
2713,233.0
5842,657.0
3518,394.0
2452,1561.0
2860,134.0
4265,1612.0
2230,1275.0
2294,1217.0
2921,1013.0
5747,255.0
5234,3138.0
3534,2969.0
5187,645.0
340,252.0
382,1307.0
3306,754.0
1255,500.0
1165,667.0
4565,679.0
783,1058.0
5544,1393.0
3922,140.0
5515,854.0
1098,1604.0
301,1715.0
3914,369.0
1534,770.0
1685,1430.0
3306,2199.0
4142,1834.0
979,1551.0
5110,1968.0
4339,723.0
5017,547.0
5326,1168.0
5747,1218.0
4540,2588.0
1340,1820.0
2813,604.0
3574,2614.0
5554,524.0
3974,1266.0
113,876.0
1333,2317.0
1869,966.0
3150,955.0
5812,1344.0
2906,1512.0
4803,2279.0
5213,541.0
4404,1140.0
3427,214.0
2650,1096.0
5037,647.0
868,1497.0
40,1894.0
624,849.0
5961,448.0
213,1577.0
140,2786.0
4782,1360.0
3518,84.0
4416,2523.0
1061,771.0
1644,661.0
640,3012.0
3358,389.0
2985,1474.0
4453,1104.0
341,1817.0
2710,673.0
4752,536.0
4150,443.0
1954,1140.0
2188,726.0
2492,908.0
5364,1255.0
1621,2711.0
4164,1528.0
2579,713.0
2395,2093.0
3644,1867.0
4609,1761.0
2186,1421.0
538,2239.0
5177,2401.0
1438,2485.0
2313,782.0
4292,1256.0
2361,1034.0
5809,1288.0
721,942.0
4066,1116.0
1266,187.0
4902,1147.0
5460,635.0
2596,1709.0
5310,2597.0
5804,1062.0
700,2167.0
1171,783.0
252,2242.0
4907,1063.0
2263,2093.0
319,922.0
5846,664.0
59,938.0
1122,1500.0
4920,1063.0
5845,1608.0
3567,1410.0
5996,817.0
3937,428.0
2221,4436.0
4813,1425.0
2543,537.0
3082,1331.0
704,862.0
5046,754.0
3186,347.0
5276,2205.0
1615,1425.0
5597,3109.0
5328,1610.0
4566,793.0
3979,460.0
2523,1041.0
2512,1838.0
709,839.0
3228,2004.0
312,1397.0
922,763.0
423,722.0
4856,239.0
18,1508.0
5362,771.0
4670,1000.0
1745,569.0
5508,415.0
3214,2483.0
1835,378.0
3456,1870.0
5807,730.0
2954,1217.0
3099,1313.0
5971,683.0
3326,3062.0
1266,2106.0
1147,592.0
3954,422.0
1664,1619.0
3891,454.0
3251,1022.0
4829,980.0
1796,801.0
446,2299.0
5592,1228.0
5494,4050.0
5858,1493.0
1933,910.0
623,167.0
3249,574.0
4348,1718.0
5308,1148.0
4213,350.0
4574,991.0
5658,984.0
4051,767.0
134,390.0
5627,1957.0
4593,164.0
4100,1094.0
2324,610.0
2176,2608.0
2789,543.0
3281,913.0
4985,537.0
4204,971.0
835,1334.0
4264,3566.0
1082,1718.0
3923,392.0
922,1603.0
3733,1199.0
323,1469.0
4340,69.0
5652,1805.0
1734,522.0
3507,280.0
3615,1353.0
4366,378.0
1159,337.0
205,986.0
621,359.0
213,1344.0
3745,347.0
972,476.0
4704,420.0
60,1952.0
1695,1899.0
3087,1374.0
2347,1018.0
4334,519.0
5218,819.0
5595,1908.0
1537,764.0
1510,2384.0
1507,1571.0
3534,2043.0
4113,256.0
1543,3462.0
2233,191.0
687,589.0
2925,2518.0
4320,574.0
1069,1209.0
3,759.0
2827,2002.0
5575,1068.0
5574,1487.0
4552,767.0
5353,824.0
1880,1640.0
4123,2647.0
3415,420.0
1066,492.0
82,1808.0
5308,409.0
5804,182.0
5046,908.0
1644,227.0
768,2451.0
4324,257.0
4255,3339.0
2812,1048.0
1306,645.0
1520,63.0
3554,1638.0
3747,1120.0
4855,985.0
1532,1599.0
1110,617.0
1960,279.0
520,418.0
4094,2952.0
4938,1990.0
3731,126.0
4606,1828.0
3027,263.0
910,738.0
5064,1380.0
142,284.0
2677,1569.0
4428,1352.0
2581,645.0
2692,1774.0
5686,2281.0
3313,3018.0
643,739.0
5946,845.0
4463,4269.0
416,1186.0
4123,1268.0
2586,1699.0
2376,649.0
2181,595.0
3967,1187.0
2708,765.0
248,2683.0
3570,376.0
5001,3797.0
766,492.0
471,824.0
4786,512.0
517,1997.0
4607,1955.0
859,723.0
1682,1442.0
4091,884.0
2028,223.0
198,1533.0
5493,505.0
5550,84.0
2737,1675.0
406,767.0
5099,725.0
3496,570.0
2815,949.0
2079,1966.0
1979,946.0
4928,368.0
751,96.0
2123,930.0
2153,1983.0
3167,3127.0
1939,925.0
5727,1222.0
5622,1639.0
136,681.0
226,1976.0
709,1751.0
5783,1264.0
104,1746.0
4456,1898.0
834,907.0
560,1867.0
3664,1305.0
1648,850.0
3775,365.0
5576,945.0
1345,829.0
1455,129.0
3537,2061.0
28,2473.0
1908,1163.0
4064,1320.0
582,4628.0
934,1289.0
408,317.0
3486,2205.0
376,1469.0
4324,954.0
4637,916.0
842,1855.0
739,2111.0
1547,974.0
5834,878.0
4077,202.0
1053,852.0
4177,838.0
2962,1474.0
3015,1244.0
5477,902.0
634,214.0
4153,727.0
250,1312.0
389,860.0
1243,1018.0
1061,1115.0
2655,1165.0
4830,133.0
613,2216.0
4439,2102.0
3203,911.0
5088,520.0
472,1047.0
5980,482.0
5783,2454.0
1333,1080.0
886,2899.0
1117,1417.0
5125,1833.0
3969,879.0
4563,376.0
2594,1177.0
1461,725.0
1884,481.0
1178,2696.0
3908,713.0
1458,845.0
1323,234.0
5009,289.0
1780,2082.0
1819,1369.0
2684,749.0
2262,804.0
4745,597.0
404,3890.0
1542,1515.0
2412,405.0
921,2223.0
2570,361.0
1682,1111.0
2274,161.0
808,1267.0
1087,679.0
1669,1720.0
3650,608.0
1996,482.0
386,653.0
1255,1975.0
695,1438.0
3779,1379.0
3999,152.0
1096,836.0
5905,1214.0
5593,931.0
2532,515.0
3741,465.0
1035,1898.0
321,1112.0
2681,622.0
4202,553.0
5420,1624.0
1054,452.0
2548,975.0
5853,1971.0
1124,882.0
4505,1152.0
2295,303.0
3956,1368.0
935,2649.0
1304,1458.0
3090,672.0
1878,2401.0
1143,101.0
4816,384.0
2235,1777.0
4083,2700.0
5945,545.0
2761,1074.0
1709,1832.0
3729,2555.0
5494,732.0
2639,2332.0
3581,3884.0
2891,992.0
5005,288.0
5963,663.0
3940,1085.0
4927,1348.0
2198,2840.0
1631,2369.0
560,244.0
3243,3533.0
3030,327.0
5304,719.0
444,98.0
276,841.0
351,1294.0
3907,1277.0
4636,1128.0
3684,1971.0
2959,4577.0
1477,2913.0
3169,2255.0
2304,5243.0
4068,2834.0
5487,1180.0
5970,639.0
646,2960.0
262,1710.0
5892,1755.0
1936,1173.0
5639,940.0
784,4994.0
3987,2852.0
4701,1360.0
3258,347.0
3946,1342.0
2242,449.0
1544,1003.0
4681,1271.0
4109,95.0
5914,1181.0
1893,1374.0
1258,57.0
5209,2744.0
2356,1607.0
4301,2301.0
1701,509.0
857,1463.0
2998,2838.0
750,128.0
2643,1718.0
4014,582.0
2979,1372.0
4940,2320.0
3581,1400.0
4059,626.0
1533,1428.0
2069,1265.0
2843,1958.0
2688,1493.0
3582,82.0
1894,3262.0
5347,213.0
998,1280.0
3335,879.0
5110,401.0
1063,376.0
2360,2270.0
551,1563.0
3814,1066.0
2862,2482.0
5595,613.0
2223,2260.0
2665,226.0
1292,985.0
3202,534.0
3067,924.0
4846,2462.0
5347,91.0
659,1881.0
1924,2308.0
2429,4223.0
247,272.0
5742,2466.0
1848,665.0
5920,364.0
5051,1324.0
1393,657.0
840,2105.0
3934,902.0
4547,1563.0
2766,999.0
4333,446.0
1522,573.0
4070,1279.0
653,924.0
2446,438.0
970,602.0
2241,891.0
3989,3026.0
1952,774.0
5193,1495.0
3967,975.0
5427,200.0
2286,1503.0
4735,163.0
170,3123.0
5103,1063.0
5749,464.0
4081,601.0
5891,741.0
4358,788.0
1186,302.0
3584,1134.0
4150,781.0
4879,686.0
365,2057.0
4114,607.0
3125,958.0
3172,2374.0
4212,2422.0
5850,2981.0
3244,932.0
1719,1277.0
3668,1952.0
1890,2419.0
2587,2373.0
1797,1011.0
4880,1270.0
5603,1714.0
1529,1608.0
1799,1435.0
3267,902.0
3562,607.0
2566,3226.0
688,3176.0
5862,890.0
5848,1206.0
1080,1212.0
4139,1961.0
1744,1643.0
4053,2332.0
252,894.0
208,566.0
4044,336.0
1899,546.0
1763,413.0
28,277.0
1416,1224.0
5292,213.0
1103,772.0
2386,1424.0
1019,1098.0
1364,382.0
4815,766.0
502,2285.0
739,852.0
5711,680.0
84,3977.0
5923,2500.0
4550,358.0
4060,244.0
4240,4047.0
464,2940.0
4857,6703.0
2610,1802.0
2507,1779.0
1576,656.0
1580,1293.0
4852,2745.0
953,2391.0
2037,990.0
3565,277.0
1463,222.0
2148,884.0
342,1347.0
3262,687.0
2851,407.0
377,2068.0
4984,3066.0
1573,1051.0
3205,717.0
3583,481.0
4375,1590.0
4389,3132.0
1068,2043.0
2669,223.0
1607,2580.0
2392,3273.0
5153,598.0
5260,891.0
500,402.0
3990,560.0
3944,1624.0
41,372.0
2692,5282.0
3288,1234.0
5958,1222.0
1523,371.0
5478,711.0
2071,511.0
2092,667.0
2820,714.0
65,2184.0
2650,54.0
3617,531.0
1557,3025.0
1941,2199.0
5351,1475.0
4759,1869.0
1545,830.0
4476,1193.0
5923,854.0
5873,879.0
1950,2846.0
5322,612.0
5911,292.0
2098,2919.0
2679,522.0
2616,774.0
5121,1081.0
1450,1415.0
883,2160.0
3051,432.0
574,2439.0
5014,1190.0
4917,1032.0
2184,860.0
3632,256.0
4694,2078.0
5248,1013.0
2567,1245.0
1082,3543.0
3557,596.0
5623,496.0
3886,768.0
523,485.0
634,980.0
5779,717.0
2763,961.0
1783,900.0
2598,1454.0
478,2599.0
2847,945.0
3532,348.0
4652,356.0
250,398.0
5330,1439.0
2335,2638.0
344,902.0
4593,615.0
847,2653.0
3949,785.0
520,1350.0
5448,638.0
1449,1618.0
3745,1315.0
4172,1222.0
1284,1624.0
2479,637.0
5391,2444.0
5066,342.0
5324,1601.0
4210,1052.0
2379,1645.0
4347,1274.0
4080,445.0
2431,1101.0
5516,1574.0
4412,524.0
5591,431.0
1770,201.0
5345,1382.0
4571,1808.0
4464,1642.0
2181,941.0
4764,1368.0
190,960.0
648,1817.0
2999,586.0
4679,767.0
3508,220.0
5162,622.0
5865,1843.0
5989,661.0
5959,1886.0
5290,1592.0
3126,827.0
2311,202.0
1208,973.0
3504,328.0
4644,864.0
5764,463.0
3491,369.0
5,823.0
4749,199.0
1904,1488.0
345,1274.0
4518,1194.0
1506,625.0
2677,1360.0
928,1684.0
5926,3209.0
5058,267.0
3312,288.0
5537,316.0
3064,1311.0
2550,470.0
4907,979.0
2778,923.0
4979,410.0
598,577.0
3423,2399.0
2665,555.0
4774,721.0
4022,1329.0
45,770.0
538,911.0
2050,850.0
2741,879.0
813,2497.0
2580,886.0
1260,823.0
4071,2610.0
1639,2038.0
3745,1493.0
5985,1092.0
4402,581.0
4953,2231.0
1431,222.0
2563,1454.0
3403,562.0
214,2803.0
185,704.0
682,498.0
5770,330.0
1484,805.0
66,366.0
4038,941.0
502,1748.0
5543,1609.0
2486,1139.0
5722,143.0
2522,289.0
5217,917.0
293,2677.0
3615,889.0
557,1016.0
1079,216.0
1719,1260.0
2245,1343.0
5843,1000.0
1861,269.0
4193,823.0
5868,533.0
4427,1866.0
4614,976.0
1510,857.0
719,1155.0
506,1372.0
1332,1964.0
1470,2043.0
1778,935.0
5090,762.0
1192,192.0
319,1198.0
1727,2802.0
4897,611.0
4974,809.0
2484,690.0
4276,297.0
5621,1185.0
606,1111.0
4753,322.0
4196,925.0
417,669.0
3280,735.0
3955,1110.0
4162,2094.0
5746,277.0
1903,638.0
4888,1544.0
649,1061.0
4128,1624.0
3685,764.0
2802,377.0
4358,1431.0
5933,3985.0
3437,275.0
1880,3838.0
2798,2721.0
3909,704.0
244,342.0
3784,618.0
1492,1116.0
4254,1996.0
3033,993.0
511,955.0
1013,2779.0
2086,1267.0
2009,785.0
1473,532.0
1897,1852.0
246,2551.0
1909,1014.0
4672,2321.0
2408,763.0
4215,1357.0
1890,3583.0
1313,636.0
220,552.0
4158,3066.0
1430,252.0
2580,1395.0
5294,3936.0
3108,1724.0
3693,157.0
3990,663.0
2201,636.0
1738,833.0
5487,882.0
1397,798.0
3594,585.0
3136,658.0
4849,1788.0
200,1683.0
3950,1484.0
1162,761.0
624,2104.0
4029,1295.0
5332,2971.0
4164,446.0
2985,920.0
591,2601.0
2431,537.0
2542,704.0
4899,984.0
5503,1320.0
5683,1232.0
4564,2177.0
4761,1107.0
5218,387.0
4216,2425.0
643,3162.0
5051,2458.0
5784,167.0
3636,2210.0
5359,2429.0
1522,1413.0
1067,455.0
4324,541.0
3417,1154.0
5937,90.0
957,525.0
3778,824.0
982,1891.0
359,298.0
4591,2618.0
5727,1623.0
5969,1032.0
5705,1072.0
1190,3726.0
150,123.0
4332,1077.0
2566,890.0
2810,1154.0
2929,701.0
3284,2867.0
3977,765.0
3090,415.0
5950,872.0
2489,3533.0
4994,705.0
433,3463.0
25,677.0
3026,1092.0
1811,843.0
4962,1216.0
372,420.0
3879,719.0
5556,1650.0
266,5669.0
4312,1454.0
4518,130.0
990,1854.0
2636,1270.0
990,2507.0
17,966.0
4647,1117.0
4190,56.0
4382,1010.0
3949,922.0
5502,476.0
3136,2129.0
2785,366.0
646,1279.0
1900,1634.0
4942,2841.0
3737,106.0
5007,1439.0
4484,1954.0
3039,716.0
5194,1229.0
942,1252.0
5195,1757.0
4136,875.0
450,426.0
4541,1095.0
3448,2355.0
1104,358.0
2097,204.0
401,756.0
872,1180.0
5523,489.0
5644,2915.0
5220,1203.0
734,502.0
5681,2956.0
1203,2294.0
4355,1225.0
911,828.0
2838,1299.0
3457,1355.0
3635,1964.0
3689,520.0
1123,2334.0
2726,1345.0
1139,1666.0
4473,1141.0
685,381.0
2627,1727.0
1635,1763.0
366,858.0
5667,1061.0
4396,2334.0
1196,666.0
2876,880.0
2295,309.0
1121,2376.0
5245,1014.0
3461,634.0
2962,1405.0
4668,226.0
1109,727.0
755,707.0
4576,1523.0
298,1713.0
3255,1063.0
5069,1609.0
4581,70.0
4195,2088.0
5724,1321.0
722,2205.0
2194,859.0
4012,929.0
3550,1334.0
5728,618.0
4168,1650.0
358,410.0
3129,223.0
5803,1055.0
5329,1802.0
1922,500.0
5342,104.0
2557,2032.0
4819,429.0
5119,570.0
1710,891.0
3593,2105.0
4020,1026.0
2501,2459.0
5767,2646.0
1727,707.0
26,957.0
3548,1582.0
1623,2113.0
4715,1283.0
5951,1117.0
4638,527.0
5163,2509.0
3963,542.0
2772,1108.0
2027,917.0
5284,411.0
3954,1104.0
4005,489.0
2045,1482.0
3889,1509.0
2412,1266.0
4830,2796.0
5243,1989.0
4483,794.0
5179,1391.0
4811,2084.0
5450,1747.0
4548,3515.0
2561,1063.0
3993,1660.0
522,633.0
5337,1352.0
4923,697.0
5607,1896.0
5806,190.0
5145,594.0
2913,770.0
2369,388.0
770,1214.0
5190,2716.0
5166,159.0
3083,785.0
3214,1356.0
672,3117.0
3387,144.0
2851,1065.0
2620,1745.0
707,1922.0
948,775.0
2413,894.0
3041,4084.0
4682,1164.0
854,653.0
2569,538.0
353,1482.0
1412,634.0
2226,528.0
3935,889.0
5842,200.0
4045,2654.0
1912,547.0
5850,1646.0
2130,1000.0
4910,1741.0
5648,742.0
2399,1030.0
4398,159.0
1695,519.0
5433,824.0
1801,470.0
5916,1460.0
5033,951.0
2273,554.0
5915,441.0
4865,396.0
1656,181.0
4405,827.0
4284,1299.0
1526,558.0
1000,252.0
3304,750.0
2059,965.0
2188,1739.0
4274,991.0
4442,336.0
1944,729.0
4616,334.0
3111,1506.0
761,856.0
1476,645.0
1323,952.0
4793,892.0
474,455.0
487,956.0
324,3691.0
1616,948.0
186,670.0
1590,353.0
5683,1118.0
1023,1617.0
1070,1337.0
2941,1683.0
5513,1215.0
4726,4195.0
448,1159.0
4840,629.0
3264,574.0
4293,648.0
2692,696.0
2526,1584.0
267,1335.0
4298,395.0
2909,2214.0
1561,2909.0
3235,1550.0
2024,2118.0
4328,1697.0
2394,1018.0
3132,2773.0
319,1554.0
2371,443.0
4380,1433.0
3266,2590.0
4021,712.0
4314,2807.0
46,439.0
263,1629.0
4328,257.0
1813,842.0
3552,2770.0
1500,2581.0
616,2973.0
4810,420.0
1513,639.0
5389,441.0
3886,1170.0
5782,503.0
5252,2473.0
425,1430.0
284,2191.0
2689,1315.0
4163,2641.0
33,5234.0
2540,667.0
4706,1278.0
351,593.0
2006,990.0
3718,1609.0
301,1363.0
1835,1875.0
2488,176.0
3164,901.0
3702,309.0
1188,181.0
1281,2876.0
1787,2423.0
1199,769.0
1818,537.0
2410,750.0
2384,229.0
4371,543.0
1280,2506.0
3303,1165.0
272,374.0
3050,1917.0
658,1248.0
5313,820.0
2868,3200.0
4931,2621.0
563,215.0
5132,262.0
1560,963.0
999,2531.0
5476,833.0
3246,351.0
3268,117.0
4493,266.0
4099,438.0
1620,2035.0
605,2698.0
81,708.0
3601,1366.0
5360,539.0
2393,431.0
1778,576.0
3022,233.0
1015,1012.0
3031,653.0
4422,1165.0
4983,897.0
2222,1523.0
5657,413.0
1863,2261.0
4334,882.0
5360,808.0
793,755.0
4787,808.0
2043,1297.0
3436,547.0
4592,663.0
2276,587.0
1424,1549.0
1725,372.0
5238,3212.0
1797,736.0
4955,1758.0
4168,615.0
3471,1148.0
909,1133.0
2469,399.0
2697,950.0
1274,2196.0
4352,1910.0
5717,1608.0
2131,417.0
4066,2021.0
2669,614.0
3613,951.0
4337,868.0
4454,4195.0
1726,411.0
382,234.0
2671,2529.0
3309,1549.0
363,794.0
3694,362.0
4258,1844.0
2102,2562.0
302,1399.0
2795,1346.0
3508,1642.0
3744,1212.0
583,3762.0
144,1456.0
5494,404.0
2806,1115.0
5697,1642.0
2610,1383.0
4148,389.0
2063,2498.0
2984,67.0
2502,695.0
2335,724.0
2211,803.0
1745,1151.0
476,722.0
3444,164.0
2776,1446.0
4704,1732.0
2502,1426.0
2848,786.0
4119,380.0
238,2104.0
741,1766.0
1052,561.0
1149,516.0
4195,1138.0
1969,932.0
3354,1612.0
881,2294.0
3088,841.0
5211,851.0
2718,1067.0
3842,823.0
5525,865.0
2395,941.0
422,1975.0
1197,828.0
2741,3129.0
1886,1595.0
4926,1564.0
2238,3743.0
2782,2074.0
2402,727.0
4476,1281.0
2473,877.0
2496,724.0
4846,1474.0
4650,381.0
2215,546.0
5243,1622.0
2522,2342.0
5363,1944.0
1510,1097.0
2418,1113.0
4428,372.0
2401,941.0
2067,1114.0
3197,1838.0
4700,1569.0
2886,2515.0
4417,1179.0
343,1531.0
648,418.0
1566,386.0
5236,1697.0
2785,1790.0
4339,1173.0
4977,3167.0
262,1468.0
1395,731.0
2208,1716.0
2277,1703.0
2302,97.0
1261,1845.0
48,1358.0
5375,178.0
5558,2175.0
115,390.0
5757,2422.0
3417,919.0
5999,1541.0
5559,1197.0
12,1530.0
2349,855.0
2481,2376.0
936,846.0
4440,1315.0
3387,1058.0
69,1501.0
5029,1161.0
5832,131.0
3617,1281.0
2906,261.0
4899,1975.0
171,113.0
2583,1153.0
2156,1476.0
4750,1038.0
4337,2825.0
5482,807.0
5136,773.0
3644,2695.0
2184,384.0
5666,799.0
5067,871.0
5690,1210.0
5557,62.0
2875,1081.0
857,1554.0
5500,483.0
4524,798.0
977,707.0
3199,1481.0
3747,732.0
5972,919.0
4854,1488.0
2488,531.0
2940,1143.0
3795,2295.0
4083,196.0
93,2404.0
4025,838.0
3663,1501.0
3230,1209.0
1008,559.0
2001,899.0
5154,434.0
1106,359.0
2091,481.0
877,230.0
376,875.0
3059,3708.0
4670,391.0
5334,619.0
1857,308.0
1354,940.0
868,4925.0
2501,1449.0
798,1824.0
1837,893.0
1850,1404.0
3184,1163.0
5601,1107.0
5591,1608.0
884,540.0
1623,2471.0
781,953.0
2669,2920.0
2774,143.0
1469,3346.0
2345,34.0
1154,1218.0
2740,803.0
5352,1485.0
4566,4972.0
3168,928.0
3456,58.0
1575,606.0
2222,588.0
5432,857.0
4135,1848.0
198,342.0
5470,551.0
2923,542.0
2285,712.0
5147,1988.0
1355,507.0
4782,1749.0
1277,209.0
2305,1036.0
917,368.0
1022,418.0
2609,568.0
2732,1260.0
1589,527.0
2738,1408.0
5562,1542.0
3817,2392.0
5141,537.0
5762,691.0
1503,925.0
5812,1668.0
852,2383.0
752,2781.0
2461,2122.0
58,1870.0
4306,651.0
5622,923.0
762,593.0
3653,1688.0
4412,1918.0
4659,481.0
2336,693.0
1311,670.0
3229,292.0
3792,2184.0
3738,1137.0
5035,1439.0
3093,2974.0
356,3016.0
5973,697.0
5581,858.0
4488,1079.0
5367,242.0
946,1326.0
563,1500.0
5207,1897.0
4811,1556.0
4823,433.0
1132,2989.0
1556,275.0
5553,1801.0
4980,936.0
4788,1710.0
3603,2001.0
3963,348.0
2115,3253.0
3202,330.0
5414,1592.0
1832,951.0
1405,1084.0
3105,1052.0
3628,3220.0
3771,2339.0
2057,2564.0
793,1399.0
1932,698.0
3841,2251.0
5356,786.0
3292,235.0
4510,976.0
496,592.0
1312,369.0
1158,315.0
5204,334.0
3279,424.0
1171,104.0
3048,2563.0
4057,876.0
5688,666.0
2864,605.0
2335,1090.0
24,332.0
2242,179.0
3061,1232.0
487,2172.0
647,1140.0
114,691.0
3195,1526.0
5327,1501.0
4592,1352.0
2244,1025.0
4525,1704.0
2838,665.0
4072,65.0
3905,784.0
169,1108.0
997,523.0
2158,1299.0
3964,235.0
480,950.0
3484,1625.0
3216,2672.0
657,1598.0
303,1192.0
2668,1544.0
1201,744.0
314,1546.0
1624,1122.0
2069,1175.0
1799,523.0
4108,4369.0
2906,1040.0
2429,2996.0
5057,337.0
2847,640.0
3619,609.0
1541,1717.0
5168,756.0
3874,657.0
2421,775.0
5277,799.0
3902,1916.0
5021,2959.0
4674,1106.0
2670,713.0
2297,518.0
5941,2481.0
4347,518.0
2957,2423.0
3492,579.0
318,1505.0
934,801.0
4649,130.0
32,801.0
2468,358.0
2452,1439.0
1445,1776.0
942,1283.0
3405,1124.0
4546,87.0
35,980.0
2200,925.0
1839,702.0
836,288.0
3329,1916.0
3926,569.0
370,3949.0
3490,1612.0
4525,855.0
5495,1454.0
2205,974.0
1708,1585.0
2324,1628.0
5770,384.0
1506,2546.0
4850,516.0
2001,1789.0
66,1390.0
3433,1862.0
5413,1556.0
886,2663.0
2927,1048.0
5830,805.0
3835,652.0
3340,478.0
1721,235.0
770,220.0
3487,1157.0
2747,2519.0
2664,1065.0
1489,1659.0
1068,1845.0
2037,322.0
4713,3059.0
4768,431.0
5941,564.0
5727,285.0
2223,1254.0
5915,337.0
5427,1101.0
2222,1612.0
5887,1539.0
3464,1640.0
1764,3539.0
4363,1664.0
4063,1601.0
1032,423.0
2494,2687.0
5133,1029.0
5514,779.0
671,1159.0
3152,696.0
3701,137.0
387,410.0
236,372.0
4906,943.0
3723,808.0
2112,1087.0
5720,1160.0
1581,670.0
1624,2442.0
3733,384.0
1983,439.0
5688,373.0
2701,1866.0
5394,290.0
745,980.0
1731,667.0
5369,529.0
3750,817.0
5336,981.0
4509,583.0
5878,636.0
812,3358.0
1464,264.0
4984,1947.0
956,289.0
980,1221.0
3266,912.0
4441,1061.0
5202,1725.0
5264,452.0
877,1533.0
113,151.0
807,1221.0
1384,2063.0
5710,444.0
3744,2245.0
1611,580.0
5691,956.0
3972,1234.0
4401,372.0
4311,1074.0
237,3604.0
2727,790.0
2877,311.0
3512,652.0
5544,287.0
786,3625.0
5614,310.0
1440,1760.0
5606,149.0
2920,1476.0
145,897.0
2679,1896.0
1885,3439.0
5024,1519.0
1805,2008.0
2304,827.0
1713,2227.0
1691,382.0
5537,2368.0
2690,588.0
1193,2683.0
5371,704.0
4609,925.0
1625,1582.0
461,612.0
788,105.0
5290,3146.0
1691,1077.0
3857,3481.0
1935,811.0
3012,1252.0
22,858.0
2595,1617.0
3165,549.0
3240,372.0
4470,779.0
5088,2394.0
1949,1907.0
3999,712.0
1727,1901.0
2245,407.0
1682,1258.0
2013,1734.0
1583,316.0
3512,1206.0
2315,959.0
2621,1630.0
4855,1148.0
5735,829.0
5775,1037.0
3597,390.0
458,811.0
5997,1310.0
543,873.0
4717,672.0
2750,484.0
3527,1128.0
2431,983.0
5839,1406.0
3567,653.0
4769,958.0
261,3482.0
5332,492.0
401,1206.0
3776,1609.0
3655,1213.0
5997,363.0
1246,735.0
4159,610.0
4438,172.0
1315,185.0
4069,1534.0
5549,548.0
1093,870.0
4077,740.0
4177,2084.0
5025,483.0
3295,971.0
627,1891.0
4590,3088.0
3722,2090.0
5123,463.0
2157,549.0
293,1189.0
5756,2317.0
1483,1525.0
1140,1021.0
2133,2088.0
2799,446.0
3247,480.0
1000,420.0
3949,1248.0
1860,415.0
2778,1446.0
4223,1741.0
2258,1415.0
3335,1615.0
2560,1388.0
1524,1658.0
5916,1363.0
3436,497.0
2547,1050.0
254,998.0
3647,1511.0
372,524.0
1204,1904.0
945,3748.0
4442,554.0
647,260.0
1089,2451.0
2556,3177.0
5437,989.0
4695,980.0
4804,1341.0
4273,578.0
5630,290.0
3090,245.0
3870,1640.0
2297,655.0
732,1426.0
3477,1095.0
5867,380.0
5951,1565.0
2985,2004.0
1313,518.0
1711,945.0
2877,328.0
2987,1617.0
3924,163.0
3630,415.0
4468,3140.0
4473,177.0
4280,1707.0
3843,508.0
3830,1760.0
1043,76.0
1427,353.0
3492,690.0
3947,1154.0
3459,768.0
2573,1366.0
3559,1501.0
5166,695.0
3190,429.0
534,461.0
2483,1028.0
2977,673.0
2482,1401.0
3435,2543.0
5078,602.0
731,1716.0
3361,454.0
713,1551.0
388,746.0
4021,1409.0
4656,2592.0
279,1670.0
3298,1821.0
3109,824.0
1948,1305.0
5509,1127.0
2431,1534.0
5877,1219.0
2702,1016.0
4222,567.0
2921,235.0
330,1369.0
5994,1953.0
5416,1026.0
4428,447.0
1446,471.0
5902,1791.0
3755,504.0
4915,507.0
2870,678.0
4259,887.0
1287,1181.0
1107,2674.0
2791,1004.0
1867,2048.0
4437,888.0
1757,784.0
5771,517.0
1330,2086.0
2172,1057.0
4445,754.0
3030,2292.0
3622,1765.0
663,996.0
144,580.0
4974,1179.0
3685,336.0
2609,1434.0
873,1497.0
3962,2222.0
3192,683.0
5851,1023.0
2440,213.0
3803,1669.0
3608,1964.0
3394,2651.0
210,572.0
5168,1070.0
68,466.0
36,1061.0
1295,1369.0
3382,1598.0
3896,1017.0
2382,398.0
1959,814.0
4896,937.0
4437,1173.0
685,1133.0
4544,621.0
2160,511.0
4540,733.0
3816,4667.0
148,1852.0
504,2146.0
785,916.0
151,514.0
2750,1107.0
534,2067.0
1850,1814.0
258,646.0
5811,1129.0
4358,3225.0
4212,473.0
1282,1705.0
3126,564.0
3346,992.0
701,1169.0
3274,1358.0
5500,679.0
1476,1105.0
3153,1744.0
195,1681.0
874,436.0
614,457.0
5718,1393.0
4143,391.0
96,950.0
5763,513.0
1908,2405.0
4894,461.0
2364,423.0
5871,535.0
2656,1302.0
5615,1495.0
1040,1386.0
3761,461.0
3811,2743.0
4048,327.0
1039,574.0
3620,739.0
2769,180.0
2567,1123.0
2065,502.0
3108,1066.0
3717,800.0
3481,979.0
1957,738.0
414,679.0
5782,937.0
2151,1736.0
2483,1191.0
1170,770.0
2263,1178.0
5492,472.0
1537,1531.0
4320,1532.0
1703,446.0
3786,657.0
2240,546.0
4981,651.0
1872,1674.0
3724,1525.0
629,871.0
2490,3857.0
591,409.0
4940,1802.0
4200,3038.0
4602,1341.0
3497,411.0
4389,1061.0
5224,635.0
626,629.0
3853,227.0
5384,654.0
3140,728.0
271,815.0
1257,1730.0
4515,665.0
2134,786.0
5439,1012.0
2904,979.0
4347,251.0
2853,1168.0
4772,961.0
4142,378.0
3776,831.0
363,1124.0
26,1323.0
5831,603.0
4818,539.0
3806,355.0
4953,3060.0
4503,1280.0
3430,1484.0
644,149.0
1689,1556.0
3636,1440.0
1801,1422.0
1198,1040.0
3618,1675.0
3931,1806.0
4333,1018.0
2630,106.0
2412,823.0
3001,977.0
2134,1173.0
8,945.0
487,3690.0
4161,401.0
3970,735.0
5531,517.0
5797,1017.0
4761,1304.0
3139,160.0
4224,2264.0
3645,2052.0
5806,340.0
2658,1449.0
4434,274.0
881,373.0
3915,386.0
3277,508.0
4790,1796.0
3564,1835.0
947,783.0
1364,808.0
1219,1847.0
5914,1949.0
3721,2154.0
3567,1046.0
1267,465.0
1987,688.0
410,1209.0
3184,415.0
2619,758.0
4537,613.0
2867,2245.0
2313,174.0
294,2274.0
2515,3898.0
4114,595.0
4133,413.0
3386,1262.0
5017,318.0
941,1206.0
4910,1515.0
3113,1098.0
3817,826.0
5390,169.0
4576,351.0
856,533.0
1562,1378.0
4509,993.0
507,1022.0
4078,804.0
1501,432.0
2288,305.0
953,1069.0
5564,51.0
4946,1339.0
4255,1656.0
541,1279.0
1706,450.0
1764,2024.0
3591,473.0
2598,962.0
4607,532.0
475,2762.0
4908,621.0
924,350.0
916,388.0
3303,636.0
845,1954.0
4133,2479.0
4597,1412.0
5609,1805.0
2157,941.0
37,151.0
3896,1796.0
506,2739.0
2053,1667.0
2775,1762.0
5210,1236.0
639,1067.0
3507,1088.0
4412,291.0
1352,2751.0
2596,2102.0
919,1073.0
4078,353.0
3137,2913.0
5276,1087.0
3449,760.0
449,995.0
1214,1578.0
4587,850.0
1958,932.0
4011,2492.0
4707,222.0
1193,689.0
5582,1685.0
1974,447.0
966,1143.0
5743,186.0
973,597.0
3797,1697.0
2606,1394.0
1436,1286.0
663,324.0
1049,340.0
4299,1495.0
5779,1412.0
2835,2096.0
5623,1157.0
5742,248.0
2461,956.0
579,214.0
5050,1013.0
2914,942.0
3427,757.0
1071,3481.0
2812,1296.0
336,75.0
4558,403.0
3132,747.0
2959,1346.0
4862,487.0
5976,1083.0
5421,2087.0
5047,1904.0
3957,813.0
5718,1272.0
2014,517.0
2269,1082.0
4878,1211.0
1476,1192.0
4703,2452.0
1421,2034.0
5295,1613.0
2414,2679.0
635,945.0
5792,696.0
1243,958.0
2034,1007.0
3787,1047.0
2546,2429.0
5005,1774.0
1310,540.0
4200,729.0
5646,3856.0
5146,247.0
3644,876.0
3634,630.0
2831,1723.0
2494,589.0
5849,171.0
5165,767.0
4446,792.0
3458,1303.0
5035,245.0
4472,1132.0
501,131.0
4336,364.0
3676,348.0
3098,1453.0
2943,999.0
252,1365.0
4339,808.0
4975,1093.0
4184,980.0
3063,889.0
2881,104.0
5366,1524.0
3659,1163.0
5828,1550.0
4480,146.0
1545,538.0
3049,184.0
2803,474.0
4840,3928.0
4886,3399.0
2766,2195.0
2993,620.0
4264,871.0
1991,558.0
1139,2146.0
5995,1113.0
3135,1018.0
1399,2153.0
1347,450.0
5563,2410.0
142,2082.0
5189,705.0
5290,156.0
5142,1108.0
5593,237.0
2406,2161.0
3732,1647.0
2272,579.0
2183,77.0
1317,456.0
4311,999.0
210,2487.0
4811,923.0
5633,660.0
4096,821.0
5164,824.0
1500,1139.0
723,889.0
2663,684.0
5328,791.0
4329,3411.0
4861,494.0
3019,449.0
5090,682.0
658,1002.0
2963,1404.0
423,974.0
2760,1483.0
4780,2381.0
3199,576.0
5238,929.0
3165,215.0
3355,1738.0
5470,613.0
2542,1375.0
2740,2617.0
507,1013.0
3687,1433.0
5208,1799.0
2067,1055.0
4088,576.0
1734,1164.0
3413,1993.0
2530,175.0
1253,1261.0
5262,1579.0
1409,822.0
1978,729.0
4018,3801.0
654,2230.0
2211,1347.0
1182,411.0
4073,3369.0
2294,2066.0
2553,1169.0
3941,1486.0
2698,1746.0
4007,2156.0
827,1210.0
2683,989.0
2632,762.0
4553,1943.0
3581,2436.0
5543,1154.0
5235,727.0
681,1056.0
3673,592.0
1884,1269.0
888,1033.0
328,1405.0
4819,2134.0
5172,482.0
3723,998.0
5856,1020.0
2298,378.0
2268,488.0
2076,3018.0
5772,1138.0
4247,1017.0
3462,157.0
3650,1298.0
3155,1294.0
4277,1631.0
5472,1000.0
3047,1255.0
4251,2583.0
3690,916.0
2252,4410.0
3246,975.0
4247,933.0
5037,728.0
2388,1801.0
1846,796.0
1099,335.0
3999,1527.0
5777,548.0
3170,1543.0
197,2559.0
4373,486.0
35,892.0
3164,237.0
2067,293.0
2678,2547.0
1973,771.0
2397,2372.0
369,168.0
2526,215.0
3812,887.0
4366,424.0
1989,1196.0
4036,44.0
659,949.0
2383,807.0
1547,33.0
1316,1660.0
4485,2170.0
5091,1647.0
1264,1579.0
545,239.0
4551,1137.0
802,2003.0
5255,1697.0
3090,130.0
2286,239.0
3054,1579.0
2549,607.0
677,1333.0
1065,1625.0
5815,836.0
2449,2147.0
2533,848.0
3892,1222.0
5345,663.0
2777,1224.0
743,111.0
1352,280.0
318,1879.0
3613,479.0
4153,317.0
259,313.0
4452,1341.0
4639,582.0
4640,2216.0
2945,1445.0
4851,1077.0
5480,4283.0
3542,1147.0
318,1335.0
4755,2245.0
2516,1364.0
1592,1214.0
4730,691.0
649,1648.0
2032,995.0
5704,649.0
4102,766.0
5887,1718.0
4260,647.0
2596,469.0
22,216.0
483,2108.0
2922,1273.0
4813,997.0
5813,1293.0
1489,994.0
4142,245.0
1698,954.0
2677,2062.0
3791,156.0
3582,871.0
3526,480.0
4485,915.0
5149,2982.0
2938,2128.0
5359,2114.0
5324,1144.0
2168,845.0
1163,943.0
3342,169.0
5974,327.0
3568,2369.0
1836,253.0
563,310.0
1695,1117.0
2963,536.0
1061,875.0
4978,984.0
2348,688.0
5738,1132.0
2060,905.0
878,681.0
4940,1290.0
3992,694.0
4530,1491.0
5368,1427.0
2513,839.0
3200,829.0
4154,1339.0
5147,1173.0
1756,3658.0
5062,2129.0
2372,1217.0
4252,808.0
5538,1173.0
3137,601.0
5039,633.0
4953,1039.0
5933,1018.0
285,828.0
2008,1166.0
955,533.0
4864,1411.0
2549,1664.0
4931,548.0
1333,1605.0
4983,541.0
63,1046.0
3938,238.0
1857,872.0
1248,1482.0
2475,2348.0
1267,1281.0
5093,687.0
4500,151.0
3636,1507.0
271,797.0
625,667.0
1511,2160.0
4258,991.0
478,1942.0
4309,801.0
1172,1508.0
667,1465.0
4177,1038.0
3297,572.0
4747,897.0
3819,283.0
776,3404.0
3499,109.0
3554,461.0
1638,2611.0
5431,1320.0
1788,352.0
33,651.0
5963,2824.0
3365,591.0
1631,528.0
3704,896.0
3440,665.0
5635,811.0
1508,1395.0
3819,1241.0
5878,820.0
2588,566.0
5895,583.0
2346,1946.0
2433,895.0
4319,886.0
3511,510.0
696,2325.0
266,743.0
3889,437.0
1215,1168.0
3956,2026.0
2234,285.0
2624,558.0
3818,377.0
2257,1259.0
306,835.0
4105,393.0
1480,1393.0
3812,606.0
1154,1072.0
3898,756.0
687,288.0
5757,1424.0
1311,1441.0
1174,806.0
1524,2509.0
4916,920.0
2215,190.0
222,229.0
4202,1707.0
2168,124.0
1278,464.0
266,1133.0
133,1249.0
2390,1157.0
4518,3530.0
527,873.0
4327,1540.0
1779,935.0
5525,2208.0
4585,2081.0
3288,1946.0
4270,444.0
494,2662.0
4505,2455.0
4064,1563.0
3715,1799.0
3238,1378.0
1774,1258.0
735,1941.0
1155,304.0
860,487.0
2221,3067.0
2476,392.0
4153,1487.0
1569,1127.0
3039,1614.0
175,336.0
3192,856.0
2947,797.0
4295,863.0
4249,358.0
3656,2007.0
2381,596.0
5734,1044.0
5446,1159.0
2422,157.0
781,1231.0
1365,1265.0
5143,402.0
4259,435.0
2542,3827.0
1148,1066.0
5081,1021.0
3666,535.0
3997,2092.0
4945,629.0
5516,299.0
2655,727.0
1002,607.0
103,1629.0
3585,1836.0
1697,588.0
554,1515.0
4754,1869.0
4255,294.0
5959,636.0
1639,2250.0
5268,1390.0
4501,1044.0
3707,458.0
3523,796.0
1146,1963.0
5933,773.0
4906,789.0
483,520.0
3735,912.0
4692,3290.0
884,1423.0
2412,304.0
4736,2564.0
3212,4455.0
3383,1266.0
3758,1822.0
512,273.0
2536,1364.0
4885,624.0
1525,409.0
2756,247.0
2491,487.0
288,289.0
442,1351.0
1047,457.0
1434,472.0
2969,3456.0
878,609.0
5021,2298.0
3295,1155.0
1253,1987.0
2117,1005.0
3793,502.0
3202,1934.0
2514,847.0
3225,657.0
5834,74.0
106,1701.0
367,1061.0
2250,1313.0
3587,717.0
3474,1364.0
3027,802.0
380,1371.0
1162,664.0
5744,2530.0
5691,3184.0
2680,986.0
1661,1913.0
5807,580.0
5107,1171.0
995,309.0
4964,1664.0
4309,468.0
4206,559.0
5313,1383.0
2405,216.0
2937,1669.0
2143,414.0
5673,1997.0
2928,275.0
5750,936.0
4971,752.0
4267,271.0
4709,1508.0
1613,1052.0
1627,918.0
3458,1128.0
499,709.0
4985,1103.0
5758,860.0
5669,920.0
2802,873.0
2763,887.0
4372,1207.0
1584,3770.0
5519,1518.0
2196,651.0
2179,495.0
2932,1050.0
1177,1856.0
2632,1872.0
1792,715.0
1292,1257.0
1485,1071.0
1587,872.0
70,2042.0
4764,1428.0
5220,367.0
3506,344.0
3564,399.0
5444,159.0
3654,1315.0
5835,675.0
2510,935.0
3922,714.0
1956,2100.0
5073,1482.0
3998,977.0
132,513.0
3829,680.0
403,656.0
2090,823.0
377,438.0
3677,1068.0
2275,2415.0
3075,1032.0
2080,1825.0
1750,294.0
1742,1334.0
1525,988.0
1304,187.0
670,1077.0
670,2017.0
3157,850.0
1139,242.0
350,1296.0
2634,2409.0
2169,119.0
5915,564.0
3503,1330.0
1055,3569.0
1962,4608.0
1783,266.0
4218,1623.0
2296,3163.0
4365,273.0
4374,1036.0
655,2429.0
3092,435.0
3932,763.0
2833,1809.0
2235,128.0
4767,630.0
5334,1712.0
322,763.0
2118,698.0
1086,1702.0
3410,1088.0
654,428.0
3641,687.0
1325,306.0
1238,1649.0
512,684.0
956,210.0
647,933.0
493,468.0
4495,1357.0
1370,935.0
581,2159.0
5767,709.0
4195,583.0
4125,458.0
4816,1329.0
1306,3154.0
5181,134.0
3535,716.0
684,3158.0
3684,1020.0
5671,288.0
651,1596.0
3827,1182.0
3944,1247.0
1929,2206.0
4489,195.0
4608,1494.0
1956,962.0
1938,653.0
3739,1432.0
4328,1138.0
5550,739.0
5284,1006.0
1097,1000.0
803,2732.0
3661,240.0
2491,2401.0
367,1464.0
3799,693.0
652,956.0
1958,1056.0
584,936.0
2534,859.0
5233,2563.0
1874,1889.0
502,960.0
4743,2403.0
1578,2341.0
2230,2090.0
2599,985.0
2551,2264.0
3818,422.0
2471,135.0
5235,2748.0
589,509.0
2193,667.0
1193,1383.0
325,2716.0
3755,1567.0
3687,276.0
4620,293.0
1118,301.0
1744,2939.0
4255,688.0
4577,157.0
2419,1426.0
1853,303.0
3605,2383.0
1991,1124.0
407,921.0
1023,100.0
5282,447.0
3362,290.0
1804,730.0
1976,1633.0
5416,454.0
3837,1173.0
3432,620.0
5182,872.0
2551,1321.0
3447,627.0
5014,672.0
4796,281.0
3324,547.0
639,1292.0
962,1010.0
187,4187.0
3826,904.0
5181,1664.0
3690,1098.0
2036,1271.0
2405,1796.0
3126,1207.0
644,1212.0
878,1330.0
4337,1243.0
1295,1304.0
4460,817.0
5368,3349.0
2079,2948.0
4041,441.0
3556,318.0
3008,798.0
5689,676.0
2026,305.0
2232,1100.0
4136,1901.0
4716,567.0
4127,1179.0
5097,1647.0
2760,150.0
5495,1536.0
171,392.0
1265,875.0
398,671.0
429,577.0
2401,870.0
4800,699.0
3125,53.0
4649,612.0
943,3631.0
2241,1682.0
607,1612.0
1713,735.0
680,1310.0
3361,1235.0
5665,686.0
3684,2743.0
1829,1358.0
2915,1147.0
4386,2100.0
4513,981.0
2283,460.0
2668,218.0
2272,645.0
4475,1756.0
5033,1511.0
3796,497.0
3673,1027.0
5143,623.0
3412,434.0
3567,2107.0
4879,275.0
611,1666.0
2743,2070.0
1597,1711.0
376,1809.0
1967,1188.0
3239,477.0
4041,729.0
19,1753.0
2938,2304.0
4919,1678.0
1634,1584.0
5468,665.0
4206,1920.0
1456,2813.0
1525,2012.0
92,818.0
2521,1883.0
1941,585.0
4801,396.0
5028,1277.0
5770,1699.0
1794,762.0
24,823.0
4431,350.0
2835,1178.0
3463,1546.0
594,562.0
4757,1181.0
3785,2336.0
2444,901.0
4614,783.0
1336,871.0
4476,341.0
4423,492.0
4532,108.0
5414,342.0
4123,1476.0
16,1164.0
3930,1266.0
3977,2705.0
5559,1689.0
4532,367.0
1839,1072.0
2193,697.0
4858,2227.0
4953,1409.0
5036,894.0
2475,446.0
1509,1008.0
2790,623.0
3072,737.0
4028,1344.0
4216,1979.0
4461,495.0
1050,1010.0
5841,157.0
1818,354.0
4696,667.0
1448,1627.0
2680,1512.0
2324,1653.0
4113,168.0
196,1049.0
5020,1772.0
3516,950.0
5544,442.0
3506,1291.0
2031,581.0
3881,463.0
5241,728.0
1955,1680.0
49,1578.0
382,766.0
2330,795.0
5046,991.0
5173,2724.0
1917,2388.0
4137,1119.0
2335,178.0
5659,2251.0
4213,2572.0
2661,533.0
3877,1007.0
1840,2703.0
3733,217.0
3240,885.0
5426,880.0
1085,362.0
2620,1950.0
1339,1137.0
362,3319.0
1311,194.0
1875,2759.0
5108,525.0
646,1519.0
1803,869.0
4933,1094.0
5750,404.0
3942,1289.0
802,1509.0
5581,661.0
4987,1414.0
5500,729.0
3404,1284.0
5384,567.0
4261,171.0
4151,99.0
5048,1091.0
5617,1980.0
4149,1051.0
3711,2363.0
789,445.0
3846,932.0
4962,1940.0
4625,1594.0
1791,829.0
3609,579.0
3493,2199.0
1414,757.0
340,1540.0
4213,397.0
315,1320.0
1654,695.0
3077,877.0
1684,1141.0
2877,1330.0
5672,3630.0
2534,925.0
5224,1023.0
19,1279.0
1502,997.0
5030,439.0
656,774.0
4623,115.0
4399,449.0
3559,64.0
2563,1047.0
73,867.0
5691,764.0
5107,485.0
3290,1149.0
1960,1499.0
4251,1152.0
315,1783.0
3200,1965.0
2950,2364.0
1553,1454.0
3556,1420.0
2227,2084.0
4602,848.0
865,280.0
53,2514.0
3368,574.0
1937,977.0
4809,1129.0
4703,1957.0
3124,1260.0
4132,997.0
5164,1955.0
4161,1167.0
3536,1281.0
2040,2035.0
2164,446.0
5343,1140.0
5956,886.0
4283,141.0
3158,968.0
1276,1668.0
5132,1547.0
321,1274.0
89,2278.0
3964,633.0
3459,2382.0
2614,613.0
22,340.0
3296,955.0
632,2621.0
3579,810.0
5788,149.0
5342,2198.0
3729,858.0
431,247.0
5858,1168.0
5398,2371.0
4770,842.0
1750,922.0
3087,1528.0
5016,923.0
3669,1133.0
2876,296.0
4098,2436.0
2755,982.0
3149,678.0
362,468.0
5904,1683.0
509,661.0
4662,802.0
5589,1298.0
3659,1186.0
5150,1535.0
1349,631.0
3358,1785.0
3019,483.0
645,2183.0
1601,611.0
1335,1549.0
5621,1653.0
5469,1196.0
1051,1032.0
2115,1260.0
3991,1112.0
1612,1342.0
5704,1314.0
4774,1413.0
3443,2237.0
4105,1024.0
386,423.0
3964,2490.0
214,1719.0
4509,529.0
4104,564.0
1084,2195.0
2040,905.0
4321,871.0
5506,598.0
5570,1556.0
3094,718.0
2989,2073.0
90,1657.0
932,1981.0
2971,291.0
5799,627.0
4258,1268.0
3055,454.0
131,2020.0
3158,824.0
4516,1892.0
5762,1515.0
5140,3016.0
3465,1501.0
3136,39.0
1689,578.0
3100,2432.0
798,2179.0
2012,1093.0
660,1900.0
4923,1045.0
4038,1513.0
442,316.0
3483,695.0
2750,646.0
5746,124.0
3772,1876.0
3000,1887.0
5708,1314.0
767,860.0
1675,318.0
5597,702.0
4044,403.0
2149,695.0
1410,2426.0
370,308.0
3571,2206.0
3483,1120.0
489,753.0
2853,853.0
1134,260.0
41,708.0
786,237.0
2187,306.0
3198,1208.0
1419,1027.0
1724,2313.0
872,2691.0
5191,1482.0
5376,635.0
969,1599.0
3032,832.0
4212,1600.0
4986,756.0
3882,800.0
4406,610.0
3971,602.0
5407,1062.0
847,356.0
1996,2345.0
2042,673.0
5703,1516.0
4970,459.0
757,459.0
3812,744.0
3039,1768.0
1830,2467.0
2871,179.0
3585,1859.0
4760,1392.0
3020,1249.0
1405,725.0
3334,1443.0
2968,288.0
5725,3790.0
1888,1740.0
1881,1616.0
2612,756.0
2550,2897.0
1259,42.0
5899,965.0
2877,952.0
1707,506.0
5178,542.0
5550,497.0
5408,597.0
2189,1830.0
5804,517.0
5944,255.0
5292,239.0
45,699.0
5341,220.0
578,1906.0
28,656.0
4347,513.0
76,1448.0
4814,879.0
4960,1077.0
5884,418.0
109,427.0
2096,1255.0
5996,476.0
3071,3204.0
3197,1013.0
5331,1739.0
3839,1113.0
784,1433.0
1,1207.0
771,1640.0
1390,700.0
4464,3892.0
1269,447.0
5733,862.0
4897,1108.0
3080,508.0
5254,1102.0
3399,1173.0
2276,2887.0
1074,2082.0
936,612.0
1160,467.0
88,1659.0
1146,752.0
3270,4179.0
2768,490.0
2608,624.0
2566,2693.0
3111,267.0
5549,534.0
4664,1749.0
5487,1558.0
4192,969.0
1996,1729.0
2700,1475.0
5608,124.0
2953,228.0
527,875.0
798,2470.0
970,1623.0
943,1730.0
4825,306.0
3277,1425.0
1379,865.0
2885,267.0
761,225.0
472,434.0
3369,627.0
3131,3230.0
4676,3210.0
2343,745.0
133,1832.0
520,445.0
5679,440.0
1354,334.0
4598,843.0
2309,554.0
1124,670.0
2642,287.0
1114,869.0
1384,2818.0
5364,1980.0
5390,2031.0
3361,258.0
4478,1910.0
5183,1314.0
1019,1674.0
3417,549.0
5701,472.0
1301,1227.0
5045,1756.0
3002,424.0
839,596.0
4562,1242.0
377,794.0
4510,334.0
1462,1481.0
790,1095.0
2756,880.0
332,1630.0
859,1147.0
3111,266.0
1501,674.0
1524,228.0
1547,1633.0
2990,510.0
3925,1165.0
5456,870.0
3138,1107.0
2649,2259.0
437,683.0
3097,793.0
4764,519.0
1854,2876.0
2388,2104.0
1055,2076.0
1499,1421.0
4245,3730.0
5941,1483.0
3171,2999.0
4768,117.0
4607,992.0
1579,2179.0
2474,132.0
5020,1477.0
4951,2323.0
2364,1429.0
909,1077.0
4853,1910.0
5834,2008.0
5013,3315.0
4246,640.0
4936,1083.0
1299,336.0
1531,2183.0
1230,1589.0
2177,1082.0
4079,2685.0
3201,545.0
5038,711.0
3596,560.0
2966,399.0
3746,997.0
5293,961.0
5968,640.0
4392,680.0
1609,1302.0
4653,710.0
2501,1490.0
3851,312.0
117,1130.0
2733,4496.0
219,969.0
949,390.0
912,2572.0
1927,557.0
5967,1398.0
946,1470.0
4838,329.0
4661,2243.0
1928,920.0
5151,519.0
124,1329.0
5029,484.0
1319,933.0
3623,474.0
4142,467.0
1746,1620.0
2767,405.0
1940,918.0
2090,2356.0
5961,1139.0
595,4486.0
1058,928.0
2562,1270.0
4386,236.0
698,654.0
3293,540.0
1069,1533.0
1395,585.0
1960,1137.0
2219,760.0
3992,1016.0
2047,2113.0
5081,2093.0
2590,1749.0
5675,1753.0
2935,824.0
2186,2125.0
458,1498.0
3106,4879.0
2654,152.0
4638,989.0
1090,1906.0
2575,2235.0
5810,1558.0
3465,1392.0
1865,1861.0
4480,967.0
5047,626.0
4544,696.0
5462,1231.0
3278,2153.0
3388,585.0
3028,1687.0
2319,596.0
4310,292.0
2793,619.0
1138,171.0
9,2301.0
3351,4525.0
2004,2834.0
5831,667.0
295,765.0
5524,64.0
5534,3761.0
1210,1771.0
2556,901.0
2198,625.0
1700,420.0
5565,193.0
2620,1308.0
1895,1133.0
5356,1191.0
3026,1943.0
2213,396.0
5251,1994.0
3458,425.0
2802,2486.0
1887,726.0
4166,241.0
536,821.0
4312,808.0
1060,468.0
3766,1254.0
1497,791.0
4813,1047.0
4227,789.0
2715,832.0
1823,1563.0
2318,737.0
2535,936.0
5550,1503.0
3655,2942.0
3376,1156.0
1760,1135.0
4725,211.0
4534,1148.0
2643,1280.0
3160,2299.0
3289,2325.0
3156,420.0
902,251.0
267,2029.0
5703,1720.0
893,733.0
4200,32.0
2115,2528.0
4176,2274.0
1464,1616.0
4287,403.0
2489,1985.0
3513,1914.0
4961,1340.0
857,814.0
3492,3330.0
5496,1022.0
3245,662.0
449,1995.0
628,555.0
1185,1239.0
3851,237.0
1716,991.0
3720,2435.0
4333,303.0
3703,1016.0
5252,1249.0
657,512.0
744,1758.0
3404,582.0
2057,881.0
4058,422.0
4710,1524.0
508,134.0
444,1875.0
3714,667.0
3947,2572.0
2700,1708.0
4462,258.0
2273,1028.0
3509,475.0
5854,3190.0
2075,1783.0
2807,2157.0
803,688.0
2579,1527.0
2560,1537.0
5084,651.0
2992,1010.0
1589,1264.0
5332,2766.0
506,2355.0
3827,1989.0
4970,2764.0
865,873.0
4861,1001.0
1974,930.0
3067,1620.0
4860,2337.0
5622,1084.0
780,788.0
3591,1626.0
4887,1155.0
3250,1020.0
5169,221.0
1226,1174.0
1362,868.0
328,724.0
691,672.0
1021,534.0
578,664.0
1432,2965.0
3989,108.0
3614,970.0
4381,3208.0
1885,1072.0
1264,911.0
981,1756.0
5696,934.0
4380,3087.0
2208,918.0
5770,1494.0
2698,1302.0
3103,1521.0
2148,4332.0
505,1267.0
4459,589.0
1832,1288.0
3034,2250.0
391,409.0
653,1129.0
5918,1327.0
2240,263.0
2105,562.0
1995,232.0
4058,450.0
2855,1083.0
4429,2368.0
2894,1690.0
4727,448.0
5411,929.0
1784,1387.0
151,467.0
1997,1050.0
5577,751.0
3074,2061.0
1212,233.0
654,158.0
2205,2618.0
3165,2152.0
1717,807.0
1076,283.0
3089,756.0
4157,1329.0
43,2660.0
3743,739.0
3685,373.0
4628,2136.0
1115,514.0
1268,1210.0
5586,809.0
1249,1785.0
5673,1526.0
2297,1290.0
5995,607.0
4977,918.0
5779,2800.0
1071,423.0
2198,540.0
2477,314.0
1044,1716.0
3849,1542.0
261,1532.0
1601,940.0
1435,865.0
5990,595.0
4535,629.0
698,1151.0
4231,619.0
3785,2480.0
5585,4108.0
5426,1145.0
696,788.0
2269,2669.0
5221,215.0
1430,682.0
4722,823.0
3640,583.0
2917,1625.0
3229,1656.0
3506,978.0
293,2019.0
96,1467.0
4008,953.0
5070,217.0
5911,273.0
2713,1576.0
3280,516.0
1464,997.0
5040,1155.0
4582,1866.0
1784,1312.0
5010,4367.0
2331,2482.0
5075,316.0
3137,976.0
3321,1224.0
76,1319.0
880,2492.0
3444,2568.0
1674,753.0
5770,1019.0
815,2977.0
2811,940.0
4529,1973.0
5795,2931.0
2907,961.0
2993,817.0
436,994.0
2362,2039.0
249,625.0
4028,1312.0
5696,814.0
2920,2270.0
59,1685.0
2215,1326.0
3654,551.0
4337,1029.0
3171,3337.0
5484,622.0
2714,1476.0
2385,732.0
2174,331.0
4204,1012.0
730,1030.0
4612,996.0
4368,293.0
2812,1085.0
5526,911.0
5893,344.0
4928,517.0
993,1998.0
3085,604.0
5061,628.0
983,976.0
760,336.0
3581,1216.0
290,1254.0
4785,660.0
3545,166.0
2857,1709.0
4085,1756.0
3712,578.0
15,2083.0
1623,116.0
5736,1754.0
4494,1116.0
2484,1756.0
1975,690.0
74,1343.0
3413,426.0
5189,1566.0
1457,716.0
2532,1091.0
3297,873.0
5215,2886.0
1992,1239.0
1826,1499.0
3698,2408.0
3914,2373.0
1195,2399.0
4132,877.0
2035,1105.0
3091,1699.0
5002,443.0
395,550.0
4861,344.0
1310,975.0
4686,2625.0
4294,856.0
1310,2490.0
1262,1590.0
744,429.0
1429,360.0
4999,644.0
3238,1070.0
3170,1927.0
3017,193.0
3872,703.0
397,1626.0
2268,459.0
13,1446.0
4200,384.0
4218,508.0
4111,864.0
5261,1416.0
4383,1058.0
5835,1043.0
2231,164.0
1936,2253.0
3802,674.0
1292,1767.0
5077,591.0
2826,795.0
4035,677.0
404,611.0
2913,1412.0
1299,631.0
1333,1584.0
2772,1361.0
4549,931.0
4766,505.0
2319,2159.0
5537,614.0
1327,298.0
1853,419.0
2727,1097.0
3634,301.0
5277,1569.0
4377,639.0
1765,1235.0
3431,422.0
3128,1324.0
617,1248.0
5395,1286.0
1659,3259.0
1787,1067.0
5882,661.0
1223,456.0
1209,655.0
3463,2937.0
5940,1732.0
4491,2919.0
2428,161.0
4436,253.0
3658,1056.0
3174,1588.0
4725,1032.0
3109,1453.0
468,2774.0
3060,995.0
2595,3229.0
3519,1667.0
2680,895.0
3556,1258.0
3839,965.0
1947,3648.0
932,1847.0
5631,1681.0
2823,1119.0
1751,147.0
4205,1874.0
3489,138.0
4821,851.0
4428,486.0
169,1934.0
4657,447.0
4623,1043.0
1452,2033.0
5806,568.0
5365,3691.0
1969,586.0
5486,1758.0
2060,1204.0
5086,173.0
252,734.0
1528,95.0
1755,1410.0
307,1402.0
502,634.0
2804,1228.0
5341,3553.0
1254,908.0
5215,131.0
5371,2296.0
2491,2278.0
1142,3417.0
5434,512.0
475,1846.0
4765,507.0
5076,857.0
2561,3272.0
4939,1022.0
415,291.0
2296,1959.0
4899,1933.0
1645,581.0
2515,1085.0
1616,947.0
4651,1481.0
4951,933.0
4521,2315.0
2710,1390.0
2712,2224.0
4983,764.0
2622,742.0
2248,331.0
5674,1451.0
2210,2100.0
1538,90.0
1195,1306.0
2121,1897.0
4916,1002.0
4660,2414.0
3599,2462.0
2663,776.0
302,281.0
4726,1086.0
5548,1074.0
2208,2242.0
1980,909.0
3110,106.0
85,552.0
3538,1079.0
723,822.0
340,985.0
954,2325.0
1050,1915.0
5341,2009.0
1317,1423.0
1988,2854.0
1238,5074.0
207,864.0
2244,749.0
406,2959.0
3320,227.0
1613,574.0
3385,1073.0
3828,1194.0
5693,743.0
307,413.0
5600,3535.0
4496,318.0
5617,378.0
1086,1972.0
2640,1585.0
2778,1860.0
3997,1423.0
2725,4324.0
4809,948.0
4795,3222.0
2488,860.0
4741,1724.0
4667,673.0
367,1146.0
4737,1213.0
987,1727.0
5719,1300.0
1129,1344.0
969,798.0
4936,904.0
1979,772.0
3094,2232.0
2852,611.0
1879,419.0
2378,1739.0
2671,853.0
1698,1699.0
4250,812.0
3158,1675.0
396,1070.0
2536,1494.0
3968,2031.0
416,340.0
2620,1423.0
1607,349.0
2276,491.0
686,1571.0
5323,417.0
2065,1785.0
886,636.0
3620,1766.0
1630,248.0
5765,908.0
1059,1157.0
1215,3038.0
5953,39.0
1707,315.0
3760,288.0
3155,1417.0
69,2373.0
1642,898.0
5012,546.0
617,1926.0
2269,483.0
5431,1005.0
5489,1038.0
4190,1485.0
4897,1671.0
3911,1199.0
5599,876.0
3363,1424.0
1512,1869.0
5101,255.0
4823,875.0
3867,129.0
3003,736.0
5346,1791.0
4671,1382.0
3074,2274.0
3690,168.0
2781,1907.0
4030,1283.0
722,986.0
1440,845.0
2611,1132.0
2814,1052.0
4075,798.0
1877,829.0
5124,535.0
5841,788.0
5705,1177.0
3238,148.0
829,463.0
2293,2449.0
5646,543.0
3661,613.0
4067,1768.0
5194,731.0
2430,1010.0
5528,1340.0
5885,681.0
981,302.0
2398,339.0
4116,1054.0
1400,1020.0
5529,498.0
2500,1478.0
4830,467.0
2476,389.0
3713,385.0
1510,448.0
1520,972.0
4625,1437.0
4189,352.0
736,1984.0
4247,944.0
5264,179.0
3043,2617.0
526,859.0
5180,2036.0
1376,1056.0
1805,893.0
2325,1036.0
968,1426.0
1079,906.0
5874,621.0
1750,2930.0
2554,519.0
3038,303.0
2842,189.0
3626,329.0
2023,1411.0
4035,884.0
2813,714.0
342,965.0
4413,2876.0
582,565.0
2219,1810.0
3194,117.0
191,1590.0
286,164.0
2799,2093.0
5685,1140.0
1432,352.0
338,1067.0
3588,2396.0
200,271.0
2012,704.0
2955,2016.0
2675,864.0
672,372.0
5687,1106.0
3377,490.0
2205,1053.0
5487,1501.0
4059,1041.0
1152,141.0
5490,1331.0
4354,426.0
574,1315.0
5384,1809.0
3076,2194.0
1218,1467.0
3111,1220.0
4114,1224.0
2793,898.0
3929,287.0
239,1133.0
2071,463.0
4305,313.0
3696,2581.0
4247,236.0
4335,1806.0
263,854.0
5423,1967.0
4822,1290.0
902,483.0
307,1114.0
869,336.0
71,678.0
5025,896.0
2462,635.0
511,941.0
1922,87.0
4591,1255.0
5844,1473.0
744,4581.0
728,1696.0
114,1288.0
444,2708.0
5007,2332.0
4864,3835.0
4931,851.0
5366,815.0
5068,351.0
1068,1393.0
5243,2098.0
5472,1683.0
2528,912.0
2279,687.0
1627,786.0
237,837.0
1921,3282.0
1217,2567.0
2259,234.0
3992,2937.0
188,996.0
4879,1120.0
3734,2014.0
3327,204.0
3921,623.0
5752,422.0
3880,1768.0
14,1822.0
4929,2078.0
5055,433.0
4918,2731.0
2244,160.0
3145,1508.0
5858,1894.0
2244,289.0
4271,2449.0
2586,293.0
5112,4150.0
331,394.0
4241,2629.0
1904,1322.0
551,2291.0
5364,334.0
2298,1288.0
2000,210.0
2513,1372.0
1588,711.0
5686,1046.0
4586,672.0
650,243.0
4226,887.0
1878,1726.0
3401,1046.0
3095,1701.0
2569,436.0
4645,465.0
426,198.0
5322,2291.0
3942,533.0
2819,233.0
4486,888.0
422,961.0
4460,231.0
4957,614.0
3558,1148.0
3404,565.0
3910,1917.0
3600,740.0
5903,626.0
3437,2786.0
1401,915.0
5161,2391.0
1238,998.0
4310,1113.0
4740,627.0
3804,2945.0
1138,1724.0
5687,585.0
5711,789.0
2488,2434.0
5482,3025.0
766,712.0
3648,1106.0
125,1143.0
2457,1497.0
4449,1891.0
4493,217.0
3946,1984.0
287,1363.0
729,729.0
4791,565.0
3283,371.0
955,712.0
897,532.0
3307,1079.0
5962,718.0
5509,597.0
2625,1230.0
4863,417.0
941,925.0
3303,626.0
1046,1820.0
1253,950.0
341,1356.0
1608,320.0
1534,896.0
955,519.0
2028,1336.0
5913,1278.0
5426,1302.0
2117,1459.0
5722,284.0
3699,1956.0
3983,2393.0
1507,243.0
2996,1581.0
5730,2815.0
2763,3175.0
2079,596.0
5655,924.0
5914,387.0
2383,2774.0
1189,1109.0
3140,575.0
5423,588.0
377,470.0
3293,1784.0
2710,712.0
4378,2775.0
5243,2842.0
1422,942.0
3584,1085.0
3508,677.0
2289,504.0
149,2086.0
1310,642.0
576,1945.0
1659,307.0
2910,475.0
3805,324.0
5207,2591.0
2516,1067.0
657,742.0
808,3147.0
1642,3115.0
141,2695.0
3624,292.0
5274,357.0
4476,1064.0
5049,1994.0
3036,886.0
5525,270.0
1392,1407.0
5292,407.0
5664,906.0
3457,588.0
101,197.0
3317,327.0
3799,1137.0
170,4705.0
1217,614.0
3583,1011.0
4476,485.0
4030,4478.0
3929,576.0
1352,1280.0
5464,1839.0
3731,54.0
1176,440.0
337,1416.0
4016,1167.0
3586,382.0
5339,1204.0
5648,2439.0
397,2459.0
4172,421.0
3706,1267.0
5013,862.0
3196,203.0
3773,699.0
2111,822.0
2256,1395.0
321,513.0
4952,1000.0
3171,126.0
2502,417.0
4793,1120.0
3892,1443.0
1971,521.0
4768,743.0
3992,1378.0
4491,1007.0
4437,1708.0
5804,611.0
4620,472.0
4953,916.0
3829,200.0
1031,666.0
2945,371.0
1331,2459.0
3016,2300.0
5883,491.0
976,299.0
1667,1243.0
704,3340.0
3205,1281.0
4814,3366.0
1092,183.0
1366,962.0
2512,357.0
4605,501.0
5516,1034.0
2290,684.0
3674,1018.0
5278,697.0
2856,220.0
5680,459.0
4602,563.0
5648,2819.0
2329,1698.0
4381,909.0
1831,1317.0
5478,968.0
2915,1980.0
724,1850.0
3046,1582.0
657,304.0
4568,66.0
5014,861.0
674,634.0
4857,1084.0
3055,1885.0
1189,4084.0
3475,836.0
91,3157.0
5845,492.0
2509,558.0
4280,239.0
2600,1819.0
4102,1904.0
5577,493.0
4980,3167.0
2315,183.0
4461,1297.0
205,620.0
142,1490.0
889,667.0
2736,1355.0
1020,1214.0
2314,1549.0
934,778.0
1043,869.0
2082,1222.0
3905,612.0
4757,847.0
2200,1158.0
398,835.0
2622,986.0
2571,595.0
3439,1825.0
5974,343.0
885,1549.0
4427,2099.0
4067,1753.0
962,640.0
5340,111.0
2878,2351.0
4254,563.0
3119,690.0
2498,500.0
3319,513.0
143,964.0
278,1330.0
923,2984.0
2492,176.0
4097,1308.0
2721,1744.0
5260,1387.0
1265,1052.0
837,830.0
4985,457.0
3019,862.0
2796,1289.0
1210,1559.0
3072,1097.0
5799,1500.0
3330,880.0
5663,1109.0
3926,1562.0
71,534.0
1849,176.0
2983,2829.0
5100,918.0
4102,879.0
1723,1373.0
2001,1091.0
1644,832.0
3762,2205.0
989,629.0
1270,1765.0
4777,903.0
2428,3123.0
2830,941.0
5176,432.0
1394,280.0
4313,1914.0
889,1108.0
1376,535.0
5100,1160.0
1991,757.0
755,1149.0
5251,754.0
335,932.0
3281,1859.0
4972,648.0
2248,921.0
995,1220.0
4851,883.0
1422,316.0
4341,2104.0
1473,926.0
2272,466.0
878,829.0
1963,1040.0
1212,1732.0
3992,732.0
5227,1045.0
55,222.0
5888,427.0
3218,3212.0
4581,238.0
4290,1277.0
3930,674.0
4636,931.0
2494,1519.0
72,974.0
1180,435.0
5851,541.0
5297,484.0
1233,3061.0
5517,430.0
5253,1523.0
5155,1033.0
975,4854.0
5300,536.0
3869,849.0
1528,586.0
1720,1128.0
4966,659.0
4747,1132.0
3112,1307.0
4486,826.0
34,655.0
5514,251.0
2430,1477.0
5098,678.0
5485,916.0
3841,2132.0
1006,3141.0
3827,2538.0
1981,2794.0
580,843.0
602,180.0
3534,155.0
4050,737.0
2710,1433.0
2450,2898.0
3852,1911.0
5117,493.0
2348,586.0
216,604.0
870,820.0
5206,587.0
5104,644.0
3901,1281.0
4258,488.0
4763,871.0
4963,102.0
884,514.0
5909,765.0
5804,128.0
4785,295.0
127,268.0
2328,3841.0
2761,870.0
1220,2300.0
3627,3841.0
618,610.0
3682,532.0
1731,812.0
1590,601.0
3506,1449.0
3457,544.0
847,1578.0
5199,341.0
2138,716.0
5489,1117.0
877,192.0
831,871.0
3111,806.0
3383,3978.0
918,1811.0
5209,151.0
2286,1445.0
1750,3806.0
1527,549.0
5704,1853.0
3685,845.0
2590,246.0
3088,3674.0
3744,1351.0
5935,1103.0
1233,243.0
3176,1010.0
148,1379.0
1571,1607.0
4087,1205.0
3690,910.0
2092,1343.0
5729,356.0
2657,946.0
4402,1363.0
861,450.0
282,698.0
2369,3171.0
215,1586.0
1193,823.0
1831,1234.0
1491,1818.0
2812,686.0
5392,1704.0
172,2790.0
3411,2950.0
938,823.0
774,1755.0
2448,985.0
2380,2419.0
2856,1214.0
2070,1748.0
5263,959.0
1550,1482.0
1687,522.0
1631,3342.0
155,156.0
5463,1521.0
5462,783.0
2966,205.0
936,2058.0
3931,735.0
3545,258.0
1934,211.0
5673,1408.0
4231,290.0
2891,2216.0
2968,417.0
1172,1245.0
1865,590.0
3558,1510.0
2950,1329.0
1912,742.0
4180,645.0
373,1044.0
580,956.0
454,528.0
5381,445.0
4374,507.0
4691,891.0
3956,841.0
963,860.0
1660,3100.0
430,829.0
405,1553.0
1111,268.0
4773,572.0
742,813.0
2967,117.0
4591,789.0
40,886.0
5474,3131.0
5780,3766.0
2201,764.0
971,1613.0
3836,501.0
1566,3022.0
5594,2826.0
2490,1009.0
3495,1775.0
5121,1001.0
4133,1119.0
125,772.0
306,2380.0
3653,1722.0
5969,98.0
58,283.0
5075,395.0
616,2613.0
5304,708.0
4179,2086.0
4250,4904.0
3302,431.0
3238,145.0
4518,4578.0
1054,1838.0
593,2502.0
3403,1493.0
1124,5642.0
5473,1488.0
774,368.0
3315,725.0
3747,3125.0
1759,684.0
3786,1480.0
1203,677.0
4695,394.0
4421,1045.0
824,685.0
358,406.0
3930,402.0
4575,318.0
600,650.0
5979,226.0
225,1123.0
1800,562.0
4269,631.0
5969,1489.0
3010,554.0
3721,636.0
4439,1875.0
4599,823.0
3576,581.0
3801,1134.0
1116,765.0
131,1536.0
1681,1741.0
624,1265.0
498,1979.0
3346,425.0
803,2072.0
3786,321.0
2636,533.0
1715,1945.0
2736,800.0
2834,1028.0
4694,858.0
791,1767.0
4178,1207.0
1784,3402.0
4643,677.0
3509,4114.0
4070,525.0
1988,397.0
4075,2111.0
2418,882.0
552,1117.0
944,792.0
1777,917.0
1234,772.0
3853,1316.0
1064,862.0
2616,1027.0
3580,437.0
3818,2060.0
915,1804.0
1965,1188.0
1833,971.0
2291,592.0
277,967.0
4520,1723.0
4810,1304.0
3187,225.0
5080,2951.0
2424,1137.0
1179,1703.0
5610,348.0
3595,3028.0
4683,4229.0
2859,218.0
2324,34.0
468,454.0
4754,2472.0
1074,939.0
5360,1046.0
1927,1809.0
1711,2878.0
2765,422.0
4630,313.0
235,1619.0
1259,126.0
2241,2131.0
4136,671.0
1574,53.0
1712,2574.0
5626,545.0
2792,1478.0
3419,1867.0
5064,1145.0
4502,1301.0
4392,1641.0
2755,188.0
4393,2649.0
1283,382.0
4932,744.0
254,424.0
3197,849.0
1054,650.0
1415,1244.0
4466,480.0
2324,3182.0
4882,72.0
5389,1137.0
2246,544.0
1218,2466.0
998,262.0
4608,625.0
1196,2628.0
5254,2742.0
1472,792.0
4297,2191.0
1584,816.0
1714,1155.0
3769,1066.0
4527,2166.0
4654,542.0
3481,807.0
3448,223.0
3672,1264.0
3200,3306.0
2387,1368.0
1149,1272.0
4514,716.0
1742,1080.0
2402,1114.0
3481,909.0
3659,796.0
1721,1281.0
1127,1587.0
1401,1294.0
2544,285.0
5766,2531.0
1386,1544.0
24,1412.0
401,1521.0
435,1936.0
3386,694.0
3765,489.0
1534,1384.0
5449,926.0
1125,2875.0
854,1328.0
3300,1112.0
1952,67.0
2855,668.0
883,1289.0
3422,1190.0
48,264.0
5736,169.0
1770,1681.0
5558,1039.0
64,938.0
1771,139.0
1586,1039.0
1471,1380.0
5297,352.0
1088,818.0
1647,1412.0
4854,659.0
505,1431.0
5477,3378.0
1179,1013.0
1998,130.0
190,1438.0
3534,955.0
5605,1507.0
2872,1068.0
724,1074.0
2260,332.0
3883,594.0
52,365.0
732,566.0
535,2090.0
27,2333.0
1783,204.0
1379,561.0
1256,1853.0
5774,3169.0
605,937.0
1188,742.0
5383,1431.0
1806,1315.0
3226,183.0
1262,945.0
5139,854.0
3908,1461.0
1936,1661.0
1334,1023.0
1034,962.0
5851,149.0
1409,1163.0
2341,90.0
5960,967.0
3048,344.0
4017,2114.0
2318,1262.0
66,1067.0
1907,1306.0
2071,1592.0
4887,2511.0
1010,939.0
2363,794.0
69,440.0
2172,3818.0
415,1301.0
1475,78.0
631,1118.0
836,947.0
2320,1243.0
4437,1046.0
172,2367.0
1729,1020.0
4437,1124.0
11,485.0
2511,832.0
5485,1088.0
4556,484.0
283,520.0
1461,928.0
2417,611.0
5477,869.0
903,2297.0
4876,2335.0
2917,317.0
5150,1497.0
5761,3373.0
5919,2086.0
1231,3301.0
5477,643.0
447,2079.0
3062,863.0
4052,836.0
3261,416.0
3312,95.0
2894,2283.0
5655,651.0
3476,802.0
4602,1498.0
3970,191.0
5982,377.0
3639,886.0
367,956.0
4317,1469.0
5937,2799.0
3087,1045.0
4967,1036.0
1211,979.0
4495,1022.0
4625,729.0
4684,2854.0
2205,185.0
3780,1122.0
1683,1163.0
434,2258.0
1128,1197.0
4053,1011.0
69,134.0
5480,1804.0
2390,2537.0
1687,1625.0
5573,681.0
1924,2098.0
4384,868.0
5880,733.0
2484,605.0
553,531.0
4927,1212.0
3137,394.0
2907,420.0
4805,1113.0
3791,1137.0
10,2068.0
2958,1156.0
987,662.0
5495,550.0
2955,508.0
1289,2466.0
1914,630.0
3377,604.0
1475,525.0
334,1296.0
137,1609.0
3883,2603.0
2889,1179.0
5844,501.0
5957,313.0
1117,1128.0
5234,2742.0
2612,408.0
1213,696.0
1667,507.0
4135,877.0
1451,637.0
442,1957.0
440,1254.0
331,2588.0
2001,954.0
2103,2803.0
2548,1269.0
4820,804.0
5021,2033.0
5970,1479.0
2198,327.0
5577,1809.0
3780,631.0
1010,959.0
2801,2302.0
5903,320.0
5061,1622.0
125,1039.0
3314,710.0
1000,1450.0
5366,3905.0
2562,1275.0
1820,1032.0
926,1858.0
5306,775.0
764,1409.0
5232,701.0
4771,1636.0
1434,481.0
836,782.0
1087,2208.0
5025,532.0
4634,3158.0
929,1270.0
5917,488.0
1161,630.0
5557,1529.0
1440,1187.0
3861,345.0
4762,685.0
1683,296.0
5344,373.0
306,290.0
414,1945.0
5467,3208.0
838,343.0
5735,1263.0
2578,1542.0
2085,2988.0
3157,180.0
4456,1457.0
3790,977.0
4091,57.0
4943,340.0
4443,594.0
959,1182.0
5116,1225.0
2215,1542.0
2593,2102.0
184,2530.0
3539,1239.0
4779,87.0
2554,1325.0
4159,2162.0
138,440.0
795,1011.0
5664,969.0
1930,472.0
5341,148.0
2203,1007.0
5505,632.0
5102,23.0
5487,1651.0
4743,2093.0
5480,1490.0
3870,133.0
566,308.0
462,79.0
5815,945.0
1051,966.0
231,318.0
3682,623.0
3817,885.0
4151,1470.0
3321,3101.0
1520,551.0
904,730.0
739,464.0
994,647.0
2842,698.0
512,201.0
4541,1182.0
1731,1271.0
5137,2260.0
1109,1906.0
996,1918.0
2430,602.0
1867,321.0
5290,1768.0
2020,1752.0
2482,2960.0
5524,68.0
268,1484.0
722,353.0
2088,1449.0
5920,771.0
5219,390.0
2564,688.0
177,743.0
3217,2638.0
3707,1454.0
4258,1768.0
5349,1186.0
5843,666.0
531,1338.0
3794,254.0
3767,1619.0
4794,1237.0
3419,1394.0
557,853.0
1105,1050.0
1726,1321.0
5591,2982.0
3733,1878.0
286,1062.0
2729,815.0
2247,4655.0
5355,1472.0
2076,1953.0
2813,785.0
2061,1506.0
5685,1316.0
3840,892.0
2453,620.0
5991,309.0
1233,106.0
1441,760.0
4148,4591.0
5164,1014.0
2926,775.0
351,1236.0
4777,386.0
95,675.0
4019,777.0
3890,178.0
2081,710.0
2967,1031.0
3554,692.0
1220,796.0
5511,1039.0
5170,185.0
945,4661.0
5599,1315.0
3965,2331.0
3633,736.0
2908,1034.0
5020,924.0
5752,1296.0
2523,460.0
5877,2693.0
1946,1517.0
4081,991.0
165,1456.0
3657,502.0
4617,641.0
3153,1594.0
1435,1063.0
523,245.0
4753,407.0
946,1566.0
750,1618.0
5421,664.0
2716,1166.0
5036,31.0
666,2269.0
3024,568.0
5712,825.0
429,507.0
1866,2780.0
943,752.0
2287,472.0
452,645.0
2166,1304.0
693,1267.0
5896,672.0
2942,1557.0
4686,540.0
4587,565.0
3132,2148.0
4228,2915.0
5359,1316.0
5642,1473.0
4533,775.0
1991,198.0
1081,2856.0
1085,201.0
3496,303.0
1627,1377.0
3431,1477.0
5939,1074.0
4222,1259.0
953,1812.0
5726,1409.0
1918,2296.0
2750,1172.0
1337,1034.0
2438,1132.0
4683,721.0
1767,2723.0
219,1328.0
3169,1336.0
2967,819.0
3064,3379.0
3553,300.0
5591,21.0
630,592.0
4378,866.0
3712,2966.0
476,1189.0
4729,1422.0
898,1578.0
4300,917.0
4094,1120.0
3541,1147.0
1444,960.0
2336,2434.0
1710,1521.0
3909,1655.0
4918,1214.0
2999,504.0
4334,933.0
4630,636.0
3473,1224.0
3509,1894.0
5758,1454.0
5093,480.0
3088,491.0
3784,1529.0
3642,2648.0
2524,1728.0
4001,325.0
2766,360.0
2267,1185.0
939,1079.0
576,323.0
5366,854.0
4764,911.0
3007,395.0
3239,3536.0
1081,581.0
114,2005.0
251,482.0
2679,3119.0
1192,522.0
4808,1395.0
3481,1375.0
4175,1667.0
2212,222.0
5231,2220.0
3726,904.0
3110,1228.0
2640,1695.0
2416,952.0
3987,123.0
4257,565.0
382,2426.0
3235,630.0
4345,599.0
3300,2940.0
101,702.0
789,668.0
3547,440.0
1567,365.0
2349,313.0
566,1292.0
324,1523.0
5838,1163.0
2001,367.0
1480,1403.0
5738,336.0
2448,2453.0
1748,1710.0
1665,951.0
5839,803.0
5094,1772.0
949,1829.0
5241,1136.0
2394,371.0
2827,826.0
1792,206.0
1036,1790.0
3518,38.0
1237,1110.0
668,1437.0
1437,841.0
1140,1332.0
5953,2125.0
2503,608.0
3314,846.0
1144,1137.0
1611,497.0
167,1245.0
3858,1145.0
2024,2278.0
3344,731.0
5450,1583.0
1356,1239.0
4272,1617.0
2879,751.0
3928,2187.0
4833,790.0
2934,1518.0
599,266.0
366,1739.0
4701,1963.0
1398,444.0
3361,1095.0
2096,1765.0
5913,530.0
4587,2040.0
2964,2465.0
4837,486.0
4722,3260.0
3737,1140.0
5428,462.0
713,938.0
115,1414.0
3236,1023.0
2191,1669.0
113,603.0
4586,1768.0
4219,1762.0
5160,1357.0
3211,1341.0
5990,250.0
5021,139.0
4048,412.0
2564,1191.0
4953,396.0
2685,898.0
5111,544.0
3966,2270.0
3919,633.0
4246,1078.0
5099,1504.0
697,1452.0
2841,899.0
4448,3620.0
1679,2953.0
2576,1099.0
5465,1487.0
1256,785.0
4928,2216.0
1874,1160.0
931,438.0
5501,1651.0
4026,653.0
2971,1259.0
3880,3865.0
646,469.0
135,457.0
1658,1626.0
2735,1790.0
2758,940.0
4512,1077.0
5289,1304.0
4040,496.0
4646,1046.0
2525,1148.0
2609,170.0
268,154.0
5034,2464.0
1285,333.0
4569,470.0
4508,419.0
952,3032.0
3479,1809.0
726,1531.0
5856,918.0
2917,689.0
5370,895.0
5547,1350.0
4356,1479.0
1698,775.0
836,1033.0
877,1110.0
2297,509.0
4884,1408.0
4995,623.0
3606,2760.0
5154,1019.0
1868,2709.0
1548,963.0
776,1291.0
2721,263.0
5878,2730.0
975,1100.0
2684,695.0
4978,589.0
527,2143.0
2090,1253.0
5820,185.0
625,845.0
323,338.0
626,1151.0
5007,93.0
2673,1313.0
3690,2205.0
164,1604.0
121,1793.0
631,713.0
4253,1812.0
5795,1444.0
28,1415.0
5690,1007.0
33,1231.0
5132,997.0
1273,790.0
4672,387.0
69,467.0
1537,503.0
2126,1838.0
946,1623.0
2890,1758.0
5809,1641.0
2655,975.0
1598,578.0
4129,512.0
2875,1019.0
82,2376.0
1968,464.0
1359,2169.0
2498,612.0
3142,983.0
1483,1497.0
1260,1128.0
4960,1231.0
5609,3267.0
3956,705.0
327,626.0
787,1237.0
630,1070.0
5754,703.0
3223,872.0
2616,2886.0
4426,1306.0
5779,2307.0
2020,1020.0
2693,821.0
4263,2579.0
4998,936.0
1193,1424.0
2227,1570.0
4031,4234.0
847,355.0
5339,504.0
2824,1651.0
1297,122.0
1943,599.0
2494,313.0
2492,1221.0
5033,959.0
183,964.0
578,1031.0
5149,691.0
3408,907.0
5792,2112.0
3604,699.0
417,1924.0
66,1692.0
3926,2461.0
1412,886.0
706,974.0
87,498.0
3270,140.0
3293,930.0
4739,2104.0
4504,1788.0
3013,2173.0
302,990.0
393,382.0
5603,319.0
2454,835.0
2525,209.0
321,3179.0
3283,314.0
4205,1186.0
2313,1632.0
369,2001.0
4710,173.0
5038,394.0
1905,642.0
5277,608.0
3537,138.0
5327,1419.0
5952,436.0
4033,767.0
3188,890.0
5255,660.0
2562,1269.0
101,909.0
1660,526.0
955,491.0
1224,1211.0
1971,1166.0
1094,1771.0
2939,690.0
5807,889.0
2764,2473.0
5788,1487.0
3147,784.0
2538,1049.0
3577,949.0
1952,270.0
5891,1373.0
1332,667.0
4223,914.0
5320,2283.0
120,225.0
1499,1482.0
5728,648.0
5646,2393.0
1189,512.0
2746,525.0
3373,2724.0
2510,1180.0
1253,1429.0
438,1259.0
1982,1004.0
4914,1433.0
299,443.0
2560,90.0
3544,895.0
5466,637.0
266,2041.0
3313,970.0
3431,4579.0
3711,389.0
1207,2399.0
366,480.0
4857,1116.0
4319,530.0
3074,1721.0
686,1124.0
1232,2697.0
5492,552.0
2420,952.0
5873,727.0
1602,1241.0
488,592.0
1790,1484.0
5600,2150.0
1628,359.0
4372,1217.0
4796,679.0
2817,402.0
1643,638.0
3348,893.0
3838,1029.0
5120,775.0
3680,462.0
393,1037.0
1794,1115.0
2303,63.0
575,1288.0
2598,373.0
5246,893.0
2036,1332.0
3536,2560.0
1623,317.0
5346,405.0
2588,605.0
2501,320.0
5808,593.0
1542,1543.0
4132,900.0
3133,643.0
2251,679.0
2309,400.0
956,1191.0
2399,492.0
4772,651.0
1253,2136.0
5914,401.0
3560,520.0
2565,2372.0
1113,677.0
85,2087.0
1645,2537.0
1643,2687.0
3029,1106.0
3992,235.0
1977,939.0
4773,1020.0
456,311.0
5336,1121.0
696,2231.0
240,3715.0
1919,1599.0
493,1717.0
4914,2468.0
382,2158.0
2303,353.0
725,894.0
941,342.0
4965,891.0
3478,2405.0
1498,1318.0
5920,461.0
2462,1213.0
5380,4131.0
5918,576.0
4213,4296.0
2163,1428.0
4819,262.0
4474,1243.0
2217,1129.0
3558,1220.0
5793,2145.0
586,460.0
3139,2448.0
2236,2224.0
1003,1185.0
1294,3871.0
3373,844.0
619,1020.0
5286,748.0
2817,725.0
3556,1410.0
4904,994.0
3164,2087.0
446,183.0
3740,2195.0
5113,1205.0
5163,1734.0
2011,2147.0
549,2268.0
1372,1327.0
5257,341.0
3845,2219.0
3811,930.0
881,1581.0
5082,769.0
218,903.0
5746,183.0
3120,1839.0
1953,1069.0
3066,1288.0
810,542.0
5800,319.0
4143,151.0
4028,1077.0
2207,1059.0
4948,1053.0
2010,5140.0
5027,519.0
2318,1098.0
381,1032.0
5134,2051.0
4147,2227.0
4962,983.0
5896,1472.0
255,740.0
223,373.0
2811,2661.0
5538,323.0
3261,1552.0
2055,3685.0
727,741.0
3795,1632.0
2869,790.0
5178,450.0
5597,1510.0
3121,341.0
2071,735.0
5406,555.0
3791,1570.0
3668,1235.0
2850,528.0
1045,1116.0
5489,291.0
2089,759.0
1089,793.0
3124,358.0
5207,929.0
1192,524.0
4811,881.0
1123,754.0
2635,2234.0
2694,1282.0
5734,1465.0
374,728.0
3780,531.0
2840,863.0
2738,1445.0
4602,1438.0
5097,1295.0
1099,398.0
3372,612.0
1205,2445.0
4536,1930.0
2297,403.0
2037,2422.0
5173,1830.0
2139,802.0
5867,917.0
4079,942.0
1310,1836.0
1227,2435.0
1244,512.0
2530,513.0
5440,1242.0
4607,1077.0
1316,992.0
5502,1203.0
5115,153.0
1664,275.0
2326,497.0
4595,2065.0
255,1570.0
5684,1389.0
765,944.0
5693,1241.0
1638,688.0
4743,439.0
3588,556.0
4628,536.0
146,1822.0
1892,1760.0
1669,78.0
343,602.0
2,2138.0
3958,2585.0
3334,518.0
196,839.0
3829,330.0
1383,1738.0
716,1081.0
5610,802.0
606,766.0
3850,1230.0
4233,1292.0
5136,4064.0
5516,663.0
3670,955.0
130,2597.0
857,647.0
1568,892.0
2787,1299.0
3998,2436.0
1093,1687.0
5094,1611.0
683,1119.0
3156,882.0
4718,804.0
5700,121.0
1837,1552.0
704,996.0
919,659.0
1309,1412.0
5126,1372.0
1718,258.0
1139,2082.0
4984,3338.0
4770,502.0
3945,3094.0
4752,1734.0
871,476.0
2064,1214.0
2594,3517.0
3732,1774.0
4358,938.0
3536,782.0
718,1297.0
5944,1202.0
5918,839.0
1594,933.0
4797,1107.0
325,771.0
833,2309.0
1509,1109.0
962,276.0
4790,818.0
3797,348.0
4711,758.0
2875,378.0
4684,258.0
3106,1033.0
648,3963.0
4132,2792.0
3189,1838.0
2365,1108.0
1411,4910.0
5928,3134.0
120,92.0
2512,846.0
5659,593.0
2925,767.0
969,1469.0
430,2393.0
5021,1057.0
1867,1267.0
5400,169.0
1266,641.0
2991,614.0
5090,3204.0
5336,679.0
801,850.0
848,515.0
627,615.0
5317,834.0
872,1576.0
2754,625.0
763,1125.0
5375,1736.0
3225,1778.0
3858,1739.0
2933,1961.0
669,2640.0
4010,1639.0
175,2192.0
3950,919.0
1518,953.0
76,1479.0
1466,2016.0
917,4408.0
5798,2303.0
4390,352.0
1128,725.0
662,1447.0
4320,1057.0
318,1647.0
1823,727.0
4851,469.0
4267,1037.0
2347,552.0
3236,344.0
4116,596.0
294,882.0
304,321.0
4289,952.0
5932,1851.0
5042,2119.0
1630,408.0
3474,764.0
1707,457.0
3503,776.0
4317,558.0
2929,573.0
3534,586.0
1491,751.0
2389,542.0
2403,1471.0
5117,562.0
2556,255.0
2597,868.0
5350,1655.0
2315,141.0
1836,1131.0
5693,585.0
4670,1110.0
4004,65.0
80,1696.0
3513,1804.0
3799,1143.0
590,714.0
5032,2764.0
3391,793.0
4798,965.0
1013,723.0
5408,340.0
4424,1346.0
3217,2063.0
1431,1652.0
389,1404.0
5309,440.0
1394,1064.0
608,186.0
2826,70.0
4330,300.0
101,1021.0
5466,1016.0
4551,1187.0
1486,228.0
1412,1524.0
4816,2139.0
1069,792.0
1830,1445.0
4392,2497.0
4468,1853.0
4723,2808.0
2136,1104.0
3483,1258.0
5886,483.0
5925,1430.0
3411,814.0
2005,645.0
3278,1999.0
52,562.0
2516,178.0
3772,476.0
484,1491.0
1182,139.0
3001,1648.0
4434,599.0
263,1468.0
1032,920.0
4820,1537.0
291,197.0
5472,1307.0
1816,2585.0
2137,798.0
5367,549.0
5441,1496.0
4067,171.0
147,1776.0
1648,859.0
5017,610.0
2692,887.0
4409,685.0
1015,939.0
1984,273.0
3521,2942.0
3438,927.0
1324,2094.0
2503,1899.0
5520,1036.0
5361,751.0
4055,1668.0
3487,1025.0
1538,524.0
576,629.0
4256,1587.0
2024,3647.0
1529,3778.0
819,1673.0
1903,104.0
1230,2247.0
3591,1658.0
3946,2174.0
611,613.0
5865,1016.0
1615,160.0
4007,566.0
299,1771.0
197,4819.0
682,761.0
2384,1655.0
3626,1375.0
4046,1545.0
1962,39.0
5799,703.0
1664,640.0
5186,618.0
1990,339.0
3285,1599.0
635,879.0
2863,655.0
1628,1652.0
5708,105.0
5801,1200.0
2169,2028.0
5073,1075.0
2713,545.0
3420,365.0
131,39.0
668,329.0
1295,927.0
1557,638.0
2539,3033.0
2544,1170.0
297,816.0
4882,1839.0
5664,489.0
2156,4383.0
1344,2739.0
2153,1767.0
3415,1125.0
2134,1149.0
4710,1421.0
1783,992.0
606,1958.0
1004,508.0
5636,548.0
3648,898.0
4877,2659.0
2090,2005.0
1702,2837.0
945,1090.0
1611,1106.0
5390,726.0
3536,3167.0
939,1918.0
3528,710.0
4370,61.0
1474,417.0
4230,316.0
165,2216.0
1866,331.0
5174,1118.0
2889,400.0
1512,1370.0
865,1149.0
1521,1118.0
2510,572.0
331,1296.0
4595,1021.0
4382,1415.0
3402,750.0
5273,633.0
1452,579.0
1203,603.0
4933,1283.0
871,366.0
3659,296.0
2877,599.0
2205,2200.0
4874,1638.0
4026,871.0
3416,373.0
3088,825.0
199,343.0
3834,118.0
5595,2703.0
5252,2272.0
1193,2633.0
1317,1161.0
5781,882.0
5289,293.0
4705,1177.0
4262,126.0
780,2292.0
1052,1453.0
1289,1608.0
5555,949.0
939,886.0
3922,742.0
54,333.0
5121,214.0
3449,475.0
2670,1357.0
3998,3625.0
3878,802.0
3131,475.0
4,440.0
2976,1902.0
5090,1759.0
2191,1220.0
1814,888.0
756,708.0
2477,137.0
2946,1124.0
5568,1397.0
5982,1399.0
4578,457.0
2321,661.0
2425,967.0
3636,188.0
1967,1428.0
1577,691.0
3595,792.0
1227,821.0
5667,970.0
5637,809.0
2028,1127.0
2107,1779.0
2471,1113.0
4507,1463.0
1597,613.0
3081,2943.0
3811,1139.0
1609,2367.0
453,643.0
2846,2439.0
1931,954.0
1589,929.0
2876,1383.0
244,876.0
5987,854.0
709,3280.0
5898,2424.0
1658,119.0
5303,2443.0
732,2226.0
886,734.0
4583,2341.0
2124,1238.0
4148,1331.0
1112,1457.0
5396,1015.0
3254,3937.0
1166,1289.0
1177,1321.0
1292,321.0
1406,1493.0
3227,147.0
4937,2950.0
2198,147.0
142,361.0
2275,339.0
239,2419.0
643,314.0
1855,1462.0
384,1062.0
2794,1008.0
4920,1530.0
5347,1442.0
5337,80.0
1489,379.0
840,720.0
1703,1490.0
762,140.0
544,1360.0
571,1504.0
3635,1353.0
1692,600.0
1465,705.0
3067,1220.0
3092,2844.0
5386,375.0
2489,1687.0
316,1377.0
1501,2571.0
1785,945.0
4498,1357.0
4680,1341.0
3324,1779.0
5318,641.0
2810,1209.0
3284,1438.0
779,604.0
3219,2937.0
3385,1685.0
1656,615.0
1330,1073.0
375,2136.0
4344,440.0
3129,757.0
3044,915.0
5221,187.0
4923,1518.0
3737,1202.0
1658,679.0
5108,1360.0
3287,713.0
3522,604.0
4555,1210.0
1997,2633.0
2137,732.0
2481,1323.0
1443,1195.0
2763,385.0
2383,892.0
619,1744.0
5064,584.0
4426,2397.0
1436,977.0
2406,405.0
889,1089.0
2786,3837.0
5043,2201.0
2427,2976.0
4872,425.0
530,4718.0
5853,1486.0
550,158.0
1002,777.0
5068,1150.0
1875,1678.0
2697,1149.0
169,191.0
5174,1881.0
4232,2393.0
1093,473.0
1725,647.0
3167,1674.0
12,1634.0
3984,780.0
3918,3084.0
5346,2699.0
413,2544.0
3008,911.0
2034,2650.0
2629,1728.0
5003,884.0
630,1396.0
1978,1274.0
3136,1195.0
5309,2336.0
274,723.0
1048,1142.0
2109,1351.0
4213,930.0
4485,2724.0
5482,1183.0
725,1213.0
2816,1643.0
4836,3685.0
3487,625.0
5605,615.0
3197,875.0
376,1384.0
300,345.0
254,1271.0
2228,2216.0
3297,708.0
4510,1202.0
821,1846.0
692,1264.0
4702,511.0
3018,284.0
1922,592.0
2871,2297.0
593,1587.0
3242,691.0
3886,1373.0
2805,845.0
1074,1745.0
3459,507.0
3541,816.0
4044,445.0
2939,1307.0
2040,756.0
3348,860.0
5359,805.0
5939,2478.0
2053,360.0
441,418.0
2865,1587.0
4593,978.0
2145,963.0
1012,2096.0
3972,3949.0
4770,2191.0
1721,1482.0
1950,535.0
5937,504.0
3681,644.0
4665,1008.0
5411,495.0
1406,928.0
3174,2096.0
128,2913.0
4082,794.0
1621,1328.0
189,2497.0
5324,626.0
494,922.0
825,199.0
1653,1557.0
568,1195.0
1285,2979.0
744,628.0
3760,1768.0
4671,1591.0
2029,1126.0
3574,1356.0
5731,894.0
3301,1180.0
3018,3990.0
4741,907.0
1582,646.0
2355,1569.0
5327,1267.0
4432,1138.0
1739,2010.0
5900,1001.0
3738,223.0
5754,1836.0
5340,545.0
2749,627.0
4386,909.0
762,1165.0
1162,1564.0
2905,129.0
3905,798.0
3267,748.0
4739,488.0
393,325.0
1218,1223.0
2936,434.0
3197,1067.0
5776,1578.0
2392,1219.0
4417,295.0
640,155.0
1129,823.0
3557,940.0
2550,1084.0
3432,2616.0
2592,1171.0
4513,94.0
403,515.0
3693,1271.0
3770,1125.0
4586,681.0
5691,2382.0
4196,2204.0
4938,2170.0
3999,273.0
3961,3406.0
4345,948.0
1263,1969.0
2806,326.0
106,1687.0
3597,417.0
2112,237.0
2198,890.0
3530,1528.0
4768,881.0
580,474.0
3590,615.0
5298,795.0
2116,2105.0
4314,3525.0
5501,1231.0
1876,1092.0
5931,2399.0
1462,1028.0
5046,1323.0
4771,1716.0
2778,250.0
3114,1820.0
1281,1833.0
369,3008.0
5306,2701.0
5985,943.0
482,1867.0
1776,1061.0
5604,1207.0
2225,1993.0
5656,1229.0
1955,3469.0
3474,662.0
1779,435.0
760,1240.0
1175,1569.0
1389,611.0
1391,431.0
4188,656.0
4356,884.0
1401,395.0
5890,412.0
4867,264.0
2989,1059.0
1526,1319.0
759,797.0
1533,1222.0
4209,242.0
4329,479.0
1159,143.0
5445,208.0
274,1098.0
4977,1786.0
933,466.0
1528,733.0
3770,1640.0
5374,680.0
5201,452.0
3336,1500.0
203,952.0
5631,2320.0
2454,1590.0
5859,1051.0
4953,392.0
1233,369.0
5808,645.0
1760,456.0
5627,954.0
2026,1509.0
4204,2315.0
3994,273.0
5986,82.0
5182,1256.0
4439,102.0
5428,506.0
1904,1238.0
1885,1349.0
4981,1172.0
3039,768.0
932,259.0
2063,450.0
621,2544.0
3165,1548.0
5108,969.0
1256,304.0
237,290.0
694,1295.0
1295,1558.0
4619,1061.0
3551,285.0
3315,235.0
2001,400.0
2197,2022.0
910,1935.0
762,674.0
1996,3990.0
593,380.0
791,3971.0
5994,253.0
727,464.0
4803,1130.0
4362,4411.0
1484,1810.0
5638,412.0
5281,2559.0
4046,965.0
3126,1206.0
2421,2019.0
2565,395.0
5382,85.0
4343,921.0
2703,319.0
5282,795.0
150,688.0
3916,1296.0
962,2386.0
4166,461.0
5449,2142.0
4214,590.0
3527,382.0
4606,1353.0
1107,1016.0
4194,2008.0
4013,793.0
3288,202.0
2591,785.0
4532,1598.0
3513,85.0
595,1788.0
4813,1313.0
2872,3522.0
2601,610.0
5643,984.0
615,1394.0
3135,831.0
3536,1306.0
2251,500.0
5339,955.0
4205,540.0
280,268.0
3968,280.0
3805,273.0
893,625.0
98,2721.0
5355,2600.0
64,817.0
3608,2762.0
5302,229.0
2991,89.0
2050,996.0
1258,668.0
2638,413.0
2256,2425.0
5180,813.0
4204,1097.0
3523,1051.0
2238,1220.0
2342,420.0
1288,1481.0
5678,457.0
1556,377.0
2909,789.0
2965,919.0
5579,510.0
2425,2454.0
4973,523.0
5838,1305.0
3141,402.0
193,892.0
3075,762.0
4560,1486.0
4720,1603.0
3474,1019.0
5986,104.0
3148,615.0
2390,236.0
2854,318.0
2690,1351.0
4619,763.0
2398,2362.0
1947,735.0
2186,626.0
1722,1247.0
2674,3119.0
3369,2514.0
2718,1206.0
5624,832.0
380,555.0
1269,552.0
328,680.0
3039,997.0
3347,1096.0
4879,4295.0
1706,1453.0
3173,346.0
1613,1730.0
3586,1212.0
3251,2018.0
2907,272.0
5321,87.0
5678,924.0
27,642.0
3110,771.0
5211,351.0
4021,1691.0
327,984.0
4509,549.0
4488,1831.0
350,597.0
3698,857.0
22,314.0
1240,1121.0
1352,318.0
3096,523.0
5289,4413.0
4078,162.0
4309,262.0
3999,850.0
2231,1725.0
4397,2662.0
5594,279.0
2397,119.0
3009,3725.0
2809,3892.0
305,1769.0
1440,898.0
4771,141.0
5397,2578.0
2040,1404.0
818,1382.0
727,1418.0
5420,227.0
5669,954.0
5827,401.0
2764,841.0
3697,1098.0
1108,1458.0
1869,260.0
2066,1919.0
18,355.0
738,1511.0
5492,593.0
2544,367.0
4391,686.0
2389,526.0
382,1428.0
2031,859.0
2043,1305.0
5744,1650.0
3133,453.0
4171,958.0
4575,922.0
1612,1479.0
4201,544.0
776,232.0
4012,1500.0
1343,171.0
1724,2675.0
710,250.0
2137,147.0
1693,1054.0
1723,1062.0
2156,1267.0
758,2926.0
4591,231.0
1561,1883.0
3095,2939.0
5544,3149.0
921,1874.0
2354,526.0
4186,1409.0
912,988.0
665,425.0
2507,1079.0
1859,679.0
3602,377.0
2338,1014.0
3585,1894.0
4457,1683.0
1897,1604.0
5168,491.0
5823,2301.0
4187,1498.0
382,515.0
5336,2062.0
5713,589.0
5451,431.0
3184,821.0
5886,1461.0
672,634.0
5798,1340.0
332,3130.0
2376,5559.0
405,2150.0
652,1160.0
1767,1273.0
5076,865.0
2203,2737.0
3872,826.0
3137,131.0
2296,3827.0
2854,1389.0
1332,1161.0
2520,2550.0
4871,543.0
1470,150.0
3341,1207.0
4832,1097.0
4231,505.0
5270,1289.0
387,311.0
4504,379.0
2225,453.0
4777,1420.0
1561,3532.0
1176,901.0
898,968.0
758,2449.0
1246,916.0
3908,809.0
1709,3956.0
3439,1531.0
1494,706.0
1201,1719.0
3994,858.0
5034,1737.0
2682,433.0
3139,1520.0
316,1746.0
3083,431.0
467,2691.0
1122,1192.0
2450,400.0
4753,1477.0
2625,964.0
5158,2118.0
1563,1718.0
448,1700.0
5442,821.0
4135,147.0
1577,218.0
258,417.0
5717,796.0
2059,881.0
238,1569.0
3720,290.0
3222,217.0
3403,1349.0
3555,178.0
4791,1309.0
687,1206.0
1331,198.0
407,220.0
3135,51.0
2307,790.0
1142,1205.0
1974,575.0
415,364.0
3549,1466.0
1025,450.0
4717,2872.0
1215,500.0
777,1905.0
832,2448.0
3552,642.0
3223,770.0
4926,671.0
2687,101.0
4692,1328.0
5566,1596.0
1865,2059.0
3049,729.0
5581,1222.0
1659,384.0
4944,3526.0
149,666.0
3560,1264.0
4799,1297.0
223,568.0
3445,1165.0
1542,728.0
1841,211.0
1258,706.0
4488,693.0
5422,2820.0
1788,582.0
3354,422.0
2491,927.0
3651,682.0
555,1791.0
861,634.0
41,565.0
4525,415.0
3341,405.0
3425,1463.0
2541,1070.0
1215,3508.0
4989,317.0
5054,2067.0
1321,914.0
2608,670.0
3061,458.0
5121,666.0
308,819.0
1309,1424.0
4168,2110.0
3126,2870.0
3379,526.0
1108,1902.0
4448,1462.0
2880,810.0
4444,1430.0
1820,1164.0
3260,532.0
35,869.0
5325,1261.0
701,2717.0
4142,491.0
3382,85.0
4886,422.0
3485,543.0
2138,2166.0
1863,1136.0
3132,104.0
1809,1540.0
4670,2465.0
3319,1318.0
5424,3475.0
4946,1535.0
694,1058.0
4859,1447.0
3877,434.0
3880,270.0
3835,1035.0
1354,2235.0
2588,904.0
3702,777.0
3433,749.0
407,1324.0
2499,838.0
5750,882.0
1005,271.0
334,2088.0
3576,1946.0
3309,371.0
3405,462.0
5626,1521.0
812,1680.0
5669,805.0
1680,101.0
1752,1043.0
1145,1213.0
3770,1985.0
3193,1865.0
736,1694.0
1781,888.0
162,862.0
3546,1962.0
314,1014.0
3142,115.0
1195,218.0
2447,588.0
4531,281.0
2537,510.0
4369,1685.0
3317,326.0
3015,1140.0
2578,1015.0
1664,800.0
881,1347.0
1000,2144.0
5583,626.0
3629,274.0
2757,1269.0
1302,1573.0
267,520.0
473,804.0
5369,2364.0
3150,2395.0
2451,586.0
5435,1064.0
2555,649.0
2774,1113.0
2451,533.0
4819,3483.0
3437,1165.0
1706,1365.0
1267,177.0
3810,4150.0
610,605.0
4221,848.0
2334,1782.0
3684,845.0
206,724.0
1672,3034.0
2738,1575.0
3094,248.0
2887,365.0
519,469.0
2990,2472.0
1224,381.0
4938,385.0
1261,1082.0
2192,1197.0
2879,1087.0
2531,3687.0
5556,1191.0
94,496.0
503,855.0
618,1543.0
4165,1183.0
3581,3380.0
4124,1055.0
2996,1405.0
1526,3182.0
973,1198.0
3769,1172.0
5979,1446.0
1355,726.0
4761,515.0
396,411.0
959,416.0
3803,2553.0
3365,1653.0
1588,1665.0
4499,896.0
5344,590.0
4479,526.0
3178,670.0
4292,1664.0
2390,473.0
1042,544.0
5259,936.0
2222,1848.0
2664,466.0
207,866.0
3439,1455.0
555,136.0
2467,720.0
407,205.0
1536,378.0
5987,3325.0
1096,981.0
2704,482.0
1391,2396.0
5098,1072.0
5413,349.0
105,979.0
3390,1750.0
4661,789.0
4183,930.0
1529,252.0
1661,593.0
848,425.0
3675,381.0
5283,524.0
1538,814.0
3674,1465.0
98,1416.0
4579,583.0
5140,257.0
457,374.0
3802,1464.0
5001,397.0
3317,800.0
5502,1549.0
1081,515.0
2252,699.0
1441,465.0
829,3492.0
4664,1337.0
4838,240.0
1760,459.0
3392,479.0
3248,1067.0
3218,438.0
586,925.0
2376,723.0
5330,1890.0
644,832.0
3132,2819.0
5333,1079.0
1232,2054.0
3793,2176.0
2347,955.0
5827,792.0
2205,310.0
644,1082.0
5799,590.0
2472,195.0
5769,4481.0
3788,488.0
4933,525.0
3036,434.0
3049,657.0
2101,978.0
5380,399.0
4383,2246.0
180,575.0
1280,721.0
270,550.0
5633,355.0
2157,977.0
4736,310.0
4818,1124.0
3575,1183.0
1958,1160.0
1081,540.0
1083,820.0
2001,993.0
4185,1725.0
2794,1753.0
1882,741.0
2378,1410.0
5685,698.0
5842,781.0
801,1497.0
2237,324.0
4692,1055.0
1489,1785.0
2515,1566.0
2110,784.0
5643,2571.0
3090,1234.0
3849,162.0
1381,1144.0
4282,1845.0
5223,2302.0
727,947.0
3740,248.0
1433,2036.0
4914,1210.0
3504,179.0
2197,2396.0
1559,1413.0
1514,3917.0
5701,1591.0
5983,240.0
2375,1022.0
5509,299.0
4618,425.0
2039,2197.0
1708,836.0
2109,1621.0
250,853.0
3733,800.0
81,1603.0
287,1490.0
1097,861.0
4344,1585.0
4737,1593.0
2881,339.0
4576,841.0
3081,1239.0
4607,1129.0
1008,813.0
981,789.0
4798,1390.0
4676,319.0
3547,871.0
722,240.0
2654,1542.0
4924,353.0
1874,641.0
642,1225.0
4496,1602.0
5961,1750.0
3372,1982.0
4100,837.0
4771,419.0
5172,3642.0
4675,164.0
3917,1221.0
3780,3036.0
2175,309.0
2229,1294.0
383,445.0
4288,232.0
5942,236.0
3147,2739.0
3384,840.0
56,2559.0
69,325.0
2715,2580.0
1620,1914.0
1072,996.0
5823,713.0
384,213.0
2342,1532.0
3595,1508.0
2022,733.0
4819,1051.0
1592,240.0
2347,424.0
4527,2771.0
4265,1511.0
3098,1242.0
3011,236.0
267,221.0
5573,395.0
4754,1335.0
3583,1657.0
2203,712.0
2611,657.0
1240,1454.0
3719,682.0
1321,2667.0
1796,687.0
5930,1485.0
4210,1550.0
3667,631.0
1029,1259.0
1067,812.0
5426,1384.0
4977,571.0
4868,554.0
5363,2188.0
5608,1081.0
4107,1615.0
5292,609.0
1327,1246.0
1006,1076.0
5232,421.0
2586,1416.0
5652,2332.0
3314,3320.0
4607,1011.0
5829,2328.0
4688,907.0
2439,1160.0
2218,2264.0
2727,1250.0
2352,583.0
3758,364.0
4837,2068.0
3747,476.0
2546,1559.0
496,723.0
1248,276.0
3580,955.0
4540,2130.0
2239,356.0
2440,596.0
4071,1476.0
3360,2498.0
889,634.0
4608,1949.0
3674,1813.0
265,2889.0
510,112.0
4440,629.0
238,438.0
4219,328.0
406,636.0
117,1052.0
2787,1174.0
1799,1151.0
3944,1413.0
4162,1270.0
5743,467.0
4411,1581.0
5473,2292.0
5861,1265.0
3867,1183.0
3369,1794.0
1956,649.0
5656,1809.0
3429,644.0
5216,947.0
5220,671.0
4830,3634.0
3648,2917.0
5696,943.0
442,105.0
5345,220.0
2933,1121.0
2860,1784.0
721,1361.0
2170,271.0
4571,522.0
1517,374.0
3669,2190.0
2229,349.0
5298,1931.0
2483,2474.0
3454,1731.0
1306,1804.0
1655,1046.0
2779,208.0
241,1135.0
1589,1598.0
4623,1923.0
2498,1442.0
1705,1498.0
323,551.0
4458,342.0
4747,1224.0
1300,392.0
3339,592.0
1741,727.0
1992,462.0
597,2717.0
2881,1105.0
4828,696.0
4834,546.0
459,1652.0
4187,1995.0
1962,1915.0
1448,1161.0
2957,394.0
5587,2377.0
4560,299.0
682,2119.0
5076,989.0
2034,1167.0
4989,1635.0
2813,3093.0
1891,605.0
4058,2161.0
2898,973.0
847,2440.0
2823,669.0
795,677.0
2493,226.0
5862,587.0
227,24.0
2665,1174.0
1296,489.0
3886,1695.0
2831,225.0
1834,943.0
5582,238.0
2115,3367.0
5252,1660.0
3251,1733.0
5753,1256.0
4808,2292.0
3658,1053.0
3142,675.0
4487,469.0
3510,1462.0
1728,2818.0
429,2799.0
3579,2047.0
627,548.0
2247,426.0
4513,1219.0
4254,968.0
5910,1902.0
4244,2473.0
5863,1582.0
2167,1456.0
3547,681.0
3354,481.0
27,1758.0
3901,620.0
1135,1078.0
5352,476.0
1174,163.0
4456,1088.0
5979,2889.0
4337,2168.0
2950,226.0
621,492.0
2882,1926.0
3775,380.0
2844,1592.0
402,572.0
288,1865.0
3856,191.0
2510,704.0
2362,726.0
2291,1894.0
5886,2382.0
741,1219.0
5860,183.0
2229,713.0
3542,2627.0
4903,871.0
3289,2881.0
4888,559.0
5000,629.0
1255,1356.0
2144,1345.0
2797,1495.0
1058,1417.0
4384,135.0
5150,3307.0
4488,1893.0
2662,4202.0
216,252.0
4594,2597.0
4640,1591.0
39,1608.0
3412,2322.0
1380,477.0
388,1519.0
1196,759.0
1791,1726.0
5336,1730.0
125,666.0
3395,396.0
2239,596.0
4261,1565.0
3894,620.0
2639,1082.0
3120,1257.0
5357,537.0
2013,566.0
4869,513.0
259,1568.0
5834,1582.0
552,430.0
1794,1271.0
5039,792.0
3674,897.0
1701,737.0
1301,1204.0
2405,827.0
3436,555.0
1741,1156.0
5171,324.0
2805,988.0
3197,810.0
419,392.0
286,1427.0
5357,1402.0
1624,832.0
939,1439.0
2296,1804.0
1337,1620.0
2271,1219.0
4265,291.0
1932,620.0
923,2211.0
2435,813.0
1082,1604.0
191,1565.0
2381,495.0
2787,1110.0
2673,1391.0
2893,537.0
1097,1198.0
1012,516.0
1190,1051.0
201,1782.0
404,1921.0
2371,3103.0
4411,1140.0
2419,908.0
4256,1937.0
3159,430.0
5143,738.0
4124,813.0
1303,1084.0
632,919.0
4565,2408.0
5242,1569.0
921,1896.0
3546,1470.0
2011,574.0
5071,1286.0
2251,1287.0
3376,1601.0
4785,254.0
1001,961.0
3533,1347.0
1598,1074.0
284,1032.0
5759,1858.0
511,1501.0
3329,631.0
5361,2863.0
735,1513.0
1941,922.0
4249,1984.0
5624,871.0
3605,2283.0
5090,883.0
1815,1676.0
4904,1027.0
2847,1073.0
4894,1402.0
5010,1086.0
3918,365.0
2129,499.0
3298,2674.0
1136,1084.0
2285,1475.0
1927,1305.0
1880,2913.0
1827,754.0
3928,1450.0
2848,446.0
3654,811.0
1515,3298.0
1192,863.0
5741,2968.0
3735,301.0
1573,237.0
5891,1529.0
1446,295.0
4862,513.0
2469,1251.0
4324,1284.0
5792,2037.0
1965,1385.0
702,366.0
4386,1416.0
5234,237.0
653,1415.0
378,875.0
1050,1251.0
1168,408.0
137,1488.0
2586,1731.0
4723,483.0
2234,1311.0
560,2071.0
5332,1633.0
2392,1181.0
3833,855.0
5181,1469.0
40,1589.0
5975,842.0
108,921.0
3080,1053.0
2374,1811.0
4367,1170.0
1370,2208.0
2057,2036.0
2251,960.0
94,2230.0
4484,1151.0
124,848.0
624,1756.0
2758,1111.0
2997,1563.0
2421,3372.0
4048,1630.0
4017,1455.0
2011,762.0
2954,1587.0
701,622.0
4191,1216.0
1005,865.0
2125,736.0
566,775.0
68,272.0
944,549.0
2009,302.0
362,2558.0
1621,850.0
4287,1374.0
1341,1196.0
5997,3548.0
5878,1100.0
5211,3978.0
471,495.0
2747,439.0
1423,502.0
851,1689.0
3254,347.0
3047,1648.0
2576,1412.0
1757,421.0
2299,390.0
3846,933.0
611,738.0
1251,2913.0
3989,1067.0
4729,1090.0
4864,1105.0
5815,2345.0
628,1005.0
1921,509.0
3708,676.0
5038,570.0
2017,909.0
3298,1364.0
2809,1901.0
5105,1946.0
3974,1178.0
4304,1223.0
5023,415.0
4327,895.0
1996,3403.0
357,2947.0
2115,2082.0
3970,742.0
3594,1536.0
933,625.0
1713,683.0
1028,679.0
4916,1535.0
5170,221.0
4969,2622.0
1672,216.0
1173,1478.0
2973,2986.0
4534,1243.0
1473,1182.0
3377,802.0
1711,1614.0
1364,1760.0
1165,1742.0
3646,1582.0
948,1268.0
1957,366.0
565,650.0
4790,797.0
2817,1786.0
899,843.0
5170,2024.0
2295,1086.0
2625,762.0
2833,1151.0
457,256.0
3916,2036.0
5281,575.0
2712,804.0
4813,1644.0
3712,148.0
5874,1051.0
423,3171.0
2238,681.0
2247,446.0
4374,490.0
1486,1859.0
4307,86.0
913,984.0
1689,1477.0
4920,648.0
3304,2406.0
2683,912.0
3517,1422.0
2072,640.0
5005,520.0
253,616.0
4225,2591.0
5954,891.0
1441,507.0
2608,937.0
5641,259.0
2141,1170.0
2975,1312.0
5308,627.0
5720,478.0
1089,480.0
5439,426.0
5029,425.0
4835,2189.0
2092,2251.0
5415,604.0
5341,565.0
2663,1155.0
2533,728.0
364,1883.0
4316,2841.0
1269,371.0
5441,619.0
4830,534.0
2837,242.0
1180,185.0
2408,761.0
2023,1895.0
4082,1789.0
2456,1079.0
5508,1525.0
937,318.0
5054,1972.0
4829,1487.0
5761,1074.0
5173,796.0
1115,473.0
1481,663.0
4842,1405.0
1254,1047.0
3530,551.0
4213,1084.0
4245,2290.0
2709,522.0
2481,782.0
4413,1532.0
2398,1277.0
3312,516.0
3930,1394.0
713,2924.0
3261,577.0
1983,1576.0
4182,2545.0
4227,804.0
702,1193.0
239,1095.0
5318,1857.0
1991,2125.0
5422,282.0
5405,2289.0
3309,646.0
1785,824.0
4713,621.0
5402,1424.0
2578,1158.0
4449,63.0
1078,548.0
108,1221.0
2478,1972.0
5710,728.0
4244,1727.0
3511,1044.0
1521,1290.0
1850,177.0
1925,1062.0
961,1866.0
384,2188.0
1118,1100.0
5775,155.0
4830,465.0
2137,576.0
2865,1125.0
19,924.0
4306,1187.0
3184,290.0
542,32.0
622,1679.0
3920,2852.0
4705,1228.0
4018,626.0
1021,2496.0
2081,1058.0
4882,848.0
4462,465.0
2691,381.0
582,581.0
3337,2446.0
3377,905.0
1100,2625.0
3501,277.0
3489,978.0
4883,1099.0
4997,1848.0
2533,1050.0
3766,1786.0
4341,1167.0
2190,131.0
517,721.0
1405,687.0
4523,448.0
1122,315.0
839,201.0
2351,1344.0
3151,649.0
5429,582.0
2724,612.0
165,920.0
2498,1085.0
80,1161.0
2087,887.0
2503,698.0
5140,2256.0
5805,375.0
4727,1216.0
2947,430.0
1449,1637.0
772,1921.0
1989,769.0
355,1924.0
3135,468.0
1815,1408.0
5232,723.0
2449,2109.0
4343,857.0
3950,1629.0
2771,1078.0
3344,2479.0
3811,477.0
549,651.0
1174,1635.0
4661,483.0
2731,1827.0
4403,567.0
2701,1841.0
5555,1617.0
3756,764.0
3856,286.0
1819,1454.0
840,1434.0
682,2156.0
1474,3810.0
133,1585.0
2402,1268.0
3388,993.0
2824,384.0
3887,496.0
4885,356.0
1772,700.0
239,210.0
5119,621.0
3650,326.0
5539,2106.0
2158,874.0
4290,437.0
865,596.0
3791,2758.0
4958,952.0
4985,2273.0
1710,303.0
503,687.0
2697,1700.0
1055,849.0
896,504.0
3,3472.0
3219,3954.0
3479,1895.0
4017,1682.0
5413,1637.0
68,545.0
5924,259.0
3785,576.0
331,1481.0
630,121.0
440,1347.0
1257,855.0
2318,4148.0
4668,719.0
1690,505.0
5647,824.0
2422,302.0
475,1405.0
257,568.0
659,317.0
3824,136.0
5541,862.0
3352,1411.0
2484,1440.0
5626,273.0
1665,1656.0
649,1273.0
1825,1175.0
3741,666.0
5097,535.0
3993,2846.0
71,738.0
5108,581.0
5846,715.0
2196,913.0
3575,1418.0
3776,1721.0
3739,2084.0
5789,725.0
1,1274.0
3431,335.0
3956,872.0
5159,1455.0
5277,45.0
1458,1556.0
2205,965.0
1238,714.0
1895,1029.0
3433,1865.0
4846,678.0
2546,1213.0
3826,733.0
133,1276.0
4871,1295.0
1805,1395.0
2583,427.0
3712,896.0
3234,1431.0
1282,2527.0
1080,369.0
763,308.0
1429,472.0
3976,3880.0
5795,345.0
81,2009.0
5676,1851.0
821,833.0
5526,557.0
4810,629.0
4732,1302.0
2035,1415.0
3097,704.0
5554,695.0
5433,1789.0
5703,792.0
1662,1435.0
5633,1643.0
2390,1477.0
2321,1317.0
5189,2459.0
3325,1405.0
5612,1201.0
2019,1513.0
1662,1016.0
111,1013.0
4533,146.0
5790,1194.0
4189,511.0
4870,1342.0
4012,739.0
129,608.0
2182,505.0
1357,753.0
173,1717.0
4280,2057.0
3458,894.0
3824,303.0
4805,901.0
3096,2412.0
5311,1636.0
5844,435.0
2436,1205.0
5358,1112.0
2568,226.0
5712,938.0
5444,2074.0
3008,275.0
4593,1434.0
3019,909.0
911,1152.0
4635,1073.0
3003,778.0
5379,1330.0
4384,667.0
3692,711.0
5129,1237.0
5628,443.0
1140,2351.0
1615,1872.0
4917,1393.0
4926,2916.0
4166,2634.0
302,912.0
4912,1003.0
103,683.0
4898,690.0
3135,1724.0
5926,693.0
4114,1475.0
5961,495.0
3921,2561.0
3600,893.0
952,464.0
1745,444.0
3094,1412.0
59,2114.0
3312,2339.0
5248,1654.0
3697,308.0
5322,1534.0
2177,536.0
562,1868.0
5271,537.0
5029,603.0
1933,844.0
1842,476.0
1089,903.0
411,1419.0
1575,634.0
3384,1034.0
3855,679.0
3159,1210.0
5719,394.0
5961,936.0
3625,584.0
5026,2794.0
5176,754.0
4012,604.0
5095,180.0
3770,688.0
1242,1330.0
2517,815.0
2971,155.0
2085,844.0
527,1662.0
3356,882.0
3664,1995.0
4965,640.0
4559,769.0
268,848.0
1518,1120.0
5436,523.0
2579,637.0
592,2632.0
5657,778.0
4361,1651.0
104,1047.0
2332,2590.0
2358,2008.0
1017,733.0
5133,3738.0
2147,59.0
2647,1396.0
4313,22.0
4355,721.0
5849,1733.0
1301,523.0
3586,628.0
4136,1197.0
4194,1631.0
2313,193.0
579,1137.0
5809,1273.0
5647,360.0
2168,169.0
4318,1237.0
2145,1364.0
1337,1602.0
4061,1435.0
1117,520.0
3622,787.0
1352,1177.0
4423,2361.0
157,1391.0
1522,1828.0
1967,1435.0
4569,939.0
3187,286.0
3511,462.0
1362,313.0
5969,3951.0
802,898.0
2684,2455.0
5330,837.0
621,1106.0
4716,1050.0
4708,373.0
5656,695.0
5168,918.0
3348,346.0
5865,2930.0
2052,1007.0
5219,745.0
5440,253.0
1072,874.0
2801,755.0
2283,2862.0
4401,1115.0
993,192.0
1695,1034.0
5398,2443.0
2724,595.0
802,681.0
2081,2233.0
1140,3078.0
5603,1144.0
5081,706.0
433,2242.0
3799,1428.0
3571,1723.0
2446,1292.0
2293,1242.0
1254,263.0
3248,174.0
2851,2439.0
921,175.0
4108,1028.0
5211,1723.0
4057,137.0
805,162.0
1980,2674.0
5746,790.0
3896,1420.0
1005,655.0
1707,261.0
4635,1400.0
4049,1916.0
2123,1326.0
5735,828.0
206,1073.0
5207,376.0
463,91.0
5222,1084.0
4360,3907.0
1488,1523.0
4339,719.0
4835,2220.0
5000,699.0
4042,751.0
1924,842.0
983,221.0
770,990.0
2715,1109.0
727,1102.0
1943,2056.0
1072,156.0
2601,1243.0
1944,513.0
1472,495.0
2391,954.0
4748,962.0
915,1718.0
2263,409.0
3163,1313.0
177,2747.0
1294,846.0
358,699.0
5943,787.0
3252,407.0
1492,847.0
2060,669.0
3871,587.0
4331,596.0
1567,2973.0
2837,2128.0
2024,430.0
2616,595.0
1449,2000.0
2177,383.0
322,2657.0
3088,1014.0
4180,180.0
2541,1368.0
3380,568.0
4960,775.0
3591,5998.0
2597,886.0
3035,2580.0
3757,447.0
3852,219.0
3336,517.0
1354,2068.0
3596,945.0
3753,397.0
5451,411.0
35,991.0
5584,1463.0
3494,568.0
3398,1204.0
1030,320.0
1909,1516.0
2276,1360.0
5702,1353.0
3157,749.0
5493,14.0
1212,678.0
3213,368.0
546,410.0
5302,2638.0
3932,541.0
1557,2727.0
2526,316.0
1569,1579.0
4046,1217.0
687,715.0
2305,666.0
5630,829.0
1810,1495.0
1538,339.0
4374,751.0
1853,723.0
1843,115.0
5898,1640.0
293,2242.0
3872,2470.0
3595,2269.0
5799,2735.0
5807,1675.0
2582,675.0
2880,92.0
1345,1481.0
1480,714.0
1130,636.0
1737,1805.0
2198,1226.0
1234,421.0
3962,412.0
3520,278.0
5222,2716.0
482,463.0
2546,1622.0
5003,103.0
5391,1649.0
1708,566.0
2624,569.0
474,1362.0
591,2666.0
1212,293.0
1508,1421.0
1030,3139.0
1080,95.0
1654,2278.0
3157,2485.0
221,1553.0
4149,2010.0
707,182.0
814,1152.0
3753,1121.0
2502,1444.0
2083,244.0
2545,1786.0
5262,2419.0
233,2134.0
1412,501.0
1724,866.0
1562,273.0
290,179.0
450,333.0
3219,383.0
62,1319.0
581,278.0
65,2028.0
3893,1042.0
5904,1391.0
5532,1079.0
5549,537.0
5017,2186.0
1177,2497.0
4438,517.0
1069,1625.0
1021,439.0
2182,1356.0
4654,1546.0
102,1759.0
373,2360.0
2079,847.0
4665,144.0
3101,181.0
1901,613.0
5765,3834.0
1447,325.0
5056,1492.0
5483,855.0
3600,1603.0
5410,1299.0
4613,734.0
433,546.0
5669,1372.0
4762,1627.0
1758,987.0
3724,399.0
1405,1817.0
4910,985.0
85,1765.0
1748,1843.0
1678,747.0
3232,778.0
5319,495.0
3653,2756.0
4429,1517.0
1552,482.0
3530,797.0
1899,473.0
1910,258.0
2815,1819.0
5760,505.0
4145,146.0
5192,1847.0
1048,306.0
1621,677.0
4651,1384.0
541,2272.0
4232,206.0
2359,273.0
4530,1560.0
326,896.0
4298,1570.0
4470,3406.0
4253,1234.0
4101,1837.0
2908,769.0
4675,2757.0
4199,249.0
5476,1981.0
1964,1357.0
5126,1430.0
2012,2269.0
3361,553.0
919,105.0
3435,899.0
3157,368.0
5421,1002.0
3611,620.0
5642,910.0
2598,772.0
3845,1187.0
1295,619.0
1445,196.0
5281,3086.0
4241,1504.0
3617,2026.0
2799,638.0
1728,1217.0
5248,2406.0
2125,445.0
4745,635.0
1361,599.0
3744,760.0
5386,1322.0
2711,799.0
1940,1395.0
4539,1040.0
3999,919.0
2221,1771.0
2646,978.0
5442,2082.0
2109,1151.0
2295,1055.0
3970,1301.0
2233,1186.0
1002,711.0
5826,1406.0
3186,410.0
649,1860.0
3185,4120.0
4538,311.0
580,717.0
5114,441.0
4871,107.0
1994,2408.0
5949,1205.0
2261,827.0
1176,1095.0
5795,1048.0
1909,736.0
4615,2379.0
4517,1090.0
2471,129.0
4148,385.0
317,1120.0
356,556.0
470,868.0
3847,1976.0
4279,203.0
865,2880.0
3707,859.0
2509,2647.0
766,2203.0
5641,1559.0
2967,364.0
3841,929.0
2213,1455.0
5950,217.0
2914,1886.0
1160,1976.0
3576,2102.0
3888,2394.0
3714,1298.0
840,1470.0
4159,1524.0
5444,546.0
2883,221.0
4072,305.0
3300,1937.0
4571,760.0
2879,1269.0
911,459.0
866,836.0
1173,2005.0
5871,1229.0
5359,1138.0
2787,1055.0
2333,830.0
5471,2714.0
5473,3735.0
3897,774.0
2617,2534.0
4864,28.0
5731,775.0
2256,1540.0
11,2053.0
3104,1893.0
3098,288.0
1292,3158.0
5290,876.0
997,726.0
5281,517.0
2441,2820.0
5275,1168.0
5826,870.0
3981,943.0
2081,931.0
5823,1075.0
56,692.0
3414,1698.0
3811,2232.0
1193,382.0
5764,823.0
5837,2042.0
1362,727.0
3641,1864.0
5912,2029.0
5870,1307.0
2663,787.0
2657,370.0
1052,772.0
355,2280.0
883,509.0
5750,1417.0
3672,1381.0
5481,2383.0
3863,2043.0
1512,720.0
3525,697.0
5078,1221.0
3674,558.0
3019,956.0
5153,609.0
5372,906.0
5125,1161.0
1692,1325.0
5773,841.0
5498,652.0
5566,802.0
2523,714.0
4896,905.0
3469,786.0
2269,839.0
5330,205.0
235,766.0
4134,779.0
2307,343.0
873,1092.0
3790,290.0
4453,632.0
1914,913.0
298,552.0
4417,1016.0
5180,378.0
3986,471.0
1499,1411.0
4828,627.0
4056,825.0
3432,701.0
745,238.0
3468,390.0
467,2040.0
4640,153.0
4120,450.0
655,1716.0
3031,186.0
990,1471.0
3378,173.0
3016,1569.0
2371,431.0
2313,850.0
4439,743.0
1524,1072.0
5054,679.0
5189,221.0
4115,492.0
3540,1234.0
654,391.0
3511,897.0
518,1481.0
5629,1922.0
3996,492.0
2289,213.0
1808,156.0
3637,413.0
2889,425.0
2133,1276.0
269,579.0
5434,920.0
1270,483.0
2742,195.0
4347,1297.0
5960,850.0
3041,689.0
1844,389.0
2123,805.0
818,1740.0
1800,287.0
3099,1456.0
3400,270.0
1582,772.0
5603,1400.0
3635,74.0
5163,498.0
5964,643.0
30,1611.0
3051,5065.0
5534,1009.0
2110,604.0
3118,1703.0
2738,437.0
3101,1573.0
1240,573.0
1753,2155.0
4249,319.0
2546,1294.0
5925,1310.0
3155,808.0
5728,1871.0
1037,657.0
5580,581.0
328,1679.0
2964,1565.0
4520,946.0
5387,2260.0
3080,2297.0
1160,1283.0
5112,1338.0
807,401.0
1801,595.0
4576,380.0
1947,22.0
1833,223.0
4328,1386.0
4931,712.0
4433,1754.0
2579,653.0
2885,625.0
5945,1028.0
5294,1108.0
5824,1426.0
4183,1750.0
2078,389.0
5189,2658.0
2271,362.0
4352,633.0
525,3163.0
2383,525.0
295,1449.0
2882,749.0
637,456.0
4223,622.0
2039,1941.0
1416,1326.0
3336,2128.0
4262,3201.0
421,759.0
2560,1621.0
3824,546.0
2759,459.0
1797,428.0
751,719.0
5874,672.0
3943,836.0
3310,1002.0
4271,942.0
141,2018.0
3127,1496.0
4755,442.0
2368,1506.0
4005,2182.0
2416,466.0
2129,725.0
2530,95.0
2689,399.0
5883,459.0
3422,315.0
2070,283.0
1464,1180.0
5761,1709.0
1718,330.0
4664,657.0
888,1319.0
699,85.0
1007,2906.0
2496,1959.0
4917,519.0
2195,2072.0
2334,1155.0
5237,2165.0
3688,860.0
5069,321.0
3923,627.0
1734,158.0
218,1405.0
5145,31.0
2274,216.0
3315,913.0
1527,1709.0
1009,3685.0
4624,708.0
1201,579.0
2076,3022.0
4180,706.0
2829,1912.0
4228,480.0
5213,2367.0
232,1399.0
3594,2013.0
5711,1977.0
5235,1184.0
1715,1511.0
1639,1551.0
990,1172.0
2728,1366.0
5353,1145.0
2571,2460.0
2125,1279.0
5919,931.0
1704,1197.0
4999,1212.0
500,975.0
3050,687.0
2227,2662.0
787,495.0
3377,1563.0
4713,538.0
2463,4320.0
2918,1407.0
4945,1408.0
2476,1604.0
1832,887.0
2048,2062.0
622,651.0
4651,1135.0
325,416.0
5551,1001.0
5025,631.0
3138,1490.0
4384,387.0
4563,826.0
771,1478.0
3888,230.0
5983,493.0
1218,300.0
2012,1271.0
5959,1558.0
506,1552.0
297,1447.0
2661,526.0
1702,1123.0
5591,284.0
2319,206.0
99,1299.0
2603,998.0
3329,2308.0
5655,536.0
2222,176.0
5783,557.0
483,1372.0
3249,25.0
4326,2086.0
2247,600.0
541,586.0
1110,3356.0
5037,2370.0
1119,301.0
710,832.0
1741,538.0
5779,2152.0
5657,3658.0
5900,1800.0
1751,525.0
2495,1576.0
1171,644.0
500,3714.0
1521,359.0
1260,1190.0
3871,1565.0
1260,1752.0
5671,479.0
853,1055.0
5002,680.0
3081,208.0
2679,607.0
3703,1549.0
602,1824.0
5744,1795.0
4650,2955.0
1837,779.0
1947,514.0
166,226.0
3718,408.0
3146,825.0
1265,459.0
3397,307.0
3191,1795.0
5693,1076.0
4161,138.0
2243,1604.0
1404,1030.0
51,1187.0
557,467.0
5137,708.0
1746,1195.0
2268,869.0
3900,934.0
4993,1027.0
2306,839.0
1893,1850.0
5107,2346.0
743,1047.0
3106,2325.0
2174,237.0
1499,1598.0
1614,265.0
1264,689.0
4961,652.0
984,923.0
5997,814.0
1377,1532.0
1439,783.0
572,991.0
5419,1586.0
3821,1231.0
4281,1703.0
566,649.0
4025,981.0
4022,1349.0
5314,600.0
3949,197.0
3777,411.0
3800,1017.0
5767,3387.0
899,925.0
5898,3597.0
4967,1737.0
3538,274.0
4807,300.0
1071,276.0
2917,2429.0
3919,1708.0
188,1995.0
5926,617.0
5417,817.0
2444,1520.0
4891,3564.0
5503,791.0
5494,1043.0
1406,963.0
1145,51.0
5800,661.0
5421,605.0
862,1177.0
3714,787.0
5975,1401.0
3571,1522.0
4027,896.0
5382,4260.0
2267,529.0
4322,644.0
5640,562.0
2541,320.0
3975,731.0
498,1891.0
4368,1041.0
1931,385.0
1890,429.0
1357,669.0
56,1783.0
3987,1226.0
5340,1522.0
1764,1496.0
5973,413.0
2038,1245.0
1686,172.0
3421,2674.0
3137,2425.0
3416,1433.0
769,1278.0
2731,2693.0
1063,768.0
1546,614.0
2145,1242.0
3232,2102.0
1994,916.0
3714,2315.0
5774,818.0
856,1017.0
2418,1314.0
4723,787.0
5225,764.0
792,153.0
5045,2319.0
4053,1452.0
5229,614.0
1927,1593.0
3602,282.0
3889,286.0
5622,2062.0
3144,1502.0
2944,1565.0
5180,1300.0
5464,1630.0
4162,964.0
2390,1232.0
3864,3136.0
1862,4649.0
3549,1998.0
2744,158.0
2589,867.0
3215,343.0
4094,1362.0
2022,1855.0
5468,2744.0
2843,1657.0
3241,1229.0
779,1384.0
4524,1908.0
584,251.0
2122,805.0
5248,2275.0
2750,1273.0
3641,4219.0
5583,560.0
1232,1116.0
3680,1324.0
4806,1667.0
886,1023.0
622,2669.0
3446,2644.0
4194,1230.0
4321,2299.0
2959,886.0
4654,366.0
3868,426.0
2369,1085.0
1204,173.0
4888,341.0
4421,1938.0
3160,175.0
5944,3007.0
4412,1966.0
2831,621.0
1090,571.0
999,1135.0
5895,1368.0
5338,813.0
4830,770.0
4694,1595.0
5073,698.0
4014,2000.0
5536,786.0
774,500.0
196,134.0
2255,605.0
5095,680.0
2914,1472.0
2494,721.0
1987,2807.0
3280,1541.0
449,220.0
164,1071.0
4765,1070.0
4586,2999.0
2945,1753.0
3370,939.0
5026,1146.0
2791,583.0
2428,591.0
701,893.0
3873,1173.0
1503,2196.0
826,1915.0
1437,2462.0
5674,705.0
4332,2226.0
2164,1992.0
1986,157.0
2078,563.0
1756,323.0
3540,213.0
101,214.0
5386,446.0
4236,846.0
5723,1722.0
5656,1087.0
1849,847.0
5251,1000.0
3040,575.0
3099,1591.0
2879,1094.0
4312,3610.0
3814,515.0
2282,564.0
3940,158.0
2941,407.0
4990,602.0
4112,339.0
4327,1323.0
1236,1616.0
508,2707.0
5287,652.0
1232,1930.0
2491,1605.0
5397,662.0
5121,282.0
4864,354.0
134,1219.0
5936,1147.0
128,1364.0
212,2480.0
1652,1920.0
3964,537.0
4381,1304.0
4242,974.0
4355,3374.0
5515,279.0
5654,1367.0
