order_id,customer_state,distance_km,seller_delay_d,freight_value,order_value
1,RS,136.8,1,49.96,159.26
2,BA,502.2,3,53.42,186.16
3,BA,207.5,2,19.24,182.31
4,RS,187.4,1,25.09,41.41
5,MG,178.4,0,47.23,201.45
6,BA,390.7,1,7.57,46.82
7,RS,165.7,1,2.61,229.62
8,RJ,363.5,0,16.52,105.77
9,SP,242.3,1,9.72,63.43
10,RJ,227.4,0,28.93,190.32
11,RJ,288.0,2,7.85,81.64
12,RS,237.5,1,17.8,149.15
13,RS,326.2,3,8.78,150.51
14,SP,261.5,1,13.83,58.6
15,MG,411.8,0,10.78,151.23
16,RS,95.1,1,15.25,87.77
17,SP,323.7,1,26.56,293.68
18,BA,315.2,2,27.5,269.1
19,SP,105.6,2,9.46,65.9
20,MG,279.0,1,32.15,94.97
21,RS,294.9,2,5.38,153.22
22,RJ,58.2,2,27.13,35.01
23,RJ,73.1,1,26.42,115.09
24,RJ,233.0,2,29.59,87.47
25,BA,284.3,2,0.38,87.91
26,RJ,44.6,1,4.96,248.56
27,RS,137.7,2,17.51,55.7
28,MG,168.2,0,10.44,98.53
29,MG,202.9,0,20.52,205.96
30,MG,175.8,1,4.72,95.21
31,MG,116.0,0,36.17,153.7
32,MG,282.8,1,4.73,111.72
33,MG,314.9,1,34.32,176.26
34,RS,418.6,0,22.64,177.05
35,RS,108.9,1,0.3,107.8
36,BA,224.4,3,8.07,365.71
37,BA,343.9,1,11.35,160.07
38,BA,404.9,1,8.3,281.63
39,RJ,397.2,3,10.29,120.18
40,RS,75.0,3,15.95,198.42
41,MG,88.2,4,31.42,152.68
42,RJ,225.9,2,5.32,75.44
43,RS,179.3,3,7.87,181.18
44,SP,27.2,2,15.6,207.26
45,RS,760.0,0,16.7,163.2
46,BA,237.2,2,20.25,108.63
47,SP,621.6,0,7.51,186.92
48,SP,253.1,0,26.57,135.07
49,MG,332.0,4,39.73,133.99
50,SP,350.6,0,8.17,162.1
51,SP,247.3,3,22.58,21.09
52,MG,155.0,1,16.34,176.65
53,RS,219.7,4,11.44,118.45
54,MG,552.6,3,41.47,168.84
55,RS,88.7,1,8.77,118.19
56,RS,146.0,0,18.03,55.25
57,RS,237.5,0,74.92,120.47
58,BA,266.0,2,9.69,108.08
59,MG,246.1,3,11.67,130.88
60,MG,38.5,2,3.13,92.6
61,RJ,309.8,0,24.96,141.34
62,MG,89.7,2,26.3,41.04
63,RJ,189.4,1,19.41,90.96
64,RJ,327.7,3,7.79,121.29
65,RS,317.0,2,33.24,167.94
66,SP,458.5,0,13.72,85.6
67,SP,261.9,0,6.49,166.71
68,SP,498.6,3,4.81,57.55
69,RS,120.8,3,24.44,108.68
70,BA,292.0,0,17.68,251.84
71,RS,188.8,1,13.9,99.21
72,RJ,203.6,1,14.99,171.05
73,BA,418.0,2,7.56,496.99
74,RJ,692.3,2,11.57,94.17
75,MG,1081.7,3,11.61,172.33
76,SP,320.7,1,5.04,116.18
77,BA,18.2,0,19.68,128.4
78,RS,267.2,1,31.6,90.76
79,BA,89.0,1,32.9,280.63
80,SP,204.9,2,13.89,228.93
81,MG,192.9,1,41.12,278.34
82,RJ,253.7,2,13.93,21.15
83,RS,407.8,0,13.97,107.73
84,RS,338.8,1,18.7,170.33
85,SP,440.9,1,21.71,58.02
86,MG,90.7,2,28.45,101.87
87,RS,498.0,1,11.73,139.49
88,RS,255.3,1,44.06,110.47
89,BA,244.7,0,8.06,206.87
90,BA,193.8,1,43.69,57.69
91,SP,719.3,1,43.72,113.39
92,BA,161.5,2,27.69,188.65
93,MG,148.4,0,9.23,165.88
94,SP,369.6,1,6.22,125.41
95,RJ,247.7,3,11.34,79.58
96,MG,111.2,3,12.48,136.96
97,BA,299.0,1,12.58,212.42
98,MG,145.1,2,15.17,203.77
99,BA,394.6,1,8.2,45.21
100,RS,88.4,0,30.2,156.54
101,BA,255.1,2,21.98,122.62
102,RJ,226.4,3,17.81,36.9
103,BA,417.5,2,13.74,155.73
104,MG,244.0,0,25.71,23.03
105,SP,330.4,4,4.66,165.35
106,SP,249.0,1,3.43,156.2
107,BA,195.4,0,4.97,50.74
108,RJ,120.9,2,2.75,207.59
109,MG,311.9,0,8.6,47.96
110,RJ,248.3,2,3.05,50.2
111,RJ,491.7,0,3.13,51.91
112,SP,161.2,2,6.58,188.39
113,RJ,259.6,4,7.15,154.43
114,RS,316.7,2,12.95,193.64
115,MG,176.0,1,3.73,121.07
116,RJ,199.8,1,14.01,206.39
117,MG,206.7,0,8.02,89.44
118,RS,306.8,0,31.3,94.95
119,RJ,576.3,2,23.88,46.37
120,MG,328.0,1,14.23,36.32
121,MG,86.4,1,7.59,68.78
122,BA,135.5,6,47.31,81.81
123,MG,235.6,1,57.39,112.87
124,BA,365.1,2,18.51,41.74
125,MG,275.5,0,17.24,88.48
126,BA,349.4,2,17.82,228.9
127,RS,150.0,3,3.64,126.64
128,SP,868.1,1,9.37,84.12
129,MG,204.4,1,55.91,128.97
130,MG,83.9,3,39.92,48.21
131,RJ,249.1,1,4.5,110.17
132,RJ,626.1,2,5.98,94.48
133,SP,131.7,5,19.21,106.47
134,MG,343.9,1,44.2,50.89
135,RS,317.7,1,23.66,149.38
136,SP,558.1,1,7.96,44.64
137,MG,294.7,0,10.6,341.6
138,RS,397.9,2,13.41,72.54
139,RS,291.8,1,12.03,84.26
140,RJ,323.4,0,42.57,49.91
141,SP,135.1,2,19.06,96.02
142,BA,116.7,2,32.82,197.75
143,SP,280.2,0,14.83,317.46
144,RJ,243.1,0,11.07,106.93
145,MG,265.7,1,3.54,261.29
146,RS,479.6,1,5.4,221.81
147,SP,101.2,2,18.32,120.88
148,BA,238.2,5,12.62,34.63
149,MG,455.8,1,7.5,167.46
150,SP,104.0,1,12.37,164.79
151,RS,131.0,1,9.02,86.7
152,RS,62.4,0,22.79,200.43
153,MG,348.1,1,22.09,94.82
154,RS,314.4,1,7.45,80.84
155,BA,83.5,0,14.31,76.74
156,RS,453.6,0,15.23,122.43
157,RS,179.0,1,11.56,136.6
158,MG,195.5,2,2.53,68.26
159,RJ,318.3,1,29.04,405.35
160,SP,377.0,3,44.34,136.56
161,MG,127.1,2,22.95,135.0
162,SP,280.0,0,10.22,177.51
163,BA,228.8,0,28.52,202.89
164,RS,519.4,1,30.11,45.34
165,RJ,148.6,3,8.44,179.27
166,MG,515.3,3,5.68,168.98
167,SP,64.3,1,13.24,228.95
168,SP,341.8,0,48.45,217.01
169,RJ,548.5,2,12.16,134.75
170,RS,354.1,3,14.15,73.88
171,RS,491.7,1,18.05,262.92
172,BA,425.6,2,7.44,15.43
173,MG,86.7,1,28.72,166.3
174,MG,161.4,3,12.2,327.61
175,SP,463.2,0,19.12,199.06
176,RJ,282.4,1,21.73,134.25
177,RS,223.0,1,5.14,196.52
178,MG,523.4,3,29.49,235.65
179,RJ,319.4,3,9.73,295.7
180,RJ,49.2,1,36.88,78.0
181,BA,110.5,1,0.87,111.31
182,SP,254.5,1,4.76,42.13
183,RS,187.3,1,31.37,108.78
184,RS,124.8,1,19.33,3.89
185,MG,208.0,1,23.29,195.75
186,MG,182.3,1,3.97,79.52
187,BA,237.3,1,1.91,17.0
188,MG,227.9,0,20.63,194.8
189,MG,193.4,2,19.4,181.05
190,RJ,177.9,2,33.47,100.62
191,MG,240.0,2,13.56,136.79
192,BA,215.8,3,17.46,203.5
193,SP,238.7,1,24.76,80.25
194,SP,232.5,0,5.14,50.5
195,BA,137.5,2,14.22,234.79
196,RJ,269.4,2,19.78,27.34
197,RS,115.4,2,25.34,70.09
198,SP,325.7,1,9.05,294.19
199,RS,583.8,1,10.25,177.67
200,SP,224.9,0,8.05,89.45
201,MG,250.4,1,2.82,62.8
202,RS,728.6,0,22.43,57.67
203,SP,225.9,0,22.16,105.18
204,BA,114.6,0,18.05,105.05
205,BA,301.4,2,9.85,74.95
206,MG,131.2,2,1.33,90.0
207,SP,350.4,1,14.65,173.64
208,MG,103.1,0,3.65,173.01
209,MG,256.2,2,2.38,99.04
210,RS,283.2,1,27.08,100.75
211,BA,447.7,2,17.67,130.44
212,RJ,305.1,2,6.18,159.36
213,SP,112.1,4,41.19,65.14
214,MG,273.9,0,27.13,7.15
215,RJ,254.6,1,11.24,152.66
216,BA,543.5,1,6.83,239.57
217,RS,187.2,1,22.86,45.43
218,RJ,207.2,2,9.32,21.69
219,RS,309.8,0,7.52,152.96
220,MG,208.6,1,3.94,112.99
221,MG,121.0,3,12.85,44.22
222,BA,149.6,0,31.74,77.33
223,BA,259.6,2,22.69,181.16
224,RS,237.5,0,11.56,181.67
225,RS,128.4,1,30.78,28.01
226,SP,208.5,1,32.65,25.79
227,MG,250.7,3,19.07,199.81
228,RS,48.7,2,21.59,253.89
229,RJ,80.5,1,46.4,112.33
230,SP,51.1,2,40.44,100.84
231,MG,68.5,0,15.13,120.73
232,BA,270.6,0,21.57,201.39
233,BA,257.1,0,21.95,149.15
234,RS,60.8,1,12.05,300.16
235,BA,351.2,0,3.97,109.06
236,SP,406.6,1,41.49,42.38
237,RS,241.0,2,11.76,127.92
238,MG,294.1,1,13.96,203.37
239,RS,297.3,0,30.04,295.19
240,RS,160.1,1,1.74,119.54
241,RS,525.9,1,10.48,34.06
242,SP,129.3,3,8.59,256.74
243,RS,182.6,3,12.55,84.72
244,BA,33.2,1,27.2,236.25
245,MG,360.7,0,11.75,88.54
246,BA,157.2,0,27.8,173.45
247,RS,568.0,4,59.96,141.25
248,MG,74.7,1,27.83,97.14
249,SP,540.8,1,0.3,183.84
250,BA,39.5,0,14.34,185.54
251,RJ,212.0,0,15.52,26.31
252,RJ,233.7,1,11.49,153.95
253,SP,179.5,0,30.15,110.32
254,SP,518.6,6,27.83,48.21
255,RS,127.0,1,4.37,295.6
256,RJ,190.0,0,8.53,113.14
257,SP,240.7,1,45.03,83.76
258,SP,226.0,4,32.44,217.22
259,RJ,197.3,1,1.85,409.62
260,RJ,292.5,2,8.71,78.27
261,RJ,199.9,1,6.17,33.39
262,RS,487.6,3,10.22,102.96
263,RS,140.6,3,6.05,77.44
264,MG,224.2,2,14.86,85.64
265,RS,304.8,2,19.36,184.57
266,RJ,322.4,1,21.39,155.89
267,SP,496.8,1,32.1,283.63
268,RJ,164.5,3,9.83,246.86
269,SP,394.5,1,9.55,96.82
270,RS,226.4,1,28.14,116.4
271,RJ,58.9,1,8.58,48.81
272,MG,372.1,1,3.56,102.81
273,RJ,96.2,1,6.72,167.56
274,RS,169.7,1,39.17,69.68
275,SP,306.6,2,8.62,291.87
276,MG,163.2,1,12.32,178.77
277,RS,128.9,0,2.02,159.78
278,MG,310.2,0,16.0,60.94
279,RS,401.0,1,24.68,113.21
280,RS,158.3,0,23.39,162.97
281,BA,187.1,2,32.18,150.05
282,BA,289.4,2,13.64,85.71
283,MG,240.3,3,8.16,40.86
284,MG,197.6,3,21.6,146.97
285,RS,590.1,0,11.4,122.05
286,MG,192.1,2,20.99,77.32
287,RS,130.1,0,6.69,110.9
288,RS,181.4,1,24.33,97.69
289,RJ,284.9,2,35.02,115.96
290,MG,147.5,0,9.28,317.88
291,BA,124.1,2,12.2,202.96
292,RS,78.9,1,13.85,98.6
293,SP,656.1,0,26.94,92.87
294,SP,315.5,1,8.32,44.01
295,RJ,105.5,0,3.29,309.19
296,MG,304.8,2,17.12,64.3
297,SP,293.8,2,9.38,123.28
298,MG,434.0,0,7.94,75.71
299,MG,123.3,1,15.69,122.47
300,RS,434.4,0,30.21,145.18
301,BA,358.9,4,10.93,52.48
302,RJ,106.1,1,51.92,228.97
303,BA,255.1,1,14.12,207.94
304,RS,261.5,0,15.48,207.53
305,BA,275.1,1,23.06,134.79
306,BA,44.2,3,24.56,190.09
307,RJ,265.0,1,6.44,190.97
308,BA,182.4,2,7.63,60.1
309,SP,361.3,0,27.62,238.71
310,BA,258.6,2,1.64,93.82
311,RS,159.9,3,23.45,141.7
312,RS,120.5,1,29.05,48.55
313,RJ,194.8,1,14.64,71.63
314,RJ,269.2,0,13.56,126.52
315,BA,221.2,4,13.01,61.4
316,RJ,88.0,1,32.69,121.17
317,BA,518.8,2,36.77,75.53
318,RJ,364.7,1,1.67,177.24
319,SP,238.6,0,10.0,158.21
320,SP,257.9,5,33.12,60.04
321,MG,313.8,1,8.44,109.13
322,RJ,263.4,2,17.38,32.23
323,RJ,203.6,1,25.64,157.61
324,RS,420.0,0,0.7,213.46
325,RS,209.4,1,72.57,67.07
326,RS,193.2,1,19.55,49.85
327,MG,237.4,1,5.82,52.72
328,SP,217.2,0,22.07,155.17
329,BA,255.0,2,9.28,249.52
330,BA,1064.5,0,18.13,70.5
331,RS,169.4,3,13.58,200.08
332,MG,300.4,1,12.76,96.43
333,SP,372.3,2,20.0,84.46
334,MG,85.1,2,16.56,172.05
335,MG,197.4,1,14.43,170.2
336,BA,81.4,2,3.7,77.06
337,RJ,148.2,1,16.76,64.87
338,RJ,83.5,2,27.56,335.03
339,SP,258.7,0,30.34,212.0
340,RS,159.4,4,17.84,197.07
341,BA,399.6,0,12.57,217.85
342,MG,193.0,3,33.68,261.03
343,RJ,182.0,2,26.02,72.67
344,BA,158.7,2,6.01,62.49
345,MG,136.0,1,13.89,215.52
346,BA,400.8,2,14.54,89.86
347,SP,92.9,2,28.17,111.42
348,SP,436.2,1,16.2,74.07
349,BA,204.1,3,35.16,98.17
350,SP,98.8,0,66.52,246.36
351,BA,242.7,0,2.45,41.36
352,MG,154.3,2,22.34,122.69
353,SP,150.6,3,3.83,387.05
354,BA,447.2,2,3.0,228.05
355,BA,324.2,2,17.34,378.51
356,RS,21.5,2,26.9,179.64
357,RS,201.9,1,26.06,185.32
358,BA,200.7,0,19.07,185.99
359,RS,169.2,1,4.61,187.32
360,SP,514.4,2,13.38,214.44
361,RS,130.2,1,37.99,210.08
362,RS,132.3,2,55.4,211.35
363,BA,247.5,1,28.98,59.03
364,RS,415.7,1,12.92,49.8
365,BA,84.9,0,16.35,23.91
366,RS,201.0,1,13.18,74.17
367,RS,188.3,0,7.94,112.61
368,MG,321.6,1,17.88,173.88
369,RS,698.6,0,20.29,160.4
370,RS,357.4,2,8.07,146.63
371,RJ,171.3,0,2.81,218.2
372,SP,137.4,2,51.67,21.84
373,SP,26.6,2,24.18,144.14
374,SP,235.8,1,16.92,218.94
375,MG,369.7,1,19.44,142.9
376,SP,332.9,0,19.17,120.01
377,RJ,161.9,3,28.39,64.75
378,RJ,519.0,1,16.06,58.72
379,BA,105.4,0,30.55,122.8
380,RJ,408.4,2,13.04,16.03
381,RS,300.7,2,18.78,65.97
382,SP,158.0,1,20.2,300.66
383,RS,402.2,1,8.13,16.54
384,MG,110.0,1,36.67,110.35
385,RJ,127.6,2,11.66,171.82
386,SP,277.5,0,8.13,59.53
387,RJ,598.5,3,20.16,117.66
388,MG,373.1,0,19.47,110.77
389,SP,151.6,2,21.21,69.54
390,SP,543.5,3,55.71,141.13
391,SP,766.9,0,13.97,286.1
392,BA,271.1,0,14.63,113.56
393,SP,242.8,1,1.98,169.06
394,SP,116.6,3,4.49,78.95
395,MG,114.4,1,13.84,84.11
396,RJ,86.0,4,12.2,144.47
397,MG,118.3,0,25.13,46.07
398,RS,74.0,2,24.44,80.83
399,RS,187.9,3,4.57,45.49
400,MG,140.0,1,17.21,151.97
401,BA,176.3,1,15.88,66.4
402,RS,288.2,1,30.16,52.22
403,MG,111.2,1,9.74,36.13
404,BA,141.0,1,7.3,37.03
405,RJ,241.0,6,8.41,21.59
406,BA,759.2,2,9.72,44.44
407,RJ,365.7,1,3.22,162.34
408,SP,50.8,2,27.16,120.31
409,BA,332.5,1,18.6,35.17
410,MG,300.9,1,21.1,167.84
411,RJ,189.4,2,8.29,108.53
412,SP,20.8,2,16.3,116.82
413,RJ,127.8,2,26.22,121.99
414,RS,275.7,2,14.72,260.05
415,MG,593.0,2,29.68,16.85
416,RS,387.5,1,17.42,296.05
417,RS,185.0,0,9.27,132.11
418,RS,184.1,3,25.97,432.13
419,SP,309.7,1,39.74,152.96
420,SP,297.8,0,36.45,63.56
421,MG,484.1,0,10.59,123.62
422,RJ,20.6,2,30.39,106.68
423,RS,231.7,1,24.58,120.87
424,RJ,198.5,2,12.9,245.91
425,SP,155.2,2,9.99,173.99
426,SP,180.0,1,23.05,107.76
427,RJ,146.6,2,12.6,66.2
428,BA,135.8,0,16.19,80.85
429,SP,68.3,2,13.66,219.41
430,BA,151.0,5,18.86,183.11
431,RJ,299.2,2,9.87,80.11
432,RJ,428.6,1,18.45,278.99
433,BA,216.4,1,13.89,130.48
434,RS,580.6,2,8.33,424.03
435,MG,508.8,4,31.23,140.93
436,BA,47.2,0,62.24,195.9
437,RJ,253.9,2,9.75,166.47
438,SP,248.2,1,24.3,39.42
439,RS,327.2,1,9.56,100.05
440,BA,437.8,2,45.38,178.9
441,BA,177.7,2,26.76,60.42
442,RS,402.3,2,51.44,210.76
443,MG,57.5,1,21.12,230.42
444,SP,328.2,0,12.82,33.86
445,MG,99.5,1,26.22,117.71
446,MG,98.8,0,4.79,49.08
447,RJ,381.7,2,1.76,111.4
448,BA,147.7,3,14.91,129.81
449,RJ,331.0,0,42.51,181.68
450,BA,218.8,2,8.66,103.41
451,BA,271.4,2,12.26,349.8
452,SP,181.6,2,33.68,85.0
453,MG,65.9,3,13.25,62.77
454,BA,461.3,1,36.62,82.02
455,SP,462.3,1,21.65,318.18
456,BA,247.9,1,28.58,127.29
457,RS,217.2,2,24.56,156.07
458,RS,142.1,1,14.22,47.38
459,BA,122.5,1,12.48,216.96
460,RS,119.9,0,5.11,95.78
461,RJ,89.5,2,7.8,98.84
462,RJ,211.8,2,8.98,140.98
463,SP,453.6,3,18.17,145.85
464,BA,173.2,1,41.34,57.62
465,RJ,301.1,0,3.76,117.58
466,RS,311.0,0,19.6,141.44
467,MG,142.0,1,20.16,17.91
468,RS,341.2,1,11.62,188.05
469,SP,221.8,7,14.88,133.22
470,SP,513.0,0,5.0,161.14
471,RJ,478.9,2,11.79,44.34
472,SP,197.7,2,38.7,163.69
473,MG,198.4,0,6.33,107.06
474,BA,573.9,2,63.99,105.69
475,BA,124.2,3,15.68,106.44
476,RJ,623.5,0,5.63,269.36
477,SP,470.3,3,14.67,176.32
478,MG,174.8,2,0.33,119.67
479,BA,219.5,3,15.23,145.13
480,RS,383.9,0,58.15,80.1
481,RS,107.1,1,2.52,111.51
482,RJ,120.2,1,4.82,92.18
483,SP,385.0,1,14.81,25.11
484,RJ,283.9,0,6.16,316.53
485,RS,297.3,0,42.54,63.6
486,MG,850.1,2,5.75,159.74
487,RS,268.8,2,17.31,46.24
488,BA,176.3,1,20.37,233.94
489,MG,415.1,1,6.95,301.48
490,SP,332.6,2,6.48,103.79
491,MG,173.6,1,7.34,265.03
492,RJ,123.6,0,2.41,106.94
493,RS,304.8,3,13.56,52.64
494,SP,181.0,2,9.72,177.46
495,SP,138.7,2,21.41,68.9
496,BA,153.2,1,19.34,31.58
497,BA,492.2,4,22.0,86.57
498,RS,210.0,2,16.89,83.78
499,MG,270.6,2,12.93,230.58
500,RJ,84.0,0,7.99,19.03
501,RJ,93.3,2,15.85,172.55
502,RJ,61.5,3,22.7,224.16
503,BA,248.7,2,8.5,82.73
504,MG,153.7,2,16.4,118.92
505,RJ,44.6,3,17.97,105.75
506,RJ,732.3,2,5.64,52.63
507,BA,242.5,2,4.18,148.86
508,RJ,139.4,4,37.36,113.09
509,RJ,410.8,0,3.24,53.74
510,RJ,298.8,3,15.45,187.18
511,RS,289.4,0,10.69,224.07
512,MG,523.7,2,17.1,99.2
513,MG,205.9,1,3.61,30.91
514,SP,361.3,1,27.63,164.65
515,RJ,128.9,3,36.26,219.67
516,BA,108.3,1,35.84,72.07
517,BA,115.1,1,6.33,86.11
518,MG,273.9,1,15.54,112.15
519,RS,237.3,1,35.25,58.08
520,RJ,168.0,1,13.92,138.72
521,SP,297.5,3,6.36,168.82
522,SP,433.2,0,2.5,176.27
523,SP,87.7,0,16.91,41.74
524,BA,335.6,3,14.77,187.25
525,RS,396.5,2,9.98,116.04
526,SP,285.6,1,3.09,140.11
527,MG,321.0,1,3.83,30.25
528,SP,195.2,1,3.55,106.7
529,RS,102.7,2,6.33,120.75
530,SP,433.2,2,23.42,295.92
531,BA,139.3,1,19.19,206.84
532,SP,327.7,2,40.92,81.78
533,BA,510.1,1,71.11,70.18
534,RS,428.7,0,11.6,128.64
535,BA,265.6,1,23.87,126.13
536,RJ,266.5,3,9.98,74.45
537,RS,434.0,1,2.07,258.78
538,RJ,478.6,1,15.99,41.17
539,BA,118.6,2,14.64,152.66
540,RS,82.8,1,1.45,88.55
541,MG,285.1,1,1.47,46.99
542,BA,327.7,3,26.22,153.12
543,RS,240.6,2,1.31,108.93
544,SP,246.3,4,23.66,122.7
545,SP,179.8,2,23.18,215.66
546,MG,269.2,1,4.93,62.1
547,SP,75.8,1,17.04,70.97
548,RS,316.7,3,18.96,39.48
549,RS,396.6,1,12.25,107.72
550,RJ,320.6,0,28.24,140.22
551,RJ,118.1,1,14.26,26.27
552,BA,177.7,1,14.08,18.43
553,MG,273.9,2,9.77,161.58
554,SP,218.2,1,34.73,18.1
555,BA,271.9,1,2.92,155.8
556,BA,288.2,2,12.19,94.47
557,SP,118.1,2,12.8,52.99
558,BA,306.6,3,27.91,241.69
559,MG,760.8,4,10.42,138.86
560,RS,183.9,0,48.52,118.9
561,RS,144.8,2,18.23,246.6
562,BA,281.2,0,0.78,85.21
563,RJ,257.6,0,9.37,58.02
564,RJ,405.1,0,14.71,93.88
565,BA,338.0,1,33.69,50.66
566,SP,410.2,2,9.52,181.03
567,RJ,183.1,0,12.79,163.37
568,MG,399.2,2,11.58,240.11
569,RS,353.4,0,48.9,403.79
570,BA,461.5,0,24.45,227.04
571,RS,494.5,2,22.63,84.8
572,SP,135.7,1,35.54,204.86
573,RJ,122.2,2,21.36,161.54
574,RJ,170.8,0,15.71,71.33
575,BA,501.0,1,39.86,33.66
576,MG,285.7,2,14.73,45.51
577,RJ,86.7,2,4.69,249.24
578,BA,209.2,2,22.09,72.28
579,BA,78.7,1,15.0,149.22
580,RS,675.5,0,7.97,160.48
581,MG,329.5,1,18.28,254.58
582,SP,105.4,3,16.17,129.15
583,RS,301.0,4,10.89,139.16
584,SP,850.1,0,59.19,129.28
585,SP,308.2,1,41.14,86.99
586,BA,91.6,1,27.01,126.5
587,MG,189.0,0,2.88,176.51
588,BA,357.1,2,6.02,158.63
589,SP,597.3,1,13.9,115.3
590,BA,371.9,2,22.55,337.86
591,MG,342.6,3,25.53,133.72
592,RS,114.9,0,5.67,328.14
593,BA,359.5,0,15.71,105.89
594,RS,552.9,2,14.26,111.73
595,BA,138.0,1,9.36,66.83
596,RS,137.0,2,8.43,115.55
597,SP,133.8,0,41.65,222.02
598,BA,301.7,0,2.76,149.4
599,BA,219.3,1,21.57,72.44
600,RJ,604.3,1,5.83,50.25
601,RJ,504.5,0,59.56,119.47
602,BA,353.3,1,3.72,77.41
603,SP,293.6,3,31.32,220.53
604,SP,81.3,1,7.12,65.6
605,RS,206.2,0,7.72,101.85
606,BA,241.3,2,8.16,148.05
607,MG,575.2,4,32.84,71.21
608,BA,246.5,2,13.09,25.8
609,RJ,455.3,2,8.05,196.98
610,BA,313.6,2,9.92,204.61
611,RJ,352.2,2,43.98,116.12
612,MG,186.2,1,4.5,128.7
613,SP,85.9,4,8.57,120.25
614,RJ,389.1,2,4.49,75.04
615,RJ,445.2,0,21.03,300.89
616,MG,57.8,1,10.85,130.48
617,MG,175.6,0,15.02,82.3
618,SP,228.6,3,6.59,111.8
619,RJ,362.8,2,14.18,34.04
620,RS,98.1,1,10.76,31.66
621,MG,703.6,3,13.51,179.44
622,MG,215.0,1,8.7,244.74
623,SP,318.3,2,0.19,103.64
624,RJ,240.3,3,13.27,111.19
625,RS,464.9,3,12.58,47.27
626,MG,370.0,1,5.68,72.5
627,SP,441.7,1,7.75,71.07
628,BA,193.0,1,12.81,319.52
629,BA,303.0,1,27.45,96.11
630,RJ,355.5,1,22.43,183.13
631,SP,794.1,1,16.79,124.29
632,RS,398.7,1,3.56,184.54
633,RJ,247.4,0,26.91,353.28
634,RS,538.5,2,15.28,120.41
635,RJ,169.6,0,15.63,156.61
636,RJ,319.0,0,13.19,186.88
637,BA,307.5,1,23.46,166.56
638,SP,191.0,0,7.54,395.93
639,SP,215.3,1,5.73,248.29
640,BA,326.3,0,11.15,51.27
641,RS,76.0,0,24.01,77.85
642,RS,266.0,2,34.13,269.34
643,SP,49.1,1,24.25,88.13
644,SP,42.7,2,31.21,158.15
645,RJ,428.0,3,14.81,90.97
646,BA,235.0,1,25.34,138.88
647,RS,370.1,2,41.79,76.36
648,RS,303.0,2,15.03,200.82
649,RJ,500.2,2,22.61,86.78
650,RS,219.6,1,21.33,94.08
651,RJ,175.6,2,9.87,516.98
652,SP,202.7,2,29.01,42.68
653,MG,11.7,0,5.61,196.78
654,SP,51.5,1,11.89,135.49
655,BA,376.9,2,14.37,356.85
656,RS,54.1,0,19.33,143.87
657,SP,314.0,2,7.18,140.84
658,SP,364.9,2,15.04,160.9
659,SP,102.9,1,19.65,67.01
660,SP,110.9,1,11.63,67.49
661,MG,92.5,1,13.9,92.84
662,MG,125.5,0,2.72,142.46
663,RS,193.5,2,4.56,190.47
664,MG,149.9,1,6.21,89.59
665,RS,173.3,0,9.69,175.6
666,BA,127.2,0,5.93,260.09
667,RS,616.8,0,20.87,114.42
668,SP,245.4,1,28.73,88.14
669,MG,155.7,1,48.99,80.03
670,RS,111.4,0,4.12,74.92
671,BA,321.4,1,17.92,231.42
672,RJ,243.9,1,51.45,221.89
673,RS,387.8,2,22.72,180.32
674,BA,235.7,4,8.32,80.89
675,SP,357.9,1,21.13,134.45
676,SP,154.4,1,31.92,43.3
677,RJ,60.5,3,39.01,124.32
678,MG,159.5,1,5.33,112.34
679,SP,115.9,2,35.39,129.2
680,SP,120.1,1,15.43,78.67
681,SP,352.0,0,27.99,402.37
682,RJ,305.5,3,7.48,46.44
683,RJ,249.2,1,21.5,37.97
684,RJ,171.9,2,5.87,79.77
685,MG,329.1,0,22.36,89.36
686,BA,209.8,2,23.77,89.47
687,RJ,262.7,0,2.1,78.56
688,MG,362.9,1,19.62,78.42
689,BA,193.9,1,18.0,284.5
690,SP,178.5,0,5.82,421.28
691,RS,432.5,0,17.34,72.08
692,RS,182.7,2,19.41,38.19
693,RJ,225.5,0,9.08,143.24
694,RS,431.7,0,11.81,138.68
695,RJ,204.5,0,14.25,77.6
696,RS,171.0,0,36.82,134.13
697,BA,577.1,1,6.36,67.06
698,RJ,336.0,1,44.1,291.67
699,SP,119.7,3,4.76,91.01
700,RJ,241.6,2,5.67,183.28
701,BA,166.2,2,55.46,142.75
702,RJ,207.6,1,4.89,139.47
703,MG,504.8,0,19.24,229.2
704,SP,66.7,1,18.39,193.67
705,MG,71.4,0,11.58,128.45
706,SP,323.1,0,24.67,147.68
707,RS,157.1,2,20.89,233.8
708,MG,140.3,2,31.7,48.63
709,RS,83.7,1,26.43,96.81
710,SP,502.8,1,26.19,77.43
711,SP,461.4,2,34.59,46.04
712,SP,207.7,1,5.05,18.67
713,MG,155.4,1,11.43,50.17
714,RS,340.8,3,19.58,36.25
715,BA,407.4,2,48.94,176.86
716,MG,285.6,1,4.35,114.57
717,RS,223.9,1,14.86,88.7
718,SP,106.4,1,2.28,200.07
719,SP,263.3,0,62.1,25.88
720,BA,698.6,1,22.66,144.14
721,RS,128.7,4,31.34,70.68
722,RJ,75.0,1,7.42,31.9
723,RJ,213.8,3,29.93,64.44
724,MG,429.5,0,20.6,158.4
725,BA,447.1,1,20.14,37.38
726,RJ,171.3,2,57.29,147.79
727,RS,168.9,0,24.39,177.37
728,MG,528.0,5,4.56,178.23
729,BA,265.0,0,17.41,111.55
730,BA,382.4,2,15.76,75.09
731,MG,218.8,1,31.41,66.83
732,MG,359.0,0,44.75,129.57
733,RS,250.0,2,7.64,103.92
734,RJ,486.7,2,22.14,280.25
735,RS,133.9,2,5.48,46.34
736,BA,97.9,3,10.39,44.55
737,SP,319.7,1,5.09,341.34
738,RS,50.6,0,3.97,140.26
739,RJ,312.8,1,18.58,134.46
740,SP,441.1,1,15.48,55.59
741,RJ,315.4,0,1.24,130.98
742,SP,260.9,2,17.04,160.69
743,RJ,344.9,0,10.23,73.94
744,SP,259.3,1,22.58,224.48
745,MG,82.5,3,9.33,365.51
746,RS,224.0,2,31.7,300.52
747,RS,129.8,2,15.43,257.56
748,RS,534.0,1,14.14,116.49
749,RJ,366.0,2,8.73,137.62
750,RJ,217.9,2,12.34,145.85
751,BA,292.8,1,43.76,54.57
752,RS,199.7,1,5.35,91.77
753,RS,514.4,1,2.65,51.14
754,RJ,139.3,3,9.8,58.59
755,BA,668.7,1,21.31,255.27
756,MG,449.1,1,32.45,87.23
757,MG,120.8,2,24.46,44.38
758,MG,185.1,2,8.82,44.96
759,MG,280.6,0,0.22,130.86
760,RS,326.9,3,7.58,45.7
761,BA,433.5,4,7.46,59.55
762,SP,183.0,3,3.87,245.83
763,BA,132.6,1,7.63,148.5
764,RJ,237.9,1,24.95,36.1
765,RJ,136.2,2,3.91,35.24
766,MG,182.1,1,12.73,176.71
767,RS,109.1,0,11.34,225.19
768,SP,774.0,2,4.74,222.76
769,MG,356.0,2,11.74,172.63
770,RJ,228.0,0,40.19,113.2
771,RS,360.8,1,26.46,160.73
772,MG,237.0,0,86.12,248.38
773,RS,157.4,1,38.2,74.29
774,RS,324.9,0,17.9,110.58
775,SP,100.0,2,35.4,159.92
776,BA,144.2,1,13.18,386.06
777,BA,408.8,1,16.7,137.27
778,RS,260.9,2,6.96,153.23
779,RS,377.6,1,19.56,264.46
780,BA,288.2,3,18.47,37.79
781,RS,95.8,5,5.23,242.54
782,BA,180.2,1,14.83,73.14
783,RJ,428.0,1,9.37,195.42
784,RS,221.2,1,43.15,148.34
785,BA,379.5,0,3.71,197.57
786,BA,246.3,1,0.57,148.64
787,RS,104.7,2,17.3,96.99
788,BA,398.0,2,22.91,233.68
789,RJ,195.0,1,22.97,181.05
790,RJ,60.2,2,12.27,89.79
791,RJ,549.8,2,17.42,42.31
792,SP,216.3,1,15.17,85.34
793,SP,164.0,1,18.69,193.99
794,BA,181.8,2,20.7,93.16
795,BA,282.4,0,26.59,75.75
796,SP,57.0,3,11.02,92.11
797,RJ,183.3,1,1.96,491.93
798,RS,37.3,1,9.53,56.58
799,RS,404.5,1,23.43,107.21
800,MG,245.2,0,20.92,54.33
801,RS,399.2,2,10.55,41.46
802,RJ,577.5,0,65.9,30.15
803,RS,155.1,0,12.24,296.54
804,RS,25.0,3,12.91,201.58
805,MG,408.6,1,5.5,89.39
806,SP,133.0,1,2.8,71.59
807,RJ,46.0,1,23.72,60.75
808,MG,315.9,2,22.62,55.22
809,RJ,137.6,0,1.66,82.78
810,SP,617.8,1,39.57,47.82
811,SP,355.7,4,21.99,252.33
812,RS,48.9,2,9.46,149.7
813,RJ,238.5,2,29.01,168.75
814,MG,158.1,3,7.52,86.74
815,MG,369.5,0,23.95,107.82
816,RS,202.6,1,10.91,103.62
817,SP,468.2,2,6.58,38.37
818,RJ,345.1,0,17.08,88.86
819,MG,752.8,1,7.21,140.8
820,RS,314.7,1,28.21,49.17
821,MG,158.7,3,14.24,143.2
822,BA,228.3,3,8.09,153.01
823,RS,140.5,1,11.45,46.74
824,BA,110.4,4,43.28,248.06
825,RS,268.6,0,16.22,165.18
826,RS,324.8,0,9.99,13.16
827,RJ,192.9,2,6.03,49.12
828,MG,244.5,3,23.82,290.82
829,RJ,119.9,0,20.65,69.82
830,MG,153.0,2,5.61,165.35
831,SP,172.9,1,4.85,56.89
832,BA,56.2,1,11.97,122.46
833,RJ,160.3,1,5.52,75.63
834,RS,107.3,1,3.08,74.72
835,BA,178.2,1,18.1,158.57
836,RJ,45.4,0,5.04,75.98
837,MG,294.3,1,6.54,129.09
838,BA,460.1,2,23.54,123.19
839,MG,209.4,0,11.96,170.76
840,RJ,299.8,0,22.71,80.41
841,SP,239.2,2,9.0,24.61
842,MG,351.9,3,3.94,63.67
843,MG,233.6,2,28.28,92.37
844,BA,74.0,1,19.96,243.45
845,SP,577.3,0,11.3,221.49
846,SP,69.9,1,19.88,80.23
847,BA,320.9,0,20.32,268.95
848,BA,363.7,0,3.2,22.38
849,BA,88.1,2,3.72,34.98
850,SP,170.3,2,23.12,197.13
851,BA,184.1,2,11.07,102.32
852,RS,241.8,0,12.84,94.35
853,BA,358.1,1,28.93,74.27
854,MG,88.8,1,6.93,129.85
855,MG,199.3,1,9.11,98.5
856,MG,378.5,3,24.36,29.56
857,SP,397.5,0,13.94,103.34
858,BA,412.4,3,14.02,70.01
859,MG,362.8,0,2.95,99.94
860,MG,195.3,0,28.87,132.84
861,RS,110.4,0,31.67,32.01
862,BA,427.4,0,10.5,227.5
863,RS,208.2,4,41.35,222.07
864,SP,350.3,1,19.92,235.09
865,RS,115.3,1,5.2,15.22
866,MG,66.3,3,5.72,217.65
867,MG,289.0,2,14.35,148.44
868,MG,534.4,2,19.27,52.52
869,SP,160.3,3,44.03,48.77
870,RS,89.8,0,14.72,107.72
871,BA,303.3,1,14.6,210.45
872,SP,287.9,0,23.3,131.75
873,RS,161.3,1,14.11,181.75
874,MG,78.6,2,17.88,158.09
875,SP,518.1,1,28.31,99.29
876,BA,172.5,1,8.28,94.59
877,SP,494.9,0,9.54,118.45
878,MG,76.8,1,69.03,71.8
879,BA,268.9,0,9.33,209.92
880,SP,131.8,2,29.24,240.78
881,BA,192.5,1,6.36,108.5
882,MG,301.3,0,2.8,87.17
883,RJ,188.1,4,34.87,90.08
884,RJ,346.2,4,4.2,173.03
885,SP,266.3,2,52.01,64.18
886,SP,140.2,3,12.87,284.31
887,RJ,89.2,2,3.65,133.17
888,RS,118.3,0,20.56,71.12
889,MG,368.9,1,15.58,173.22
890,SP,106.0,1,26.78,196.81
891,BA,45.9,6,4.79,133.58
892,MG,355.5,0,6.53,105.87
893,RS,405.0,1,6.31,134.52
894,BA,94.3,3,7.6,134.45
895,RS,325.6,0,12.61,105.0
896,BA,145.8,2,23.51,79.87
897,SP,102.2,1,9.01,97.35
898,MG,305.7,1,7.96,132.08
899,MG,109.3,3,8.57,221.18
900,RS,322.2,0,39.0,271.58
901,SP,209.9,5,16.55,227.73
902,MG,94.6,3,25.16,294.13
903,RS,389.3,3,5.47,79.92
904,BA,138.4,1,32.48,202.53
905,SP,181.4,3,12.41,153.29
906,RS,317.1,2,8.8,171.77
907,RJ,434.6,2,18.24,58.61
908,BA,159.6,0,15.61,113.3
909,BA,225.0,0,4.4,149.33
910,BA,119.0,1,33.02,81.63
911,MG,70.8,1,1.97,88.08
912,MG,277.5,1,39.84,76.29
913,SP,320.8,4,9.93,291.05
914,MG,456.5,2,7.82,120.82
915,RJ,202.2,0,6.11,126.63
916,RJ,626.6,1,63.95,34.6
917,SP,123.8,2,29.62,118.58
918,BA,145.8,0,11.79,100.3
919,RS,266.4,0,19.87,61.41
920,RJ,56.6,0,12.41,195.55
921,MG,303.3,0,19.96,182.01
922,MG,213.1,3,35.35,9.04
923,SP,241.5,2,11.14,113.99
924,BA,75.8,4,9.0,197.22
925,RS,184.2,1,49.48,25.53
926,MG,299.4,0,18.61,77.06
927,SP,326.6,1,41.75,200.34
928,RJ,242.9,1,9.02,86.09
929,SP,346.5,3,19.03,71.73
930,RS,690.5,1,14.56,114.05
931,RS,207.3,3,1.89,24.3
932,RJ,95.8,3,8.62,113.66
933,RJ,696.4,1,12.68,76.12
934,RS,129.0,0,16.74,54.78
935,SP,452.6,0,16.96,53.55
936,BA,295.1,0,7.76,108.11
937,RS,130.2,1,14.63,119.25
938,MG,358.9,0,15.27,30.13
939,BA,619.8,0,26.17,105.12
940,BA,30.5,1,26.32,27.93
941,RS,278.3,4,26.05,201.49
942,SP,245.7,2,6.44,139.6
943,BA,527.0,1,2.72,94.75
944,RJ,355.2,1,17.28,78.69
945,RS,101.1,0,6.84,72.06
946,RS,26.8,1,10.65,167.15
947,RJ,304.9,3,21.32,159.79
948,MG,363.2,2,12.05,63.49
949,MG,176.3,1,26.94,198.99
950,MG,205.8,2,12.5,139.11
951,RS,111.3,0,17.41,78.39
952,BA,344.4,0,7.46,140.04
953,BA,237.0,1,6.19,64.76
954,BA,351.6,1,24.11,317.38
955,RJ,190.6,0,9.94,171.33
956,MG,133.9,1,26.02,167.38
957,RJ,152.6,1,36.21,170.72
958,MG,609.7,1,8.6,37.43
959,SP,459.4,1,25.51,113.74
960,SP,408.4,2,6.74,78.9
961,RJ,463.1,0,22.54,219.39
962,RJ,206.6,4,46.49,100.74
963,BA,230.9,0,15.82,106.21
964,RJ,86.9,0,13.3,352.96
965,RJ,344.0,0,23.67,248.47
966,MG,446.8,2,25.52,165.35
967,MG,183.4,1,8.12,207.03
968,RS,598.9,1,8.87,212.56
969,MG,122.3,4,33.4,130.73
970,RJ,216.2,7,6.52,282.9
971,RJ,257.1,3,30.03,99.82
972,MG,434.2,2,19.58,76.01
973,RS,467.2,2,21.43,79.0
974,RJ,141.1,1,16.57,28.36
975,RJ,393.0,1,18.81,73.25
976,MG,975.8,1,9.45,124.95
977,BA,163.7,3,1.76,106.44
978,RS,367.5,1,11.57,108.17
979,RJ,207.7,1,29.85,65.29
980,RS,384.9,3,82.83,78.98
981,RS,198.3,0,7.23,310.52
982,RJ,386.6,1,24.97,176.6
983,RJ,143.1,2,39.78,82.35
984,RJ,267.3,2,29.61,164.73
985,RJ,342.7,1,28.75,49.31
986,RS,243.4,2,14.37,123.47
987,RJ,160.7,0,8.59,184.43
988,MG,551.4,1,19.82,43.43
989,RS,187.5,1,9.62,318.81
990,BA,430.0,1,29.87,257.19
991,SP,203.2,1,14.69,174.36
992,SP,309.8,3,20.54,73.5
993,RJ,287.0,2,29.19,181.85
994,RS,193.5,1,14.38,122.96
995,RJ,243.7,1,20.89,132.37
996,RJ,98.5,3,17.32,402.72
997,MG,206.5,2,2.08,98.35
998,MG,220.7,1,28.75,65.5
999,SP,243.4,1,10.08,56.26
1000,SP,140.1,2,2.48,50.57
1001,RS,152.0,1,9.2,51.63
1002,MG,54.0,1,10.71,244.0
1003,RJ,417.3,4,18.57,128.96
1004,RS,154.3,0,30.22,55.66
1005,MG,116.8,3,11.29,160.62
1006,RS,39.5,0,14.95,86.91
1007,SP,156.6,1,14.58,70.72
1008,MG,393.1,0,14.57,63.44
1009,RS,562.6,2,2.86,231.91
1010,BA,46.9,2,21.28,27.57
1011,BA,544.7,0,35.27,117.35
1012,MG,156.9,1,47.89,212.3
1013,RS,112.6,0,6.7,253.82
1014,RJ,227.9,3,34.43,149.08
1015,BA,211.9,0,13.39,378.61
1016,MG,386.7,2,28.4,121.45
1017,RJ,206.8,1,4.02,160.97
1018,RJ,203.3,1,8.05,135.65
1019,MG,239.3,2,13.28,158.72
1020,RJ,322.5,2,3.72,178.78
1021,MG,469.6,0,3.23,152.22
1022,BA,249.3,1,3.01,83.03
1023,RS,332.9,0,16.84,33.45
1024,BA,397.1,1,13.27,203.0
1025,MG,342.4,1,37.84,185.03
1026,SP,255.3,0,14.33,123.71
1027,SP,141.8,3,4.67,162.6
1028,BA,170.1,2,2.72,325.51
1029,MG,149.3,0,13.97,85.37
1030,RS,542.1,3,46.8,122.88
1031,MG,72.8,1,33.87,92.79
1032,MG,429.0,1,20.54,148.93
1033,RJ,444.2,2,8.94,105.41
1034,SP,308.6,2,18.21,65.22
1035,SP,173.2,1,9.85,90.02
1036,BA,250.7,1,11.05,95.56
1037,MG,308.9,0,19.61,85.75
1038,RJ,251.2,2,10.32,251.43
1039,RJ,72.4,2,9.44,54.61
1040,BA,141.9,1,10.32,29.48
1041,RJ,203.3,1,39.24,23.58
1042,RJ,134.5,2,7.97,158.8
1043,RJ,285.4,1,20.01,164.02
1044,BA,244.1,1,15.93,155.41
1045,RS,591.1,0,50.61,144.66
1046,RJ,188.5,3,3.75,235.28
1047,RJ,213.9,2,14.6,101.44
1048,MG,550.9,1,17.35,212.04
1049,SP,388.1,3,10.52,43.99
1050,MG,125.0,2,9.63,53.99
1051,RS,359.3,2,34.32,38.86
1052,BA,135.9,1,26.15,153.04
1053,SP,309.1,0,13.39,170.28
1054,RJ,761.8,6,34.92,154.05
1055,SP,208.9,3,25.73,60.14
1056,RS,404.0,3,9.52,206.69
1057,RJ,339.5,0,15.3,105.44
1058,RJ,532.1,1,1.46,118.64
1059,RS,177.8,3,15.5,48.86
1060,RJ,257.6,2,23.09,48.58
1061,RJ,353.1,2,20.36,105.29
1062,RJ,202.0,2,19.93,120.98
1063,RJ,172.4,1,11.88,26.27
1064,SP,290.9,0,29.79,197.69
1065,BA,377.7,2,14.39,227.94
1066,MG,337.3,4,10.92,177.37
1067,RS,146.0,0,7.7,42.72
1068,BA,282.0,0,17.84,51.66
1069,RJ,262.4,2,16.99,119.05
1070,BA,492.3,1,13.74,102.41
1071,RS,158.4,0,20.33,123.18
1072,SP,198.9,0,14.33,47.92
1073,SP,565.1,3,21.66,199.35
1074,SP,205.2,0,11.8,101.05
1075,SP,136.1,2,9.64,198.06
1076,RJ,188.2,0,16.92,84.82
1077,BA,182.4,2,14.03,136.48
1078,BA,180.3,3,20.52,203.51
1079,RJ,535.9,2,23.37,140.6
1080,MG,158.4,2,15.66,182.59
1081,BA,89.3,1,9.3,204.9
1082,RS,479.8,1,30.06,116.91
1083,RJ,275.2,2,7.63,254.0
1084,BA,326.0,1,8.64,80.73
1085,MG,276.2,0,32.13,63.53
1086,BA,319.6,1,20.58,111.71
1087,RS,349.4,0,11.92,52.66
1088,BA,283.7,4,7.71,34.9
1089,RJ,85.5,1,13.78,136.7
1090,BA,253.1,0,9.61,69.1
1091,SP,132.8,0,4.39,103.36
1092,RJ,290.0,2,36.96,129.47
1093,RJ,255.0,3,24.03,88.16
1094,RJ,505.6,1,12.19,142.93
1095,RS,138.9,2,7.43,229.33
1096,MG,131.0,2,26.28,119.2
1097,SP,126.6,1,20.05,61.67
1098,MG,332.8,1,3.36,300.52
1099,SP,121.3,1,10.87,265.26
1100,SP,126.8,2,32.09,54.1
1101,RJ,357.5,2,20.38,75.71
1102,MG,110.2,1,10.07,48.02
1103,RJ,81.1,0,2.38,184.67
1104,BA,126.3,0,27.47,132.15
1105,MG,257.0,2,4.86,130.99
1106,SP,95.2,2,9.65,36.42
1107,RS,243.3,2,21.31,81.72
1108,SP,152.5,2,14.19,149.58
1109,RJ,389.9,3,5.56,217.45
1110,SP,212.4,0,29.87,93.97
1111,RS,600.7,1,6.07,78.39
1112,RJ,224.4,3,14.43,95.67
1113,RS,141.8,1,6.48,68.82
1114,RS,248.5,1,7.98,156.38
1115,RJ,209.0,1,10.04,77.41
1116,SP,169.9,3,3.39,128.2
1117,SP,758.4,1,1.49,291.43
1118,SP,471.8,2,10.56,166.36
1119,MG,420.6,2,4.73,106.64
1120,SP,424.2,1,10.28,201.93
1121,RS,130.1,3,29.85,240.58
1122,MG,170.5,1,14.37,164.93
1123,RS,108.8,3,13.56,239.51
1124,SP,431.7,2,14.43,185.53
1125,SP,600.2,1,8.33,74.12
1126,MG,188.9,1,8.25,127.81
1127,SP,230.0,0,8.2,319.32
1128,SP,188.4,1,41.29,142.22
1129,SP,294.6,0,55.28,135.5
1130,RJ,261.6,2,7.63,97.57
1131,BA,288.0,0,35.43,96.75
1132,BA,320.3,1,14.53,129.27
1133,MG,262.1,1,16.89,53.99
1134,SP,208.5,1,83.52,91.28
1135,MG,476.6,4,9.39,122.71
1136,BA,307.3,0,13.9,163.13
1137,SP,147.9,1,21.26,34.23
1138,MG,507.4,1,39.23,96.81
1139,RS,232.0,1,5.12,224.68
1140,MG,394.4,0,1.82,177.07
1141,MG,232.6,0,18.35,86.79
1142,RS,583.0,1,9.21,102.69
1143,BA,583.5,0,8.0,87.76
1144,SP,247.8,1,8.04,103.19
1145,BA,222.3,0,7.96,153.51
1146,RS,202.7,0,7.08,139.88
1147,RJ,323.3,2,38.09,107.42
1148,RS,333.5,2,15.06,119.97
1149,MG,60.7,1,2.73,207.0
1150,BA,132.8,1,2.39,188.06
1151,RJ,501.8,2,12.04,169.5
1152,SP,269.1,2,11.85,64.4
1153,SP,55.5,0,0.38,137.41
1154,BA,245.1,2,17.12,131.53
1155,RS,148.8,2,7.47,55.27
1156,BA,186.6,2,14.34,50.69
1157,RJ,127.5,4,32.0,160.93
1158,BA,187.8,1,17.0,186.73
1159,RS,116.7,0,8.98,66.04
1160,RJ,175.7,1,6.62,78.79
1161,SP,139.0,3,5.11,256.52
1162,RS,387.6,3,29.53,96.46
1163,SP,193.7,2,13.7,78.12
1164,RS,273.0,1,22.72,113.53
1165,SP,160.2,1,12.89,296.04
1166,SP,363.4,1,20.17,131.85
1167,RJ,268.9,1,12.15,81.93
1168,RJ,177.4,4,7.37,41.67
1169,RJ,425.1,0,4.36,68.54
1170,SP,212.9,3,59.82,118.31
1171,RS,777.8,2,40.36,75.89
1172,RS,274.1,3,11.56,249.88
1173,BA,262.7,1,16.35,83.66
1174,RS,266.3,0,7.93,31.03
1175,RS,482.2,1,6.65,28.0
1176,RS,270.2,0,14.09,153.26
1177,RJ,185.4,1,6.81,58.13
1178,BA,109.1,0,10.3,131.36
1179,BA,587.2,1,12.6,104.63
1180,BA,480.6,0,58.86,131.43
1181,BA,539.8,1,7.56,358.12
1182,BA,232.3,1,14.51,179.16
1183,RJ,114.4,1,12.02,90.08
1184,MG,283.8,0,7.31,104.62
1185,SP,132.9,2,67.32,189.84
1186,RS,178.1,1,15.49,55.83
1187,RS,468.6,3,10.27,322.31
1188,BA,173.1,0,19.8,90.16
1189,BA,104.8,5,47.44,122.51
1190,RJ,253.3,1,12.42,266.03
1191,RJ,69.9,3,22.84,45.83
1192,MG,324.6,1,6.65,316.54
1193,RJ,128.2,1,31.24,63.03
1194,SP,490.3,1,6.68,96.81
1195,RJ,91.2,2,6.91,132.62
1196,BA,104.0,2,14.53,56.91
1197,RJ,179.6,1,6.64,165.41
1198,BA,101.1,2,47.62,158.01
1199,MG,218.0,3,11.47,94.62
1200,MG,320.0,1,4.0,38.4
1201,BA,205.6,1,3.03,137.5
1202,RS,310.2,3,5.25,75.5
1203,RS,263.1,1,17.75,34.74
1204,BA,233.0,1,20.09,64.1
1205,SP,129.0,2,40.47,48.95
1206,RJ,198.5,1,21.8,70.99
1207,MG,404.2,4,13.78,62.37
1208,SP,391.9,1,24.07,88.83
1209,MG,331.8,0,24.97,211.06
1210,SP,139.7,0,22.25,131.38
1211,MG,465.7,1,40.9,131.87
1212,SP,149.3,0,9.65,188.75
1213,RJ,242.0,4,14.49,124.55
1214,RJ,575.9,0,12.06,130.02
1215,RS,59.0,2,15.42,185.32
1216,MG,241.6,1,39.64,40.22
1217,MG,368.6,2,13.74,72.33
1218,RS,193.1,0,23.56,233.49
1219,SP,63.2,2,3.72,148.95
1220,RJ,388.5,1,6.84,60.0
1221,MG,458.7,1,13.45,50.47
1222,RS,538.6,3,6.7,85.51
1223,BA,115.7,1,23.19,143.94
1224,BA,77.8,1,11.36,154.39
1225,RJ,281.4,2,8.65,190.51
1226,RS,657.0,1,9.95,116.58
1227,SP,206.8,1,25.84,116.07
1228,MG,416.3,3,19.91,46.11
1229,RJ,162.7,3,2.23,96.44
1230,SP,332.3,1,17.92,210.5
1231,SP,366.5,1,1.36,296.56
1232,BA,186.9,0,30.81,74.83
1233,RS,599.6,2,35.14,63.28
1234,RJ,220.7,3,14.83,126.2
1235,SP,620.8,0,5.57,119.76
1236,SP,156.1,0,11.3,52.54
1237,SP,102.6,1,10.53,45.71
1238,BA,60.5,2,26.53,139.69
1239,SP,432.5,1,29.61,40.72
1240,BA,273.7,1,17.68,234.96
1241,BA,186.1,4,6.81,154.58
1242,RJ,149.9,2,44.13,48.06
1243,RJ,174.6,3,21.96,154.98
1244,RJ,485.8,1,4.83,127.41
1245,BA,331.1,1,9.07,92.82
1246,RS,37.9,2,40.85,92.08
1247,BA,91.5,2,6.55,170.0
1248,RJ,76.6,1,25.45,284.68
1249,BA,288.1,0,9.02,64.14
1250,BA,256.0,1,27.59,209.18
1251,MG,395.7,0,13.16,214.02
1252,SP,178.0,1,24.14,77.54
1253,RJ,188.7,1,3.65,150.08
1254,RS,158.4,3,8.95,54.34
1255,MG,357.2,1,20.22,145.28
1256,SP,106.1,1,17.55,90.51
1257,RS,163.1,4,47.88,129.75
1258,MG,53.3,0,15.35,108.2
1259,RJ,366.9,2,8.51,226.85
1260,SP,88.7,1,12.56,124.19
1261,MG,169.4,0,0.88,97.09
1262,MG,227.7,1,10.4,206.07
1263,SP,181.8,1,19.2,223.85
1264,RS,35.6,1,22.7,70.19
1265,MG,319.6,2,24.61,264.0
1266,SP,365.2,1,11.91,157.43
1267,SP,254.0,0,20.62,132.11
1268,RJ,180.8,3,14.81,157.08
1269,BA,224.9,0,6.15,42.18
1270,BA,715.9,3,8.65,160.2
1271,RS,138.2,0,13.52,6.72
1272,BA,123.8,1,6.11,112.47
1273,RS,381.9,0,20.65,108.75
1274,RJ,610.2,0,10.36,145.99
1275,MG,431.8,1,8.94,64.28
1276,BA,240.1,2,9.05,60.97
1277,RJ,610.3,0,46.34,149.94
1278,MG,169.6,5,27.21,366.12
1279,BA,334.9,1,12.83,154.26
1280,RS,63.0,2,16.04,153.33
1281,RS,389.8,0,6.8,81.04
1282,RJ,234.2,0,15.21,149.52
1283,BA,490.1,3,7.19,130.28
1284,BA,24.3,2,13.97,111.56
1285,RS,301.4,1,6.78,214.09
1286,BA,230.5,2,8.31,131.37
1287,RJ,209.8,1,16.05,65.39
1288,BA,277.5,1,17.32,398.3
1289,SP,197.3,3,21.59,99.24
1290,RJ,372.7,2,16.41,222.78
1291,MG,103.2,2,23.4,47.33
1292,BA,316.7,3,36.5,180.85
1293,SP,451.6,1,14.9,97.16
1294,BA,121.9,1,5.4,69.54
1295,SP,665.6,2,24.98,40.5
1296,RJ,231.8,1,11.75,43.63
1297,SP,154.0,1,3.9,249.03
1298,SP,331.0,1,26.21,90.75
1299,RJ,323.8,2,6.7,120.87
1300,RS,291.2,3,30.69,181.37
1301,MG,68.5,0,12.07,74.36
1302,BA,384.4,1,13.13,70.8
1303,RJ,380.6,1,5.35,209.88
1304,RJ,142.0,1,15.2,195.92
1305,RS,603.2,0,1.36,145.99
1306,BA,225.1,2,3.27,44.97
1307,MG,297.5,1,19.66,24.52
1308,RJ,81.5,1,16.78,95.88
1309,RS,319.6,2,7.3,59.36
1310,MG,109.5,1,4.93,143.6
1311,SP,80.3,0,8.85,146.12
1312,RS,260.4,1,5.34,142.11
1313,MG,497.0,2,14.06,141.74
1314,MG,156.5,3,1.28,121.27
1315,RJ,120.6,2,15.36,98.85
1316,RJ,459.1,1,17.46,151.25
1317,BA,419.3,2,7.47,88.08
1318,RJ,237.7,3,21.82,230.66
1319,MG,292.1,1,16.21,294.64
1320,SP,123.9,3,41.3,189.78
1321,RS,101.0,2,16.73,112.93
1322,RJ,92.9,1,5.66,107.64
1323,BA,196.4,1,16.11,74.64
1324,RJ,376.3,1,4.45,55.55
1325,SP,198.2,3,11.93,89.55
1326,SP,245.2,2,3.56,75.8
1327,BA,357.8,1,31.69,90.6
1328,SP,46.7,3,37.85,91.99
1329,BA,408.7,4,9.99,136.91
1330,MG,293.6,0,4.59,67.36
1331,MG,120.9,3,12.45,276.59
1332,RJ,208.8,3,11.61,94.28
1333,RJ,83.2,1,1.71,128.6
1334,BA,335.1,1,16.25,40.01
1335,RS,243.2,1,18.53,314.77
1336,RS,210.8,0,10.92,61.86
1337,BA,101.1,1,6.51,68.0
1338,RJ,305.8,1,15.59,53.49
1339,SP,319.2,2,16.59,190.13
1340,MG,343.7,3,4.71,240.78
1341,MG,79.7,2,21.07,76.56
1342,MG,194.9,2,17.58,269.42
1343,MG,179.7,0,29.55,122.99
1344,SP,389.9,4,14.09,90.98
1345,RJ,369.8,2,26.93,213.4
1346,SP,313.1,1,14.89,300.6
1347,RS,393.6,2,6.64,141.89
1348,RS,249.4,2,32.09,103.86
1349,RS,795.3,3,14.19,238.66
1350,MG,206.9,0,16.96,245.72
1351,RS,235.1,1,32.61,97.22
1352,RS,109.2,3,6.09,171.33
1353,RJ,286.1,0,31.09,62.84
1354,SP,280.1,3,6.5,69.5
1355,RS,452.4,2,35.23,55.46
1356,MG,298.2,1,8.01,68.07
1357,MG,105.4,1,14.62,179.78
1358,RS,245.9,0,31.37,153.37
1359,RS,251.2,3,18.46,113.24
1360,RS,347.7,0,23.58,229.47
1361,SP,255.3,1,19.19,55.46
1362,SP,178.1,3,15.23,151.42
1363,MG,258.6,1,16.31,301.67
1364,MG,264.7,0,13.85,182.2
1365,RJ,122.7,1,11.64,61.84
1366,RJ,144.0,0,6.44,267.07
1367,MG,256.1,5,13.31,245.42
1368,BA,424.8,0,38.53,119.6
1369,BA,267.2,2,6.1,156.25
1370,SP,236.9,2,29.02,62.24
1371,RJ,315.2,2,33.54,122.25
1372,RJ,249.7,3,10.3,5.92
1373,RJ,80.9,1,6.55,119.92
1374,RS,174.3,1,8.64,231.22
1375,MG,459.5,1,25.77,168.26
1376,MG,259.4,1,9.24,198.75
1377,RS,116.8,2,19.6,241.98
1378,MG,263.4,1,10.01,75.83
1379,BA,223.7,2,35.14,203.25
1380,RS,716.3,1,34.08,65.83
1381,RS,134.3,1,12.28,43.34
1382,RJ,342.1,1,8.91,98.34
1383,MG,461.4,0,35.12,85.47
1384,SP,347.5,2,4.13,197.59
1385,BA,118.4,0,18.21,174.57
1386,RJ,264.4,0,15.48,121.37
1387,SP,144.4,1,9.53,67.56
1388,SP,189.7,2,19.62,167.79
1389,SP,349.6,1,13.82,36.03
1390,SP,78.3,3,22.82,100.77
1391,SP,406.0,2,4.93,40.17
1392,MG,564.7,2,23.06,106.91
1393,RJ,373.3,2,21.08,87.07
1394,RS,199.8,1,5.9,109.55
1395,MG,595.9,2,32.58,93.47
1396,MG,301.2,1,17.46,175.6
1397,MG,70.1,2,8.2,165.94
1398,BA,132.4,1,10.67,112.5
1399,BA,291.2,2,27.36,86.37
1400,RJ,263.4,1,3.9,111.01
1401,BA,330.7,0,21.76,82.63
1402,MG,318.7,4,26.36,103.24
1403,BA,148.4,1,58.02,213.27
1404,BA,188.0,2,8.1,98.24
1405,BA,295.0,0,8.61,188.93
1406,MG,639.4,1,5.38,72.12
1407,SP,423.7,3,26.63,134.71
1408,RS,494.6,0,20.06,30.62
1409,RS,357.1,3,58.84,95.5
1410,MG,221.5,3,25.94,85.42
1411,MG,173.1,4,21.54,183.38
1412,SP,100.4,4,7.71,307.21
1413,MG,236.8,2,38.57,129.26
1414,MG,293.3,0,5.94,50.16
1415,BA,163.1,1,24.99,406.86
1416,MG,72.7,3,2.46,74.13
1417,SP,52.9,2,4.25,132.63
1418,SP,59.2,3,22.41,75.57
1419,MG,529.2,2,32.72,66.33
1420,BA,568.1,2,10.01,24.77
1421,RS,407.5,1,10.76,83.03
1422,RS,343.6,1,7.71,159.85
1423,MG,325.6,2,5.55,66.02
1424,SP,95.2,0,15.01,118.96
1425,RS,766.7,3,33.7,120.84
1426,MG,237.3,1,9.38,47.36
1427,RS,262.0,2,38.94,187.6
1428,BA,185.7,1,12.05,95.19
1429,RJ,87.2,4,19.36,282.8
1430,MG,287.6,1,13.57,139.13
1431,MG,433.3,0,18.9,278.99
1432,RJ,321.1,1,1.34,198.25
1433,BA,94.4,1,15.97,300.11
1434,RJ,43.4,1,18.08,65.65
1435,BA,572.1,3,22.01,129.05
1436,MG,451.1,2,13.17,178.84
1437,MG,90.7,2,3.31,193.97
1438,BA,188.8,0,7.01,74.29
1439,SP,669.3,1,53.93,45.72
1440,MG,193.8,3,1.71,76.67
1441,SP,195.2,1,2.57,282.73
1442,SP,257.6,1,26.73,150.66
1443,RS,305.5,3,9.5,59.06
1444,RS,227.2,1,3.73,100.16
1445,BA,406.2,0,31.81,167.77
1446,RS,205.4,0,8.28,202.5
1447,BA,167.2,0,17.55,150.5
1448,SP,64.4,1,18.25,166.68
1449,RJ,284.3,1,25.83,134.84
1450,RJ,708.3,3,43.43,200.04
1451,BA,336.2,2,24.74,161.88
1452,SP,467.1,2,12.38,101.6
1453,BA,294.4,3,12.86,67.22
1454,RS,288.6,1,24.9,35.21
1455,SP,47.4,0,15.81,174.49
1456,RS,170.8,2,8.06,85.48
1457,BA,202.7,0,10.69,150.71
1458,SP,370.6,1,9.93,134.73
1459,MG,212.5,1,14.43,177.78
1460,RJ,70.8,1,25.75,183.07
1461,BA,60.2,0,23.38,121.99
1462,SP,200.8,0,17.67,360.86
1463,MG,253.2,1,5.54,130.88
1464,MG,721.3,2,7.34,109.31
1465,MG,104.3,1,20.75,66.49
1466,RS,159.4,0,56.18,307.09
1467,RS,165.6,0,9.82,331.82
1468,SP,581.9,1,15.34,47.05
1469,BA,198.1,1,6.81,116.91
1470,SP,214.0,1,41.73,97.64
1471,SP,323.4,3,43.97,108.26
1472,MG,12.2,1,26.97,212.25
1473,RS,439.2,1,38.18,242.65
1474,MG,249.5,3,15.83,206.66
1475,MG,343.8,0,18.27,83.09
1476,BA,63.3,1,28.5,255.11
1477,MG,438.8,1,14.87,146.46
1478,MG,369.3,2,1.56,84.97
1479,BA,844.7,0,4.94,216.57
1480,SP,234.0,0,9.41,206.35
1481,RS,499.1,3,14.34,150.87
1482,RJ,403.3,0,15.24,199.46
1483,MG,235.6,2,33.72,148.19
1484,RS,57.9,2,51.89,25.36
1485,BA,409.0,0,29.15,227.38
1486,BA,244.0,1,17.95,244.02
1487,RS,563.0,2,19.6,146.5
1488,SP,252.5,2,20.22,179.86
1489,MG,82.9,0,18.42,78.54
1490,RS,257.1,1,14.89,98.04
1491,RJ,257.9,1,26.48,112.56
1492,RJ,317.5,0,13.81,196.96
1493,RS,358.4,1,3.24,135.83
1494,BA,242.1,2,46.56,173.09
1495,RJ,67.9,2,10.97,107.49
1496,SP,99.7,3,21.52,105.94
1497,MG,248.9,0,21.11,197.17
1498,RS,252.4,1,26.52,60.32
1499,MG,445.5,1,3.72,68.64
1500,SP,265.5,0,4.76,122.51
1501,MG,430.0,1,41.88,116.19
1502,MG,283.6,1,10.13,130.56
1503,BA,191.8,2,5.1,108.13
1504,BA,626.5,0,14.08,33.52
1505,RJ,234.2,0,26.42,138.05
1506,MG,231.5,1,10.88,53.19
1507,MG,272.3,2,6.24,118.75
1508,SP,421.4,0,9.61,62.65
1509,MG,208.0,5,1.8,193.99
1510,SP,281.6,2,14.51,93.34
1511,SP,163.7,1,16.18,61.41
1512,RJ,316.8,4,32.55,94.85
1513,RS,41.7,1,38.6,171.99
1514,SP,158.3,2,12.45,187.0
1515,RS,174.3,1,5.36,256.13
1516,RJ,216.7,2,6.76,69.33
1517,RS,185.8,5,9.76,178.64
1518,SP,422.4,4,29.61,380.37
1519,BA,368.9,0,33.73,46.69
1520,MG,126.3,1,33.4,77.96
1521,RJ,281.0,0,8.28,98.81
1522,RJ,530.1,1,34.86,128.22
1523,MG,166.5,1,4.3,129.28
1524,MG,200.2,0,14.25,93.41
1525,BA,333.1,1,36.76,77.99
1526,RJ,91.1,0,18.65,86.01
1527,RJ,232.1,1,12.77,29.02
1528,SP,491.4,2,3.36,214.31
1529,RJ,618.7,2,13.91,99.27
1530,RJ,132.5,2,8.38,116.91
1531,RS,473.3,1,51.93,142.6
1532,BA,109.3,1,30.95,153.51
1533,BA,686.0,4,18.84,138.82
1534,RJ,342.9,3,26.7,153.78
1535,RJ,232.3,0,22.82,97.7
1536,MG,204.6,1,10.41,243.31
1537,MG,351.3,1,32.35,167.82
1538,BA,567.1,1,36.21,86.86
1539,RS,364.2,1,5.91,141.79
1540,MG,478.6,3,6.28,43.01
1541,RJ,446.3,1,11.81,186.26
1542,RS,428.2,0,8.93,203.15
1543,MG,736.4,2,13.13,84.96
1544,RS,478.1,1,9.27,125.81
1545,RJ,278.3,2,10.94,159.62
1546,RJ,324.7,1,6.86,114.93
1547,SP,95.5,0,6.85,129.5
1548,BA,81.4,3,18.91,112.18
1549,MG,211.7,0,26.16,69.09
1550,RJ,262.6,1,9.71,110.01
1551,MG,211.1,2,17.83,348.75
1552,SP,232.5,2,43.13,132.31
1553,RS,465.0,1,3.29,84.46
1554,MG,310.8,0,28.0,187.14
1555,RJ,73.0,4,8.23,58.96
1556,BA,401.4,4,13.26,90.13
1557,BA,394.6,2,34.46,88.82
1558,RS,266.0,2,0.43,122.17
1559,BA,301.0,2,20.28,133.57
1560,SP,186.4,2,38.58,116.61
1561,MG,340.5,4,34.41,22.53
1562,BA,190.6,1,38.87,57.32
1563,RS,245.6,3,45.71,209.92
1564,MG,430.1,3,23.82,126.8
1565,RS,277.2,3,24.28,40.61
1566,SP,268.3,1,4.49,122.21
1567,RJ,566.4,1,24.05,86.89
1568,RS,225.8,2,12.76,48.11
1569,SP,464.7,1,9.54,101.99
1570,BA,307.8,1,33.26,263.28
1571,RJ,189.8,1,9.28,179.3
1572,SP,200.8,1,43.04,54.8
1573,SP,363.7,3,10.91,51.7
1574,RS,629.6,3,7.49,45.37
1575,RS,148.1,2,3.73,15.43
1576,SP,119.6,0,12.06,125.12
1577,BA,552.2,0,11.18,57.02
1578,SP,419.4,1,16.51,165.91
1579,RS,301.2,1,48.74,158.92
1580,RJ,92.9,2,13.9,60.92
1581,SP,474.8,3,11.57,100.95
1582,RS,90.7,1,8.33,156.06
1583,RS,428.8,1,5.48,136.72
1584,SP,226.9,5,14.52,57.09
1585,RJ,269.8,1,42.26,55.65
1586,RS,205.8,1,45.04,80.33
1587,RJ,151.0,1,17.97,244.63
1588,BA,203.5,2,12.36,57.34
1589,RS,362.6,2,4.4,410.83
1590,SP,54.8,1,24.89,194.25
1591,MG,97.2,2,27.04,175.22
1592,MG,390.2,0,39.11,160.79
1593,RS,308.8,3,6.24,83.11
1594,MG,672.2,1,13.55,99.93
1595,RS,111.7,0,1.59,85.13
1596,MG,137.1,1,23.18,89.48
1597,MG,250.1,1,6.31,119.8
1598,BA,276.5,2,27.95,120.43
1599,RS,302.4,1,11.54,118.85
1600,BA,296.9,0,5.27,199.64
1601,BA,387.9,2,15.17,101.85
1602,RS,66.7,0,5.47,81.78
1603,BA,294.7,2,10.04,115.0
1604,SP,184.5,0,37.17,107.21
1605,RS,173.7,0,18.8,196.57
1606,RS,618.2,1,18.55,60.97
1607,RJ,212.2,2,31.2,208.17
1608,MG,500.4,1,26.0,11.2
1609,BA,910.0,0,11.68,39.01
1610,BA,211.3,1,18.57,314.02
1611,BA,260.5,4,4.75,91.89
1612,RS,247.4,2,12.2,37.58
1613,SP,281.9,0,7.54,85.0
1614,RS,560.5,0,43.84,152.93
1615,MG,423.8,1,6.29,74.47
1616,RJ,281.8,1,8.44,34.9
1617,RJ,267.5,0,21.07,71.37
1618,MG,147.8,2,19.68,71.04
1619,RJ,319.7,2,2.17,230.45
1620,RS,110.7,1,17.02,161.99
1621,MG,157.1,1,4.94,110.87
1622,RS,274.5,0,9.73,290.76
1623,BA,161.1,1,6.82,122.41
1624,RJ,93.1,2,8.72,100.75
1625,MG,238.0,2,15.76,98.85
1626,RS,129.9,2,25.93,114.76
1627,BA,351.8,0,10.43,277.43
1628,MG,288.7,3,53.88,142.74
1629,BA,103.0,2,22.66,104.4
1630,RJ,319.8,2,5.77,73.04
1631,RJ,378.2,0,20.04,247.07
1632,BA,286.5,2,3.12,39.13
1633,SP,225.7,2,9.4,171.5
1634,MG,194.9,2,6.51,79.97
1635,MG,674.3,2,7.25,66.95
1636,MG,282.2,2,15.88,79.35
1637,RJ,265.3,4,5.47,159.74
1638,RJ,214.9,0,35.69,304.87
1639,SP,115.3,0,11.12,49.5
1640,MG,186.2,4,13.03,272.0
1641,BA,356.5,0,14.68,105.38
1642,SP,311.6,1,7.69,129.03
1643,SP,309.0,1,9.42,351.81
1644,SP,277.4,1,17.85,110.63
1645,RS,143.2,2,13.33,109.84
1646,BA,266.2,1,33.65,130.82
1647,SP,435.2,3,7.14,83.14
1648,MG,252.0,3,52.02,134.74
1649,MG,39.2,0,37.02,130.28
1650,BA,154.2,0,50.96,67.37
1651,RJ,61.7,2,18.67,187.4
1652,RS,139.4,1,21.91,117.87
1653,MG,763.1,2,29.52,94.45
1654,RJ,194.6,2,44.18,162.67
1655,MG,143.3,0,15.86,83.74
1656,RJ,76.5,0,5.98,154.31
1657,MG,217.8,4,40.37,106.67
1658,RJ,506.6,2,16.08,52.07
1659,MG,145.6,0,40.94,141.32
1660,RJ,327.7,1,8.33,97.18
1661,MG,289.4,1,8.71,75.28
1662,BA,173.6,1,2.64,92.13
1663,BA,382.5,2,21.67,169.18
1664,RJ,195.5,0,21.4,102.13
1665,MG,153.8,2,24.05,175.25
1666,RJ,163.5,1,30.8,43.25
1667,RJ,293.8,2,10.99,142.28
1668,BA,675.9,3,5.1,171.26
1669,BA,432.2,2,4.36,116.87
1670,SP,159.2,1,33.81,352.63
1671,RJ,260.8,0,10.05,72.34
1672,SP,144.6,2,7.49,174.43
1673,RS,136.4,1,40.87,51.34
1674,BA,62.5,2,28.33,140.65
1675,SP,312.8,0,3.55,75.03
1676,BA,174.6,1,35.34,199.24
1677,RJ,222.6,1,13.8,139.97
1678,RJ,313.3,3,22.44,52.59
1679,MG,91.7,0,20.74,98.37
1680,BA,110.7,3,6.28,40.72
1681,BA,329.2,2,10.03,135.63
1682,SP,122.5,0,16.83,247.42
1683,BA,128.9,0,18.1,165.44
1684,MG,424.5,2,35.2,155.13
1685,RS,240.7,0,14.47,133.09
1686,MG,494.3,1,11.59,321.45
1687,RS,617.3,1,20.61,77.22
1688,RJ,538.4,3,1.99,101.3
1689,BA,89.1,0,31.43,148.5
1690,RJ,283.0,1,6.57,275.1
1691,RS,419.6,0,3.69,189.45
1692,BA,310.0,1,16.78,96.72
1693,BA,195.4,2,7.16,66.77
1694,MG,120.4,2,10.16,68.66
1695,BA,366.3,2,12.54,224.93
1696,SP,88.4,1,21.76,269.4
1697,RJ,73.2,1,11.57,89.74
1698,BA,134.8,0,34.95,150.23
1699,SP,250.2,0,43.92,81.49
1700,SP,504.7,2,22.46,47.46
1701,MG,206.1,0,15.01,120.87
1702,RS,415.7,1,6.59,292.15
1703,RJ,128.7,3,7.71,111.58
1704,RJ,183.5,2,17.53,123.73
1705,BA,192.7,0,5.64,88.67
1706,RJ,155.8,4,10.68,145.36
1707,BA,461.7,1,13.59,146.69
1708,RJ,85.2,2,44.94,159.22
1709,SP,456.0,2,27.19,152.78
1710,RS,289.9,0,22.62,204.43
1711,MG,362.2,1,18.61,54.47
1712,RJ,146.1,2,17.95,246.58
1713,MG,355.5,1,4.11,188.21
1714,BA,66.1,4,39.66,74.77
1715,SP,225.1,2,7.28,173.83
1716,RS,295.9,1,30.78,42.23
1717,MG,51.4,0,15.96,99.94
1718,RS,151.0,2,22.6,258.07
1719,BA,88.7,3,35.79,204.28
1720,SP,134.8,0,8.89,86.41
1721,RS,195.7,3,25.53,117.57
1722,MG,180.9,3,7.25,187.35
1723,RS,48.9,4,4.54,85.27
1724,BA,350.8,0,19.26,55.18
1725,RJ,95.1,1,22.92,63.4
1726,BA,283.6,1,26.2,172.38
1727,RJ,148.0,2,8.6,198.11
1728,RJ,69.7,0,4.22,143.61
1729,MG,386.0,0,5.7,296.51
1730,RJ,208.8,1,3.34,309.01
1731,RS,302.9,0,2.19,39.31
1732,SP,308.9,3,20.89,112.13
1733,RJ,286.8,3,23.54,203.34
1734,SP,144.3,1,18.16,141.11
1735,BA,312.8,1,21.71,116.28
1736,MG,399.6,1,57.01,202.96
1737,SP,151.7,2,1.66,89.46
1738,SP,114.0,1,2.64,301.6
1739,BA,160.9,1,29.77,129.35
1740,RJ,431.0,2,10.82,129.58
1741,RS,225.7,2,26.49,83.05
1742,RJ,517.2,5,40.04,49.7
1743,MG,183.1,0,24.23,281.04
1744,SP,242.4,1,13.14,126.8
1745,MG,529.1,1,30.3,139.04
1746,SP,578.9,1,15.13,83.17
1747,RJ,362.6,1,4.01,246.23
1748,RS,109.6,0,4.05,41.24
1749,RS,243.7,2,2.83,186.2
1750,MG,232.1,2,13.42,19.06
1751,RS,116.8,1,6.76,101.36
1752,RJ,472.1,1,4.84,153.15
1753,MG,305.0,3,16.93,292.84
1754,BA,133.2,1,14.0,153.71
1755,RS,107.0,2,15.87,173.2
1756,SP,273.4,1,7.02,249.62
1757,MG,67.6,1,31.54,112.81
1758,RJ,408.3,2,7.54,331.68
1759,RJ,178.2,0,18.94,95.27
1760,RS,97.9,2,9.86,166.95
1761,BA,330.9,2,42.56,133.05
1762,RS,134.1,2,40.78,110.52
1763,SP,220.2,0,14.85,31.13
1764,BA,265.3,1,12.44,351.09
1765,RS,125.0,3,34.63,54.49
1766,SP,305.0,1,29.05,188.78
1767,RS,487.8,1,11.85,65.73
1768,RJ,429.5,1,18.57,199.74
1769,MG,230.3,1,17.36,93.5
1770,SP,375.3,0,25.69,199.75
1771,RS,113.5,3,9.19,76.25
1772,RJ,215.4,0,23.12,57.99
1773,RS,441.5,3,32.65,21.84
1774,SP,117.3,3,14.44,177.27
1775,SP,269.4,3,20.13,111.85
1776,SP,382.5,2,35.58,143.67
1777,BA,259.4,0,38.22,273.28
1778,BA,602.3,0,4.05,208.05
1779,RJ,187.7,2,22.79,172.42
1780,SP,170.4,1,22.98,211.06
1781,RJ,87.1,1,29.54,78.17
1782,SP,276.8,3,12.64,93.97
1783,BA,260.2,3,26.5,227.29
1784,RS,139.8,2,4.25,94.76
1785,MG,303.3,0,20.57,194.23
1786,RJ,556.5,3,18.01,165.02
1787,MG,172.4,1,17.03,155.81
1788,RJ,494.5,1,22.25,281.06
1789,SP,365.0,3,37.83,309.22
1790,SP,216.3,1,14.93,94.12
1791,BA,43.2,1,39.77,219.87
1792,BA,68.9,2,12.77,343.09
1793,MG,221.4,5,11.54,102.77
1794,BA,141.8,3,2.51,61.83
1795,SP,290.9,0,74.36,181.01
1796,MG,169.8,3,4.29,180.57
1797,BA,210.4,2,7.75,95.48
1798,BA,148.0,0,45.17,189.75
1799,SP,165.8,2,9.35,254.31
1800,SP,305.3,3,23.12,142.54
1801,RS,61.4,2,13.11,215.88
1802,RJ,454.2,1,8.89,102.96
1803,RJ,338.8,4,6.0,248.36
1804,MG,56.7,1,43.25,75.34
1805,BA,285.4,2,16.55,250.15
1806,RS,187.0,0,13.43,228.49
1807,BA,161.0,1,15.0,139.31
1808,RS,208.3,2,13.52,72.35
1809,RS,216.3,2,10.01,117.29
1810,BA,135.4,2,2.29,129.59
1811,BA,173.0,1,14.74,209.14
1812,MG,431.3,6,21.0,466.91
1813,RJ,76.4,0,6.42,107.21
1814,SP,393.8,0,29.05,258.05
1815,SP,138.5,1,15.7,47.93
1816,RS,316.8,0,24.02,35.74
1817,RJ,89.5,0,9.3,111.48
1818,SP,136.8,2,9.46,219.67
1819,SP,202.4,1,35.83,86.12
1820,SP,45.1,1,17.27,91.25
1821,RJ,91.5,3,3.89,51.07
1822,BA,539.3,1,12.35,117.9
1823,RS,373.9,1,2.67,219.37
1824,RS,404.0,1,3.38,39.42
1825,RS,336.7,7,13.79,87.28
1826,BA,162.2,1,27.08,49.25
1827,RJ,595.6,1,6.31,198.51
1828,MG,733.3,1,11.75,109.95
1829,BA,106.1,3,35.75,240.77
1830,SP,233.5,0,24.57,329.98
1831,BA,218.0,2,26.19,99.43
1832,SP,228.0,2,19.6,32.72
1833,RJ,400.5,1,11.09,131.27
1834,RS,238.0,4,36.15,78.36
1835,RJ,256.4,1,2.02,130.01
1836,RS,238.4,3,30.19,85.01
1837,RS,94.4,2,26.7,80.55
1838,RJ,589.9,2,13.86,180.42
1839,RS,86.5,3,6.73,95.96
1840,RS,193.4,2,5.53,169.25
1841,RS,207.7,3,38.51,114.16
1842,MG,297.8,4,12.82,160.24
1843,RS,339.5,0,4.45,256.48
1844,RJ,51.4,1,32.61,216.33
1845,RJ,264.9,2,7.5,54.05
1846,MG,118.3,0,10.23,48.51
1847,RJ,312.7,0,5.86,119.74
1848,SP,53.0,1,40.7,36.51
1849,BA,276.5,1,12.48,100.14
1850,MG,36.6,5,9.37,62.64
1851,RS,93.0,2,21.11,265.57
1852,SP,223.8,0,1.85,154.75
1853,RJ,343.5,2,19.93,63.37
1854,BA,379.1,3,10.03,276.28
1855,BA,300.3,2,8.65,159.0
1856,MG,158.5,1,1.72,285.24
1857,BA,279.3,2,10.66,168.23
1858,RS,227.1,3,2.63,265.38
1859,RS,166.9,2,8.62,53.01
1860,RS,427.5,1,3.76,20.61
1861,RS,256.8,1,28.11,107.96
1862,RJ,254.1,0,20.46,113.76
1863,BA,375.9,2,25.82,62.79
1864,RJ,169.9,0,29.58,44.96
1865,RS,225.0,4,8.08,79.8
1866,RS,100.6,1,8.02,133.8
1867,MG,128.6,1,20.66,87.35
1868,MG,85.5,2,2.8,259.96
1869,SP,105.7,0,7.59,72.26
1870,SP,117.2,1,15.83,296.61
1871,SP,216.4,1,13.66,153.55
1872,SP,320.4,2,2.87,117.19
1873,RJ,162.5,0,17.16,148.64
1874,RS,250.8,0,34.02,99.67
1875,BA,718.1,1,16.02,166.2
1876,MG,152.7,0,10.47,112.65
1877,BA,195.7,1,26.83,234.33
1878,SP,180.0,0,9.07,243.1
1879,BA,571.2,1,18.12,180.32
1880,MG,269.9,1,25.1,72.16
1881,SP,80.0,1,9.79,30.92
1882,MG,290.5,1,18.83,126.94
1883,BA,128.4,2,8.9,261.0
1884,MG,220.9,1,24.64,299.72
1885,RS,353.4,0,13.94,125.56
1886,RS,263.0,2,7.2,22.29
1887,RJ,115.8,2,17.59,132.77
1888,RS,73.7,3,35.1,76.41
1889,RJ,154.5,0,7.49,63.64
1890,SP,279.8,2,32.38,40.38
1891,BA,152.7,1,9.66,99.25
1892,SP,152.8,2,30.88,97.3
1893,RJ,899.0,1,13.0,101.47
1894,MG,234.7,0,30.31,148.71
1895,BA,403.6,1,13.42,145.48
1896,RS,29.2,1,17.9,165.66
1897,RS,111.8,0,9.02,58.28
1898,BA,89.1,2,21.41,92.76
1899,RS,172.1,2,14.98,177.35
1900,BA,380.9,4,19.45,46.07
1901,RS,317.0,1,23.06,285.62
1902,MG,253.2,2,27.05,157.99
1903,SP,337.9,1,30.67,172.53
1904,RJ,217.8,1,9.69,152.7
1905,MG,249.6,2,10.34,117.56
1906,RS,582.5,1,8.04,167.62
1907,MG,363.3,3,17.46,91.79
1908,SP,460.0,0,9.27,102.51
1909,MG,673.3,1,7.38,130.75
1910,BA,99.0,1,13.69,32.57
1911,RS,734.7,2,9.34,11.91
1912,SP,99.0,0,12.79,218.17
1913,RJ,485.7,1,9.71,239.06
1914,MG,210.6,2,3.55,200.74
1915,MG,707.0,0,31.44,82.45
1916,RS,480.5,2,3.73,178.43
1917,RJ,137.7,2,21.61,94.16
1918,MG,337.3,3,23.59,192.48
1919,RJ,340.4,2,14.06,41.78
1920,SP,157.7,0,25.32,83.93
1921,RJ,276.5,3,2.52,100.05
1922,MG,160.8,2,10.25,110.29
1923,SP,198.4,1,22.7,62.68
1924,BA,229.3,3,9.76,238.37
1925,RJ,246.3,4,3.17,170.8
1926,SP,115.4,2,28.11,57.04
1927,MG,638.9,3,16.77,72.78
1928,RJ,88.2,1,20.35,241.17
1929,BA,268.1,1,12.75,156.41
1930,SP,159.4,1,11.24,314.2
1931,BA,497.0,1,6.58,248.32
1932,MG,180.4,2,0.54,168.88
1933,BA,180.1,2,43.82,81.16
1934,RJ,618.8,3,23.29,207.3
1935,RS,174.7,1,75.02,58.05
1936,MG,234.8,0,39.83,114.93
1937,RS,142.5,4,15.83,292.81
1938,RJ,323.5,1,11.25,220.43
1939,RS,272.8,2,16.39,356.74
1940,BA,115.3,1,26.47,101.19
1941,RS,283.6,2,24.14,22.3
1942,SP,170.1,3,20.46,59.1
1943,MG,307.3,0,28.7,186.27
1944,RS,108.9,0,27.98,205.51
1945,RJ,390.5,1,37.79,64.21
1946,RS,421.9,1,11.12,76.81
1947,RS,131.6,0,41.08,163.22
1948,MG,229.1,1,10.77,95.45
1949,BA,344.3,0,22.89,235.28
1950,MG,89.8,0,9.23,92.09
1951,BA,251.6,3,3.78,296.24
1952,RS,286.3,1,44.96,141.26
1953,BA,100.9,2,31.28,158.63
1954,RJ,136.0,0,13.39,109.6
1955,MG,484.7,3,13.97,205.3
1956,RS,297.7,2,18.86,95.88
1957,MG,195.8,2,10.21,62.4
1958,RJ,114.2,1,11.24,44.58
1959,BA,342.5,1,11.49,114.35
1960,BA,162.7,2,15.96,81.42
1961,BA,747.8,3,21.46,253.96
1962,RJ,290.4,1,8.8,161.04
1963,MG,436.5,0,17.79,138.89
1964,BA,271.5,1,33.66,85.91
1965,RJ,547.4,1,27.33,93.29
1966,RS,295.9,1,13.54,134.83
1967,MG,127.6,3,9.63,179.8
1968,SP,276.8,2,31.87,115.12
1969,RJ,196.1,4,37.58,37.11
1970,RS,268.7,4,7.43,132.21
1971,BA,208.0,2,37.32,43.11
1972,MG,233.4,2,8.26,222.55
1973,MG,164.5,3,26.82,99.71
1974,RJ,187.6,1,20.32,122.58
1975,RS,273.7,3,20.89,263.07
1976,RJ,204.0,0,6.77,123.1
1977,RS,428.6,2,10.06,181.11
1978,SP,380.9,0,8.08,109.48
1979,MG,186.9,0,7.5,141.85
1980,RJ,104.4,0,18.79,79.39
1981,MG,490.7,0,12.88,150.22
1982,BA,185.1,4,14.21,15.33
1983,SP,101.8,3,36.79,129.43
1984,SP,145.1,3,13.04,117.0
1985,MG,200.3,0,43.84,212.04
1986,BA,501.7,0,12.79,182.72
1987,SP,384.2,0,6.08,217.74
1988,RS,256.7,1,10.15,317.68
1989,MG,93.9,0,12.54,107.38
1990,RS,192.1,1,17.31,136.13
1991,SP,161.4,4,23.51,76.79
1992,RS,534.5,2,25.22,364.63
1993,BA,216.0,1,19.25,48.62
1994,RS,813.0,2,7.14,77.29
1995,RS,323.9,0,18.72,44.15
1996,SP,148.0,1,15.45,250.49
1997,SP,266.6,1,11.56,226.85
1998,RS,133.2,3,9.36,70.1
1999,MG,316.7,0,31.35,95.17
2000,RJ,44.8,0,21.21,154.2
2001,BA,466.8,2,6.41,164.22
2002,RS,271.3,1,48.18,204.44
2003,RJ,375.0,1,12.32,98.56
2004,RS,98.5,1,15.71,348.18
2005,SP,759.6,3,5.67,66.49
2006,BA,97.6,0,3.7,94.02
2007,RJ,269.7,3,3.79,111.1
2008,MG,97.2,0,16.98,286.58
2009,BA,193.4,4,1.52,127.27
2010,RJ,290.1,0,41.23,46.11
2011,SP,80.5,2,4.09,221.02
2012,MG,217.3,3,12.01,154.16
2013,RS,310.0,0,19.08,184.5
2014,RJ,118.1,0,58.7,76.41
2015,MG,398.2,2,7.14,123.14
2016,SP,211.2,1,26.58,50.21
2017,RJ,102.0,0,4.99,100.98
2018,SP,151.8,4,8.21,190.73
2019,SP,131.7,1,12.48,204.58
2020,RS,228.0,2,5.92,55.23
2021,RS,342.6,2,10.31,66.55
2022,RS,235.4,3,13.61,98.16
2023,BA,283.4,4,25.36,159.46
2024,SP,233.0,2,27.5,164.49
2025,RS,327.0,1,19.86,147.09
2026,SP,440.9,0,8.16,157.24
2027,RJ,74.0,2,7.12,142.6
2028,RJ,258.3,1,9.72,218.13
2029,BA,210.7,0,5.98,62.73
2030,SP,525.1,1,20.32,192.01
2031,RS,422.2,2,15.25,84.84
2032,SP,92.6,0,24.16,263.13
2033,RS,165.0,0,8.17,163.75
2034,MG,58.3,0,17.24,113.34
2035,RJ,299.8,3,41.05,268.48
2036,MG,276.8,0,22.7,138.18
2037,SP,193.0,1,15.62,98.5
2038,MG,77.2,2,7.67,59.93
2039,BA,304.1,4,26.01,103.87
2040,RJ,126.4,0,75.66,35.39
2041,RS,343.1,1,5.76,105.73
2042,BA,130.7,4,6.14,251.82
2043,RJ,683.8,3,18.74,117.56
2044,RJ,512.2,2,6.63,159.29
2045,BA,507.8,0,5.25,40.39
2046,RJ,56.8,0,21.46,219.63
2047,RS,418.8,0,25.18,245.76
2048,MG,451.0,0,17.93,236.39
2049,BA,144.5,1,4.88,153.97
2050,RS,230.8,2,16.9,168.63
2051,RS,173.7,0,23.31,177.9
2052,RJ,383.9,4,13.78,72.83
2053,MG,736.5,0,26.55,381.0
2054,BA,107.1,0,13.23,74.59
2055,MG,94.1,1,1.95,215.74
2056,RJ,322.4,2,16.69,114.49
2057,BA,115.8,2,30.3,131.39
2058,RS,369.2,4,9.62,127.09
2059,MG,188.4,2,12.38,213.31
2060,RJ,309.6,3,10.54,129.26
2061,BA,398.4,1,20.77,290.82
2062,MG,267.8,2,13.73,56.14
2063,RJ,414.6,0,29.6,195.06
2064,RS,115.9,1,11.85,87.17
2065,BA,105.2,2,37.35,101.84
2066,BA,266.2,1,7.0,477.17
2067,RS,109.4,3,5.15,138.65
2068,SP,232.3,3,18.05,54.92
2069,RS,325.6,2,48.36,114.94
2070,SP,234.7,4,30.45,224.79
2071,SP,302.5,1,9.79,247.97
2072,RS,282.7,1,1.88,94.26
2073,RJ,28.7,2,6.14,42.92
2074,SP,204.5,1,14.4,157.98
2075,BA,172.8,1,49.64,179.11
2076,RJ,506.8,0,16.35,90.63
2077,MG,480.0,0,24.13,132.13
2078,RS,164.6,1,9.51,79.81
2079,MG,402.9,3,12.43,47.15
2080,SP,202.3,0,23.43,271.66
2081,BA,346.1,0,21.58,329.45
2082,SP,94.1,2,15.6,70.24
2083,RJ,354.8,1,28.32,60.4
2084,RJ,366.5,1,26.04,47.16
2085,RS,81.1,1,20.46,96.56
2086,SP,312.0,4,9.78,49.57
2087,MG,500.6,0,4.07,301.61
2088,MG,226.2,1,4.35,124.85
2089,MG,458.0,1,34.04,103.88
2090,MG,125.4,0,18.36,335.6
2091,SP,114.6,0,14.53,107.24
2092,RJ,92.2,0,1.75,59.07
2093,MG,396.9,0,19.84,60.84
2094,SP,41.3,1,6.41,93.94
2095,RS,360.1,6,15.78,306.98
2096,RS,202.8,1,27.04,198.17
2097,MG,387.5,0,29.78,178.66
2098,RS,277.1,5,15.71,192.15
2099,MG,236.3,0,27.73,121.74
2100,MG,356.1,2,17.89,126.62
2101,MG,416.9,1,22.81,60.83
2102,SP,452.9,2,24.36,73.29
2103,SP,437.0,2,16.34,134.25
2104,MG,380.4,1,4.09,155.14
2105,SP,164.6,1,6.91,178.76
2106,BA,211.9,0,30.04,54.86
2107,RJ,71.2,1,5.93,32.43
2108,MG,201.4,3,32.61,121.5
2109,RS,208.5,4,19.97,166.94
2110,RS,497.9,0,21.76,102.5
2111,MG,621.7,4,16.03,171.8
2112,RJ,104.5,0,2.74,110.12
2113,RS,68.0,1,10.5,85.71
2114,MG,148.2,2,13.7,33.08
2115,BA,273.4,0,18.06,114.17
2116,SP,615.3,0,1.27,78.75
2117,BA,94.3,4,38.44,198.77
2118,MG,90.7,1,24.77,86.56
2119,RJ,97.8,3,48.23,178.13
2120,BA,477.6,3,7.7,90.27
2121,MG,154.2,1,7.8,126.62
2122,BA,192.8,1,5.29,130.11
2123,RS,103.2,0,10.03,133.91
2124,RJ,327.7,0,24.72,133.89
2125,RS,186.0,2,42.73,198.07
2126,RS,234.6,1,22.2,158.67
2127,MG,146.8,0,1.97,58.06
2128,BA,159.5,2,7.31,75.93
2129,BA,460.3,4,18.77,224.55
2130,MG,162.1,2,8.13,24.08
2131,RS,347.6,1,5.57,197.49
2132,MG,176.4,2,4.04,178.64
2133,RS,108.2,1,21.57,245.0
2134,BA,286.2,0,36.78,30.45
2135,MG,125.5,1,26.73,29.87
2136,SP,244.4,2,14.19,24.62
2137,RS,423.4,1,6.33,59.69
2138,BA,197.1,1,2.76,347.55
2139,MG,148.9,1,27.48,70.15
2140,BA,435.3,0,26.55,271.96
2141,RS,216.2,1,11.82,75.27
2142,MG,144.4,2,15.53,35.83
2143,RJ,234.1,3,34.44,108.03
2144,RS,355.4,2,6.7,135.04
2145,BA,335.1,4,23.5,148.52
2146,MG,292.8,1,12.61,214.89
2147,SP,319.7,1,11.91,34.15
2148,MG,225.8,1,16.39,78.38
2149,RS,101.0,1,6.44,80.51
2150,RJ,235.6,0,22.26,148.02
2151,RS,60.0,3,11.79,248.06
2152,RS,307.5,3,6.82,24.89
2153,RS,115.0,0,61.78,172.47
2154,RJ,97.0,2,6.36,81.36
2155,BA,533.3,1,25.86,113.31
2156,BA,265.8,0,19.51,117.14
2157,RS,260.8,2,13.59,87.26
2158,MG,186.8,3,46.68,222.87
2159,BA,246.3,1,11.75,367.11
2160,RS,146.6,3,22.7,186.02
2161,RS,167.4,2,27.97,107.78
2162,RS,235.5,1,33.33,138.66
2163,SP,236.5,2,10.17,99.13
2164,SP,19.6,0,11.01,109.49
2165,SP,486.9,4,15.49,214.64
2166,RS,146.1,2,29.77,288.35
2167,MG,386.1,1,9.54,44.19
2168,BA,453.8,2,24.58,98.51
2169,MG,288.6,1,34.27,100.1
2170,SP,171.4,0,8.4,91.91
2171,RS,323.9,1,9.83,394.37
2172,MG,176.2,0,6.83,145.72
2173,RJ,109.3,3,11.53,266.32
2174,SP,22.9,5,22.77,214.87
2175,SP,343.9,1,18.83,143.88
2176,MG,250.7,2,21.27,89.95
2177,BA,514.3,1,19.67,341.21
2178,SP,222.2,2,16.51,167.58
2179,MG,274.1,1,31.1,85.96
2180,RJ,256.6,0,21.14,120.22
2181,BA,192.2,3,6.35,84.66
2182,RJ,313.7,0,1.64,74.43
2183,RS,320.8,5,23.01,194.66
2184,BA,320.6,3,30.69,97.02
2185,SP,123.0,1,5.81,185.67
2186,RS,196.3,0,24.85,142.48
2187,BA,618.1,1,20.35,119.6
2188,RS,260.6,0,10.13,235.38
2189,RS,150.0,1,6.2,227.21
2190,RJ,78.7,1,12.42,295.07
2191,BA,471.1,2,2.88,123.81
2192,MG,418.8,3,10.17,158.64
2193,MG,293.5,2,11.25,153.68
2194,SP,176.3,2,45.4,188.08
2195,RS,339.9,0,28.98,140.05
2196,RJ,436.5,4,5.16,18.47
2197,SP,254.9,0,4.06,270.11
2198,RS,237.0,3,41.37,114.01
2199,MG,181.1,5,22.43,270.13
2200,SP,232.9,1,9.79,105.31
2201,MG,127.2,3,11.93,106.08
2202,RS,275.3,0,5.96,184.93
2203,BA,128.3,0,15.71,137.36
2204,BA,151.2,2,5.09,147.15
2205,RJ,104.9,0,3.88,93.81
2206,RJ,83.7,1,4.64,135.81
2207,RJ,247.1,1,15.79,202.15
2208,BA,589.0,2,33.35,107.12
2209,RS,49.2,1,26.18,80.92
2210,RJ,226.2,0,8.29,119.12
2211,RJ,69.1,2,9.36,97.76
2212,RS,221.6,0,14.53,80.89
2213,RS,70.5,1,19.26,72.16
2214,SP,217.0,3,61.38,38.07
2215,RJ,173.4,0,9.49,177.0
2216,SP,244.0,2,4.71,68.38
2217,RJ,288.0,0,38.08,139.08
2218,BA,208.6,0,4.93,109.76
2219,MG,221.2,0,3.33,150.0
2220,MG,131.8,3,9.89,187.41
2221,RJ,155.3,3,39.81,132.16
2222,SP,190.6,4,5.82,102.18
2223,BA,217.5,0,5.01,182.85
2224,MG,270.1,1,12.4,305.73
2225,SP,294.3,1,6.48,116.01
2226,RJ,88.0,1,19.25,120.01
2227,BA,403.3,1,50.74,165.45
2228,MG,289.1,2,4.53,50.07
2229,BA,222.1,0,23.23,83.53
2230,BA,227.6,2,35.23,138.35
2231,SP,119.8,1,4.17,149.73
2232,RS,312.8,5,13.71,107.67
2233,MG,30.5,1,10.23,85.27
2234,SP,35.6,3,18.68,128.85
2235,RS,339.0,0,4.42,220.06
2236,MG,147.2,2,4.05,167.21
2237,RJ,198.5,2,24.05,153.82
2238,RS,136.8,2,7.11,126.0
2239,SP,333.4,1,25.42,158.36
2240,MG,112.5,1,21.27,273.67
2241,SP,227.0,2,17.11,123.11
2242,BA,293.0,1,55.96,100.59
2243,BA,530.9,1,16.21,33.88
2244,SP,413.4,1,25.42,76.2
2245,RJ,233.3,1,8.81,194.54
2246,RS,363.7,1,41.43,161.73
2247,RJ,166.0,2,11.61,223.31
2248,MG,228.3,3,4.84,40.82
2249,MG,354.1,1,14.43,134.5
2250,RS,490.1,3,37.97,187.34
2251,BA,97.6,2,16.19,46.74
2252,BA,177.6,1,28.06,44.0
2253,SP,305.4,0,31.22,97.84
2254,RS,332.6,0,4.36,24.8
2255,MG,276.4,0,4.67,43.65
2256,SP,209.4,1,1.79,212.52
2257,SP,118.3,3,9.79,74.15
2258,BA,100.8,2,8.68,251.5
2259,RS,299.8,2,4.65,243.04
2260,SP,161.9,2,5.29,158.41
2261,RJ,200.5,4,37.46,190.61
2262,RJ,142.0,0,18.83,46.33
2263,RS,172.1,1,9.73,217.52
2264,RJ,124.5,2,5.33,98.46
2265,BA,184.0,2,33.28,122.89
2266,MG,193.8,3,9.92,171.69
2267,MG,298.7,3,10.32,116.03
2268,BA,124.1,2,27.17,63.44
2269,RJ,58.8,1,7.49,56.95
2270,RS,181.6,2,4.71,205.23
2271,RS,267.3,0,11.54,97.41
2272,SP,161.6,0,27.23,87.2
2273,MG,360.1,0,18.35,205.61
2274,SP,226.2,0,3.42,247.35
2275,MG,126.5,0,18.56,24.74
2276,RJ,339.2,1,23.24,61.59
2277,RS,277.9,2,2.48,66.81
2278,RS,195.4,2,49.58,81.53
2279,RJ,185.5,1,14.57,117.95
2280,MG,105.6,2,21.4,162.55
2281,RJ,50.6,0,20.8,107.36
2282,MG,301.3,0,23.39,83.97
2283,RS,357.5,3,13.93,83.63
2284,BA,310.5,1,29.57,227.09
2285,SP,241.9,0,19.66,146.11
2286,BA,175.9,0,14.13,131.51
2287,BA,537.7,1,49.74,169.99
2288,RJ,267.4,1,16.55,96.21
2289,BA,419.3,0,22.81,221.42
2290,SP,211.4,2,26.78,196.69
2291,SP,339.6,2,44.0,93.26
2292,MG,364.4,0,12.41,176.2
2293,MG,132.2,2,18.32,92.43
2294,RS,88.5,1,30.79,124.78
2295,RS,318.8,0,8.89,212.06
2296,MG,389.4,3,9.88,131.87
2297,MG,321.9,2,28.78,89.68
2298,SP,180.9,2,10.02,137.44
2299,SP,72.3,0,39.49,188.34
2300,MG,147.5,1,13.59,99.52
2301,MG,407.8,4,3.05,73.9
2302,RJ,366.7,1,1.29,143.98
2303,MG,190.3,1,6.42,150.35
2304,MG,365.0,4,19.43,53.52
2305,RJ,203.2,2,7.34,21.24
2306,MG,127.6,0,44.01,74.08
2307,SP,228.2,0,15.72,134.55
2308,RS,141.2,0,40.19,143.04
2309,MG,381.0,2,10.88,104.06
2310,RJ,140.0,1,25.28,57.64
2311,MG,263.6,2,18.44,138.43
2312,MG,437.6,2,7.43,300.63
2313,RJ,220.8,2,17.06,5.59
2314,BA,138.4,2,31.64,179.63
2315,RS,393.1,2,8.92,82.39
2316,RS,303.1,0,16.06,90.98
2317,SP,434.4,0,4.95,49.98
2318,BA,216.5,1,62.77,93.63
2319,BA,296.4,2,17.26,194.15
2320,MG,210.8,2,5.96,180.35
2321,BA,317.0,0,14.7,87.81
2322,RS,239.5,2,29.31,374.11
2323,SP,179.1,1,14.71,257.13
2324,MG,102.7,1,12.32,106.85
2325,SP,140.8,0,6.11,44.57
2326,RS,181.2,0,22.11,23.66
2327,MG,296.7,1,15.2,141.78
2328,RJ,307.4,3,24.13,17.98
2329,SP,206.6,0,23.79,201.43
2330,SP,368.9,1,9.09,150.81
2331,RJ,573.0,1,5.21,151.87
2332,RS,180.3,3,4.68,327.25
2333,RS,341.3,0,30.51,103.66
2334,RJ,289.9,0,17.19,82.71
2335,RJ,279.6,3,3.22,123.5
2336,RS,244.5,3,22.34,224.65
2337,SP,33.0,3,10.22,225.18
2338,BA,415.4,2,8.18,229.98
2339,MG,46.6,3,8.96,53.96
2340,MG,267.1,2,12.93,357.54
2341,RS,367.0,1,8.49,263.84
2342,SP,325.6,2,17.79,155.45
2343,RJ,111.8,1,18.93,130.58
2344,BA,99.1,2,19.72,110.06
2345,RJ,248.4,0,8.8,58.76
2346,SP,67.3,1,19.06,71.72
2347,MG,499.4,1,14.35,210.38
2348,RS,544.3,1,15.4,42.03
2349,BA,210.9,0,4.3,144.06
2350,RS,205.0,1,8.56,121.19
2351,RJ,261.2,2,5.45,107.63
2352,RJ,657.2,0,8.09,79.88
2353,SP,119.4,1,4.4,15.89
2354,SP,136.0,0,21.02,160.28
2355,RJ,298.3,0,32.63,101.14
2356,RS,166.9,0,17.09,169.55
2357,BA,376.0,0,27.66,146.81
2358,MG,700.4,1,15.27,128.16
2359,MG,365.3,2,7.52,45.38
2360,SP,150.1,1,4.91,284.67
2361,MG,257.4,2,8.9,67.91
2362,MG,198.8,1,12.18,348.62
2363,BA,108.1,0,1.94,55.89
2364,RJ,346.9,2,23.51,55.04
2365,RS,478.6,3,5.04,46.73
2366,MG,332.0,0,48.39,297.57
2367,SP,593.6,0,10.42,75.25
2368,BA,133.8,3,8.66,275.02
2369,BA,211.6,0,54.47,198.38
2370,RS,87.4,0,47.9,202.27
2371,MG,251.7,2,10.9,66.02
2372,RS,490.7,2,22.9,119.0
2373,RJ,232.2,5,12.46,199.33
2374,SP,185.2,2,15.23,33.58
2375,BA,361.8,1,11.66,203.27
2376,MG,474.2,2,23.31,37.99
2377,BA,268.9,1,15.13,184.83
2378,MG,224.1,0,13.84,139.09
2379,BA,481.3,1,5.69,91.47
2380,RS,317.3,2,6.36,95.99
2381,RS,499.6,0,4.62,137.39
2382,SP,156.7,1,12.33,304.1
2383,RS,235.9,2,14.02,229.52
2384,MG,161.2,1,37.55,96.39
2385,RJ,76.2,0,13.01,227.94
2386,RS,114.3,1,8.2,88.71
2387,SP,327.8,0,11.63,252.69
2388,RJ,391.5,0,21.17,272.47
2389,RS,199.3,2,21.36,82.84
2390,RJ,180.1,1,16.03,78.68
2391,RS,488.5,1,44.47,77.88
2392,MG,151.7,2,22.97,66.89
2393,MG,328.7,0,14.81,77.57
2394,RJ,103.1,1,7.21,203.66
2395,SP,69.3,0,58.2,121.15
2396,RS,262.4,1,28.13,114.97
2397,SP,223.4,1,12.51,82.54
2398,SP,154.3,0,15.64,83.17
2399,SP,77.3,2,7.64,88.55
2400,RJ,276.0,3,20.38,44.35
2401,BA,135.1,1,22.89,167.91
2402,SP,603.4,1,46.8,215.6
2403,SP,321.5,0,10.84,106.33
2404,BA,163.6,5,10.36,89.06
2405,SP,107.0,2,2.83,19.07
2406,RJ,228.8,0,22.91,101.13
2407,RS,151.0,1,20.87,210.57
2408,RS,97.1,1,11.62,253.35
2409,MG,341.0,2,12.69,152.8
2410,RS,139.7,0,12.25,42.49
2411,RS,327.4,0,21.09,99.73
2412,RS,162.7,0,15.36,129.75
2413,RJ,294.7,1,22.91,52.12
2414,RJ,275.2,3,4.2,162.07
2415,BA,431.8,0,17.44,57.89
2416,SP,385.9,1,13.99,115.63
2417,RJ,124.7,0,19.27,143.96
2418,RJ,391.1,2,29.01,46.92
2419,RS,638.3,3,9.95,80.85
2420,RS,132.9,2,17.89,26.27
2421,RJ,365.0,0,10.19,101.05
2422,BA,227.0,1,24.33,82.38
2423,MG,301.4,0,15.15,133.93
2424,SP,893.3,1,10.21,188.53
2425,RJ,29.5,2,3.99,43.57
2426,BA,118.2,0,15.91,182.58
2427,BA,254.0,1,13.68,135.67
2428,RS,111.4,2,8.62,68.34
2429,BA,213.3,2,19.92,45.72
2430,RS,405.3,1,21.77,142.58
2431,MG,238.6,5,4.95,161.6
2432,BA,122.3,0,8.17,110.19
2433,BA,419.1,2,22.82,155.79
2434,RS,311.6,1,29.31,117.69
2435,RS,141.3,1,10.31,209.58
2436,RS,322.5,2,17.05,149.71
2437,RS,56.7,1,18.51,97.03
2438,RJ,267.9,3,24.11,324.32
2439,RS,202.6,4,9.1,63.2
2440,SP,459.3,0,56.75,62.04
2441,RJ,221.7,2,32.48,179.12
2442,BA,68.0,3,34.36,162.76
2443,BA,780.2,2,32.54,189.08
2444,SP,246.3,3,7.74,65.32
2445,BA,270.1,1,2.35,102.05
2446,RJ,85.1,3,4.87,190.01
2447,BA,625.9,0,16.03,111.82
2448,RS,554.2,1,21.69,115.27
2449,RJ,522.7,2,23.68,37.84
2450,MG,319.3,3,10.72,119.62
2451,SP,420.0,2,2.02,29.49
2452,MG,394.2,0,14.57,119.4
2453,RS,87.0,0,7.58,135.41
2454,RS,505.5,2,41.23,169.89
2455,BA,99.8,2,12.76,159.7
2456,RJ,352.8,1,3.51,421.79
2457,RJ,393.4,1,10.75,46.49
2458,RS,65.9,1,33.98,68.61
2459,BA,419.6,1,35.42,169.85
2460,RS,319.5,1,28.52,123.18
2461,RJ,302.1,1,5.84,234.43
2462,RJ,197.2,0,18.24,137.03
2463,RS,279.6,0,10.68,136.32
2464,RJ,407.6,2,6.04,136.95
2465,BA,139.8,2,9.03,56.1
2466,SP,110.5,1,0.85,125.86
2467,SP,435.8,1,2.45,124.01
2468,RS,40.3,1,36.1,77.1
2469,RJ,466.5,1,11.93,63.24
2470,SP,39.4,1,1.6,44.92
2471,RJ,225.8,0,30.7,148.99
2472,SP,495.1,1,2.09,283.42
2473,BA,469.0,0,21.5,84.12
2474,RS,83.6,1,17.05,320.74
2475,SP,177.5,1,16.55,109.52
2476,MG,417.3,1,30.17,216.47
2477,RJ,399.8,0,74.92,142.17
2478,BA,12.9,1,59.71,234.4
2479,BA,313.9,2,36.34,90.65
2480,BA,120.1,1,21.19,137.56
2481,SP,650.9,2,13.39,102.79
2482,SP,148.3,3,28.05,217.04
2483,RS,660.4,1,3.89,82.1
2484,SP,341.7,0,22.35,32.26
2485,MG,435.7,1,5.56,214.37
2486,MG,409.7,1,7.09,99.22
2487,RJ,319.3,3,31.59,97.48
2488,SP,166.6,2,12.94,111.63
2489,SP,170.8,4,3.18,65.12
2490,MG,156.2,1,18.96,126.72
2491,SP,112.4,0,8.53,152.3
2492,BA,190.7,1,17.02,52.6
2493,RS,260.1,5,9.47,38.49
2494,BA,209.2,0,46.6,131.28
2495,RS,441.8,2,11.01,214.58
2496,BA,205.8,2,26.07,59.7
2497,BA,418.8,1,4.34,142.69
2498,SP,322.0,0,3.81,353.06
2499,MG,572.2,2,18.29,382.03
2500,RJ,343.1,0,49.02,55.91
2501,SP,484.1,1,22.63,48.65
2502,RS,385.7,2,11.62,294.92
2503,RS,251.8,1,6.01,206.56
2504,SP,437.1,4,3.85,122.98
2505,RS,118.0,0,5.42,205.97
2506,MG,279.0,3,7.06,35.41
2507,BA,283.8,0,10.3,171.79
2508,SP,425.8,1,12.16,52.27
2509,RS,90.2,2,16.75,100.09
2510,RS,249.2,1,10.81,114.22
2511,BA,361.7,2,8.46,129.02
2512,SP,399.2,1,32.94,221.58
2513,MG,175.6,0,11.02,154.65
2514,MG,103.1,2,4.99,122.59
2515,RJ,315.1,1,8.51,354.13
2516,MG,93.1,1,23.07,212.23
2517,BA,263.1,0,8.74,250.3
2518,BA,244.3,0,18.75,222.81
2519,RJ,285.9,0,54.17,167.16
2520,RS,505.7,1,27.43,99.34
2521,MG,421.2,2,27.74,76.8
2522,BA,329.0,2,6.14,65.92
2523,RS,376.8,0,17.72,164.83
2524,RJ,232.3,0,35.66,313.31
2525,RS,312.9,1,8.41,79.47
2526,SP,300.0,1,16.12,169.02
2527,RJ,179.8,1,14.89,235.0
2528,BA,275.9,1,20.91,103.31
2529,BA,642.7,1,15.48,109.0
2530,RS,244.1,1,15.13,172.96
2531,MG,283.4,0,17.04,171.1
2532,SP,135.0,1,21.59,53.69
2533,MG,144.4,2,5.6,210.48
2534,BA,110.8,0,27.02,229.2
2535,SP,157.4,0,26.6,219.85
2536,SP,525.7,3,13.56,181.29
2537,MG,258.6,0,17.74,48.75
2538,MG,47.0,1,27.96,55.55
2539,MG,491.6,2,33.69,138.76
2540,MG,173.7,1,8.25,116.39
2541,BA,129.5,2,16.85,301.91
2542,BA,535.0,1,4.66,64.3
2543,MG,266.1,1,29.28,65.07
2544,RS,665.7,2,25.23,147.55
2545,MG,291.9,1,11.21,204.26
2546,BA,162.6,3,16.65,72.19
2547,BA,163.9,1,5.27,58.81
2548,RJ,54.2,5,21.91,56.54
2549,BA,265.1,0,13.99,61.69
2550,BA,175.6,3,11.96,216.63
2551,MG,355.0,1,34.41,171.88
2552,MG,228.9,2,33.35,102.31
2553,MG,633.1,2,13.94,130.02
2554,MG,180.4,3,9.14,27.49
2555,BA,314.1,1,13.47,214.7
2556,RJ,643.1,1,26.89,311.66
2557,SP,383.9,0,12.52,143.04
2558,MG,573.0,0,3.58,197.75
2559,RS,552.0,1,13.07,275.45
2560,RJ,230.3,1,15.09,79.99
2561,RJ,192.0,1,25.1,80.64
2562,RJ,38.0,2,21.26,217.85
2563,RS,254.5,0,27.07,197.0
2564,SP,236.0,3,13.39,147.37
2565,MG,304.9,0,11.59,47.57
2566,MG,588.6,5,19.96,14.76
2567,MG,223.4,1,17.4,139.51
2568,RJ,212.3,1,22.9,144.84
2569,BA,339.8,2,14.75,196.79
2570,RS,226.8,2,11.6,229.51
2571,MG,190.3,2,15.18,190.37
2572,RS,154.4,4,12.35,38.25
2573,SP,251.5,2,23.76,95.46
2574,RJ,310.8,1,9.21,161.55
2575,RS,133.9,2,4.37,80.38
2576,BA,181.7,1,40.26,134.66
2577,SP,261.6,1,6.69,154.88
2578,RS,139.1,0,2.47,174.48
2579,RS,400.6,1,1.75,40.69
2580,RJ,409.9,4,2.0,104.51
2581,SP,209.0,1,10.54,252.51
2582,MG,868.2,0,19.67,125.55
2583,MG,428.3,2,35.08,339.19
2584,MG,341.9,0,23.84,155.18
2585,BA,311.4,3,15.17,63.1
2586,BA,474.8,0,6.2,170.65
2587,BA,549.9,0,8.66,63.53
2588,RS,323.4,3,11.63,429.07
2589,BA,857.5,1,20.66,285.88
2590,SP,260.7,0,19.25,188.13
2591,SP,180.5,1,24.93,403.53
2592,RS,148.0,2,22.7,92.19
2593,RS,192.4,3,9.55,227.74
2594,BA,226.4,2,10.65,32.52
2595,RJ,204.2,1,27.56,89.5
2596,BA,177.6,2,6.35,73.34
2597,SP,354.2,2,8.64,192.67
2598,BA,109.8,2,35.13,109.99
2599,RJ,102.5,4,10.08,76.03
2600,RS,250.9,3,12.76,112.95
2601,BA,205.4,1,30.89,100.35
2602,RJ,143.1,1,6.96,155.24
2603,BA,673.9,2,4.26,42.71
2604,BA,215.5,1,43.53,51.85
2605,RJ,309.3,1,10.13,131.55
2606,RJ,106.8,0,17.75,211.63
2607,RJ,1101.9,1,8.03,102.18
2608,MG,204.7,1,24.83,74.3
2609,RJ,415.6,0,19.17,136.58
2610,BA,286.9,3,3.78,75.76
2611,MG,353.7,1,20.51,111.32
2612,RJ,175.4,2,15.07,360.4
2613,BA,34.9,2,3.45,95.97
2614,SP,88.2,0,9.8,200.43
2615,RS,567.9,1,21.33,135.37
2616,BA,342.4,1,9.9,140.37
2617,SP,358.2,2,11.21,126.0
2618,RS,178.1,0,18.72,58.72
2619,RJ,207.8,2,26.79,103.68
2620,BA,199.8,1,36.31,174.0
2621,RJ,116.8,1,4.84,47.31
2622,RJ,370.5,2,13.38,109.39
2623,SP,163.2,1,3.9,293.62
2624,BA,74.6,1,6.38,139.06
2625,MG,259.1,0,12.42,64.77
2626,SP,236.0,0,15.36,296.22
2627,RJ,166.4,0,13.28,205.66
2628,BA,290.1,1,52.03,58.66
2629,BA,347.0,3,17.59,103.91
2630,MG,455.6,1,35.89,155.99
2631,SP,176.7,1,14.92,131.11
2632,BA,163.0,4,29.74,63.12
2633,RJ,366.8,0,6.92,66.12
2634,MG,261.4,2,20.85,41.66
2635,MG,197.5,1,5.35,81.31
2636,RJ,397.1,1,12.51,297.27
2637,RS,507.1,3,11.78,221.7
2638,BA,366.7,0,8.43,294.85
2639,SP,133.0,2,21.81,110.79
2640,MG,27.6,0,55.2,238.95
2641,SP,409.8,1,17.16,66.25
2642,BA,213.7,1,3.5,72.15
2643,RJ,237.8,0,8.11,42.11
2644,RJ,707.9,2,12.06,184.02
2645,RJ,403.2,1,15.0,142.62
2646,SP,281.4,2,9.85,87.44
2647,SP,253.6,1,6.29,54.12
2648,MG,78.9,4,17.56,118.96
2649,BA,349.8,3,14.04,125.37
2650,BA,229.2,2,41.87,122.71
2651,RJ,312.0,2,9.8,76.84
2652,RS,514.2,3,18.72,65.93
2653,BA,155.4,1,7.26,19.78
2654,RS,334.1,1,11.68,227.66
2655,SP,48.5,0,39.45,150.85
2656,SP,65.6,0,16.27,168.43
2657,SP,312.7,2,24.3,239.44
2658,BA,392.4,1,7.79,119.83
2659,RJ,163.2,1,23.96,117.78
2660,RJ,457.1,2,10.75,143.66
2661,MG,247.9,2,12.28,159.83
2662,BA,448.4,0,37.2,87.3
2663,MG,153.0,2,15.09,105.51
2664,RJ,141.0,3,41.04,234.59
2665,RJ,473.4,1,38.19,181.79
2666,RJ,507.0,1,15.78,200.9
2667,RJ,137.6,6,9.29,119.25
2668,MG,524.4,0,7.89,75.28
2669,RJ,316.5,2,28.95,218.68
2670,MG,128.3,0,34.45,143.5
2671,BA,148.2,4,5.42,51.09
2672,BA,240.4,1,22.23,52.52
2673,SP,221.0,1,12.81,159.44
2674,BA,402.6,3,7.51,298.26
2675,RJ,211.6,1,33.58,95.95
2676,BA,76.7,1,38.43,125.65
2677,RS,413.7,0,5.29,200.55
2678,RJ,664.9,1,18.31,124.77
2679,SP,68.0,0,3.87,225.63
2680,BA,421.7,2,36.62,50.0
2681,RJ,78.9,4,58.36,80.76
2682,RJ,358.4,1,7.04,157.64
2683,BA,198.2,2,21.68,184.42
2684,BA,111.2,2,15.6,270.6
2685,SP,263.3,0,8.91,123.78
2686,MG,159.8,3,10.6,67.32
2687,RJ,583.2,2,7.79,146.61
2688,MG,223.9,1,5.07,49.32
2689,BA,300.2,1,36.96,57.06
2690,SP,256.0,3,3.05,181.51
2691,SP,396.6,1,21.54,196.29
2692,MG,161.7,5,14.43,167.4
2693,RS,674.5,3,54.43,126.49
2694,RJ,285.6,3,7.62,103.32
2695,SP,288.7,1,32.53,87.57
2696,RJ,262.3,1,22.07,337.46
2697,RJ,283.4,3,12.68,155.51
2698,SP,212.5,2,18.7,165.23
2699,RS,195.0,0,13.5,35.98
2700,BA,207.4,2,5.45,189.43
2701,BA,299.4,3,10.95,310.06
2702,RS,432.5,0,13.74,139.61
2703,BA,307.1,1,2.82,147.57
2704,RJ,227.7,3,5.82,80.75
2705,SP,327.1,4,21.33,135.55
2706,SP,416.6,2,13.41,81.15
2707,RJ,342.5,4,4.75,145.95
2708,BA,599.1,1,16.66,147.54
2709,BA,261.4,1,23.99,178.03
2710,SP,265.1,0,15.78,90.76
2711,RJ,177.5,2,23.04,322.62
2712,RS,156.0,0,20.53,114.82
2713,RJ,294.1,1,36.91,237.32
2714,SP,208.0,0,14.57,127.04
2715,RJ,370.4,0,28.82,129.35
2716,RJ,223.1,1,8.46,213.47
2717,MG,271.3,1,7.46,46.15
2718,MG,646.3,0,11.26,128.68
2719,SP,404.9,2,11.96,177.78
2720,SP,442.1,2,1.59,111.53
2721,RJ,163.4,2,1.09,155.28
2722,RJ,142.9,0,12.24,319.92
2723,RS,196.4,1,22.65,102.78
2724,RJ,476.7,2,24.82,256.58
2725,RJ,136.0,1,40.57,55.08
2726,BA,268.9,4,22.63,144.64
2727,RJ,570.5,1,16.35,171.69
2728,RS,204.5,1,39.23,133.24
2729,MG,259.5,3,5.14,92.73
2730,RJ,359.1,0,31.71,39.64
2731,BA,87.3,0,18.29,209.79
2732,BA,498.3,1,16.65,68.58
2733,BA,218.2,3,4.61,399.73
2734,SP,217.3,2,17.33,32.42
2735,RJ,73.2,0,8.29,61.94
2736,MG,159.1,2,12.11,249.62
2737,RJ,31.4,0,12.42,187.89
2738,MG,481.0,0,35.13,190.64
2739,RJ,522.5,3,11.21,129.35
2740,RJ,151.2,0,12.02,114.62
2741,MG,443.0,2,12.19,202.83
2742,RS,333.2,0,24.2,85.97
2743,RJ,144.6,0,14.85,101.11
2744,BA,129.4,2,41.39,68.14
2745,RS,73.6,2,3.91,77.14
2746,SP,88.4,0,26.6,107.87
2747,RS,345.2,2,10.08,51.52
2748,RJ,698.3,3,24.42,45.72
2749,SP,337.6,2,9.88,31.1
2750,RS,64.1,2,2.48,120.03
2751,SP,196.8,2,2.84,131.24
2752,RS,235.8,2,31.42,171.74
2753,RJ,94.0,2,9.35,90.85
2754,BA,139.5,3,3.45,153.65
2755,RJ,304.9,3,8.84,267.8
2756,RS,203.3,2,32.11,112.29
2757,BA,154.7,1,22.6,67.15
2758,RS,70.2,2,11.52,204.59
2759,BA,402.0,2,13.22,146.97
2760,BA,313.5,1,15.02,72.25
2761,RS,656.4,0,5.04,57.56
2762,BA,97.9,3,12.06,142.74
2763,RJ,354.5,0,10.99,431.6
2764,RJ,365.4,0,33.13,132.58
2765,BA,267.1,1,10.12,131.13
2766,RJ,153.3,1,20.07,57.65
2767,BA,189.3,2,9.23,167.62
2768,BA,253.5,1,27.63,224.84
2769,SP,56.8,0,12.01,123.17
2770,RS,363.3,1,13.01,95.46
2771,RS,260.4,4,9.12,135.02
2772,RJ,200.8,3,10.58,68.91
2773,RJ,266.8,1,17.34,150.09
2774,RJ,266.2,2,10.74,107.38
2775,RS,318.4,1,24.88,143.38
2776,SP,275.8,3,11.87,114.61
2777,SP,144.0,1,13.8,70.48
2778,BA,166.7,0,5.57,120.89
2779,MG,263.2,2,24.87,311.75
2780,MG,238.0,1,17.42,262.74
2781,RS,533.4,2,20.11,96.86
2782,BA,165.9,2,42.79,124.78
2783,SP,194.8,1,17.19,198.91
2784,RJ,205.3,1,10.53,136.0
2785,RJ,93.2,0,9.12,136.0
2786,BA,267.2,0,30.49,76.8
2787,MG,131.7,2,20.1,88.26
2788,BA,187.4,0,18.04,99.99
2789,RJ,141.2,3,21.07,34.35
2790,MG,222.3,1,7.17,81.73
2791,RJ,269.0,2,7.89,108.82
2792,SP,31.4,2,12.54,242.67
2793,RJ,232.5,1,31.9,133.33
2794,MG,291.6,2,10.81,34.63
2795,BA,115.6,1,6.63,149.44
2796,BA,181.7,3,7.05,80.54
2797,BA,602.5,0,14.44,228.36
2798,SP,183.1,0,5.2,136.11
2799,MG,325.3,4,17.7,27.1
2800,SP,418.4,4,1.9,135.03
2801,SP,64.7,2,51.27,109.0
2802,MG,268.6,0,3.93,180.14
2803,BA,191.4,1,7.35,44.28
2804,RJ,268.3,1,5.78,200.97
2805,SP,235.8,1,9.8,72.73
2806,RS,326.6,1,15.84,260.95
2807,MG,110.5,1,19.64,135.52
2808,RS,96.3,1,6.54,125.96
2809,SP,308.2,2,16.88,458.64
2810,RS,266.9,1,20.26,63.3
2811,RS,44.1,1,18.34,205.24
2812,RS,552.9,2,24.76,35.77
2813,SP,212.8,1,12.18,102.5
2814,BA,226.2,2,26.66,78.29
2815,MG,72.6,2,1.79,248.43
2816,SP,255.7,2,46.47,226.9
2817,RS,301.0,3,29.07,162.5
2818,RS,348.9,1,18.59,82.54
2819,RS,122.3,1,12.22,144.41
2820,BA,1036.9,0,30.16,52.81
2821,SP,373.9,2,6.7,149.02
2822,BA,405.7,2,2.79,184.9
2823,MG,638.0,2,10.2,102.43
2824,BA,224.2,0,32.11,185.9
2825,MG,278.6,2,13.65,271.24
2826,RS,46.3,1,1.92,81.11
2827,MG,65.6,0,63.35,131.51
2828,RJ,222.8,0,39.72,204.16
2829,BA,261.3,1,27.03,66.24
2830,BA,221.2,2,5.05,252.04
2831,RJ,184.6,1,37.23,55.58
2832,MG,342.2,2,34.4,124.98
2833,BA,349.2,4,18.25,48.28
2834,RJ,194.9,0,7.6,218.8
2835,SP,251.5,3,18.96,165.31
2836,RJ,314.6,2,4.99,30.58
2837,RS,276.0,1,21.44,169.68
2838,SP,86.7,3,2.09,74.68
2839,RJ,194.2,2,32.54,327.42
2840,MG,178.2,1,22.61,248.0
2841,BA,495.0,0,31.68,185.92
2842,RJ,136.8,2,14.37,249.21
2843,RS,216.6,1,21.63,74.45
2844,MG,200.9,4,5.17,202.71
2845,MG,186.0,1,5.02,58.18
2846,RS,76.9,0,4.94,100.58
2847,MG,597.1,0,8.31,274.38
2848,BA,226.8,0,11.55,211.28
2849,RJ,317.5,2,16.47,31.31
2850,BA,284.6,1,26.86,111.42
2851,MG,183.6,3,8.64,213.69
2852,RS,224.8,2,16.43,360.93
2853,RJ,463.2,0,13.76,268.85
2854,RJ,91.3,3,18.83,48.43
2855,SP,228.9,0,59.04,156.08
2856,MG,280.2,3,26.5,166.56
2857,MG,188.4,0,22.32,135.05
2858,SP,187.1,1,8.86,232.72
2859,SP,332.8,1,6.6,112.87
2860,RJ,210.2,1,4.33,35.67
2861,SP,647.4,2,7.06,66.35
2862,RS,336.0,1,24.59,97.66
2863,BA,515.6,4,28.82,257.36
2864,SP,348.4,1,9.53,142.22
2865,BA,132.2,0,24.33,45.29
2866,BA,221.0,1,36.42,278.96
2867,BA,238.8,1,13.05,184.51
2868,RS,240.0,2,44.07,93.97
2869,BA,70.3,2,6.66,125.13
2870,MG,332.1,1,6.51,41.23
2871,BA,316.0,2,37.98,181.49
2872,BA,246.9,0,9.02,142.16
2873,MG,100.9,4,12.47,72.29
2874,MG,556.5,0,8.23,270.27
2875,MG,189.4,1,7.27,45.08
2876,RJ,171.8,2,7.95,229.87
2877,MG,45.0,1,13.08,189.7
2878,MG,346.0,3,4.49,144.42
2879,BA,413.2,0,11.79,86.31
2880,SP,406.7,1,10.07,244.28
2881,MG,43.9,1,30.5,101.6
2882,RJ,436.4,1,10.78,123.16
2883,SP,193.5,4,10.39,90.45
2884,RJ,199.4,3,18.14,97.84
2885,RJ,149.9,2,29.0,145.9
2886,RS,326.1,2,21.93,184.92
2887,RJ,413.6,3,8.76,188.83
2888,RJ,242.8,3,15.38,124.6
2889,RJ,193.2,1,20.41,90.88
2890,RJ,439.6,0,8.79,37.92
2891,RS,223.5,0,13.0,59.23
2892,RS,271.6,4,10.75,91.14
2893,RJ,182.8,1,2.77,97.38
2894,SP,286.7,1,5.62,82.5
2895,SP,312.6,2,54.6,263.77
2896,RS,145.1,1,53.52,146.64
2897,RS,93.8,0,5.37,98.14
2898,RS,211.5,1,23.17,187.69
2899,MG,96.3,2,25.87,81.25
2900,BA,218.9,0,20.92,45.69
2901,BA,421.8,0,5.5,70.55
2902,MG,200.0,2,30.53,296.41
2903,RS,29.9,2,29.56,164.64
2904,SP,126.4,0,16.57,158.94
2905,MG,270.2,2,26.07,128.88
2906,SP,265.7,1,26.09,140.02
2907,BA,143.0,2,13.85,118.63
2908,SP,325.9,1,6.29,42.9
2909,MG,145.7,2,5.15,156.95
2910,RJ,532.4,1,16.91,250.99
2911,RS,390.4,0,20.86,86.19
2912,MG,824.0,2,4.08,231.08
2913,SP,331.4,1,6.7,363.55
2914,RS,276.5,3,11.87,267.16
2915,MG,106.0,0,32.65,253.22
2916,MG,250.2,1,13.98,148.91
2917,BA,112.1,3,12.0,145.36
2918,RS,419.0,1,27.94,110.25
2919,SP,147.7,1,19.76,125.9
2920,BA,808.4,2,4.92,194.48
2921,MG,225.6,1,26.82,304.62
2922,SP,749.3,2,4.2,39.09
2923,RS,82.8,1,2.63,25.2
2924,MG,180.9,0,7.83,128.45
2925,RS,98.8,2,3.94,137.7
2926,SP,109.9,1,3.07,299.4
2927,BA,241.1,2,24.49,124.72
2928,SP,63.9,2,6.96,272.06
2929,RS,341.9,2,68.28,141.97
2930,RS,224.8,1,15.92,78.66
2931,RS,169.7,0,4.47,87.1
2932,RJ,189.0,0,16.74,78.82
2933,BA,176.9,1,7.62,103.88
2934,SP,889.2,4,8.7,133.13
2935,RS,207.3,0,28.58,60.96
2936,SP,217.4,4,22.56,175.64
2937,BA,180.2,0,18.72,118.83
2938,BA,416.7,2,30.32,78.89
2939,RJ,281.9,2,21.23,86.53
2940,MG,268.2,1,11.75,137.18
2941,MG,61.2,1,16.78,110.04
2942,SP,225.2,1,32.7,162.71
2943,SP,427.6,0,9.33,156.8
2944,BA,135.7,0,5.88,92.1
2945,BA,449.7,3,6.34,199.42
2946,RJ,286.6,0,15.43,180.34
2947,MG,283.8,1,21.56,180.96
2948,BA,340.5,2,24.93,147.33
2949,BA,173.0,1,15.11,230.27
2950,MG,220.0,1,26.14,97.25
2951,RS,432.0,3,6.88,57.47
2952,MG,511.5,0,34.38,202.09
2953,SP,451.8,3,24.34,140.01
2954,MG,536.4,1,26.93,98.38
2955,RJ,459.4,2,24.77,116.14
2956,BA,79.2,0,5.74,156.33
2957,SP,320.6,0,14.39,65.64
2958,RS,81.0,3,13.91,121.48
2959,BA,121.7,3,17.84,110.58
2960,BA,101.8,3,10.34,122.94
2961,MG,138.7,0,3.11,396.45
2962,SP,257.7,1,10.1,164.2
2963,MG,130.0,0,49.03,50.85
2964,MG,271.8,1,37.5,104.5
2965,MG,430.7,1,14.75,16.08
2966,RJ,304.9,3,2.67,315.0
2967,RJ,61.2,2,21.35,41.62
2968,SP,207.9,3,18.91,140.15
2969,MG,355.6,2,4.13,228.15
2970,SP,199.6,1,6.23,78.62
2971,BA,306.0,0,4.82,97.53
2972,RJ,134.2,1,30.88,48.65
2973,MG,200.5,1,22.91,194.39
2974,RS,373.6,3,6.04,189.41
2975,MG,111.3,0,17.73,104.99
2976,BA,231.0,0,5.69,121.5
2977,BA,215.8,1,23.82,28.5
2978,RS,185.0,3,16.49,108.97
2979,SP,300.0,1,28.09,115.72
2980,BA,470.2,0,38.69,21.36
2981,RJ,206.6,1,24.32,114.88
2982,RJ,158.9,2,27.54,148.31
2983,RS,204.1,1,1.73,32.47
2984,RJ,492.2,0,39.83,157.04
2985,MG,134.4,2,6.61,170.85
2986,MG,118.3,2,33.53,132.55
2987,SP,167.8,2,21.12,62.86
2988,RJ,356.6,4,30.77,57.53
2989,SP,239.3,2,12.51,43.57
2990,MG,351.4,0,16.34,134.95
2991,SP,110.6,2,6.19,228.09
2992,BA,208.5,0,20.98,46.37
2993,MG,119.0,0,19.23,345.66
2994,SP,123.4,1,14.74,182.43
2995,RS,292.5,2,13.79,170.08
2996,RJ,210.0,1,15.28,157.1
2997,RJ,673.8,0,26.13,218.96
2998,MG,455.4,2,37.2,116.44
2999,MG,245.7,2,25.03,84.33
3000,BA,205.2,1,12.9,246.35
3001,MG,86.1,2,14.38,168.43
3002,BA,67.7,1,5.94,182.32
3003,RJ,437.4,1,17.77,182.1
3004,BA,165.0,1,41.98,197.78
3005,RS,277.5,0,20.24,89.31
3006,SP,252.3,3,10.14,178.33
3007,SP,361.7,1,12.17,143.52
3008,SP,603.2,1,45.83,37.64
3009,RJ,385.0,2,11.16,423.93
3010,RJ,217.4,0,6.93,34.66
3011,BA,502.0,2,39.68,180.73
3012,RJ,323.9,2,11.17,194.0
3013,RS,220.2,1,6.21,360.35
3014,BA,266.3,1,24.1,148.71
3015,RS,404.0,1,38.89,38.18
3016,RS,496.1,2,30.45,155.07
3017,SP,164.0,0,29.87,273.21
3018,BA,199.7,2,19.54,57.14
3019,RS,91.3,1,21.9,143.42
3020,SP,394.7,1,13.33,132.23
3021,SP,212.5,2,8.55,117.5
3022,RJ,560.2,1,27.17,42.9
3023,RJ,518.6,1,16.82,212.8
3024,RS,272.8,1,7.88,90.43
3025,SP,282.5,2,10.36,144.72
3026,RS,150.9,2,8.57,127.72
3027,RJ,154.0,2,5.08,254.24
3028,MG,249.3,0,9.94,277.23
3029,MG,208.8,1,7.48,182.11
3030,RJ,590.9,0,11.61,186.02
3031,RS,160.3,0,28.62,64.27
3032,RJ,346.8,0,1.35,113.79
3033,RS,215.4,3,20.98,48.76
3034,BA,261.4,3,8.85,161.38
3035,RJ,307.2,0,22.9,154.59
3036,RS,112.8,1,37.62,122.28
3037,RJ,373.4,0,19.16,47.31
3038,RJ,480.6,1,18.64,218.22
3039,RS,446.1,3,6.74,40.19
3040,SP,219.3,2,9.43,34.11
3041,RS,140.0,4,11.23,137.56
3042,SP,396.8,1,2.31,107.18
3043,SP,174.6,3,19.02,208.73
3044,SP,278.9,3,10.93,77.48
3045,BA,64.1,2,8.45,159.54
3046,RS,83.0,0,0.79,139.48
3047,RS,216.4,1,31.09,92.82
3048,BA,212.7,3,2.98,48.98
3049,BA,125.1,1,2.68,95.37
3050,RS,67.1,2,12.84,229.12
3051,RS,297.2,1,14.89,270.95
3052,SP,72.0,3,40.22,94.73
3053,MG,151.2,5,3.37,87.94
3054,RJ,366.1,1,0.69,43.79
3055,SP,235.8,1,9.34,137.92
3056,BA,294.9,5,13.77,56.11
3057,MG,261.2,0,24.12,82.55
3058,BA,266.6,1,22.05,110.26
3059,MG,215.3,2,28.29,170.75
3060,SP,124.8,1,10.38,198.86
3061,RS,439.5,3,32.07,62.03
3062,MG,269.7,1,11.87,233.54
3063,RJ,259.7,0,27.9,221.85
3064,BA,978.9,1,17.71,240.09
3065,RJ,122.0,6,18.12,122.11
3066,BA,441.7,2,2.61,38.82
3067,MG,274.7,0,11.73,136.79
3068,MG,99.5,1,23.16,44.39
3069,SP,167.6,2,30.78,172.93
3070,SP,188.7,1,22.57,129.31
3071,RS,86.7,0,17.69,133.71
3072,RS,176.0,2,28.81,135.48
3073,MG,381.9,2,12.95,46.32
3074,MG,485.5,1,10.87,245.28
3075,SP,290.3,0,30.55,69.26
3076,BA,260.7,1,12.33,140.07
3077,BA,221.0,2,24.74,329.35
3078,MG,150.6,0,22.74,68.09
3079,RJ,189.6,2,2.84,55.97
3080,SP,298.5,0,27.26,175.86
3081,RS,90.5,0,13.93,96.71
3082,RJ,211.3,2,14.95,170.55
3083,BA,260.2,1,26.84,79.68
3084,SP,277.3,1,5.1,244.61
3085,BA,84.0,3,15.27,185.12
3086,SP,536.8,1,18.1,250.57
3087,BA,331.9,0,42.14,102.57
3088,RJ,137.2,1,30.02,156.62
3089,MG,183.1,2,19.85,129.43
3090,MG,373.9,1,13.09,155.88
3091,MG,410.7,2,14.63,119.34
3092,RJ,149.7,0,3.63,285.36
3093,RJ,127.4,0,54.39,187.27
3094,RJ,475.3,0,4.32,69.6
3095,BA,322.7,0,16.43,157.96
3096,RS,231.7,0,7.01,229.11
3097,RJ,178.2,0,1.3,79.73
3098,SP,220.6,2,24.25,134.48
3099,SP,129.0,1,24.48,48.64
3100,SP,409.4,4,3.65,155.3
3101,BA,274.9,2,21.99,225.4
3102,RS,295.3,2,10.34,161.45
3103,RJ,801.8,4,24.06,358.37
3104,MG,304.0,1,45.71,242.98
3105,MG,120.3,1,15.17,172.03
3106,MG,166.3,0,18.01,56.68
3107,RS,431.1,1,8.45,147.84
3108,RJ,482.4,0,4.3,157.21
3109,BA,277.8,2,5.68,96.93
3110,MG,199.9,3,25.04,114.08
3111,RS,398.3,0,4.08,76.69
3112,RJ,121.6,3,31.34,51.46
3113,RS,132.7,0,36.21,87.04
3114,RS,222.9,1,9.59,134.93
3115,MG,315.2,0,15.62,88.24
3116,RS,272.2,2,14.25,74.52
3117,BA,288.2,3,46.19,165.14
3118,RJ,104.2,1,8.81,54.1
3119,RS,190.4,3,17.42,162.62
3120,SP,232.2,4,5.25,114.22
3121,SP,191.4,0,12.4,50.86
3122,RS,167.4,4,6.6,415.27
3123,BA,334.4,0,23.48,72.24
3124,RJ,201.9,4,13.6,98.34
3125,RS,137.4,4,27.73,40.53
3126,BA,436.0,2,5.87,138.13
3127,RJ,261.0,2,6.23,111.1
3128,RS,73.1,2,70.3,155.53
3129,RS,311.4,0,8.74,93.67
3130,BA,661.9,2,10.63,179.16
3131,BA,405.3,3,14.14,132.46
3132,RS,458.2,1,16.26,53.14
3133,RS,494.2,2,14.18,216.26
3134,MG,311.1,1,10.95,48.65
3135,BA,156.6,2,24.28,139.56
3136,RS,432.1,2,23.11,259.12
3137,SP,109.8,0,6.6,211.7
3138,MG,258.9,4,6.12,100.28
3139,RS,345.8,3,24.38,44.85
3140,RJ,292.9,1,5.24,174.2
3141,BA,193.6,1,30.43,96.7
3142,MG,112.7,1,11.95,94.25
3143,MG,645.4,0,8.31,203.0
3144,RJ,368.7,3,9.68,175.67
3145,BA,169.7,0,26.96,78.98
3146,BA,120.3,1,9.37,116.71
3147,BA,266.6,1,24.99,328.91
3148,RS,259.3,1,27.62,111.53
3149,RJ,272.9,1,6.72,90.0
3150,SP,517.6,0,17.87,127.33
3151,MG,153.7,2,31.21,18.31
3152,SP,316.8,0,11.38,60.46
3153,BA,77.0,2,42.73,133.93
3154,RJ,209.2,2,6.27,132.22
3155,BA,532.6,1,34.14,45.44
3156,MG,101.5,1,18.25,128.17
3157,MG,387.3,3,22.48,215.85
3158,RS,53.5,2,4.31,102.42
3159,BA,192.5,1,51.03,66.25
3160,RS,220.5,2,46.7,52.52
3161,RJ,174.1,0,6.41,183.82
3162,RS,326.4,0,11.4,127.99
3163,RJ,341.8,2,21.65,156.94
3164,BA,414.3,3,32.03,181.97
3165,SP,195.9,1,11.04,97.83
3166,BA,153.4,1,14.15,45.8
3167,RS,465.3,4,23.16,122.73
3168,RJ,167.0,3,14.29,70.12
3169,SP,340.2,2,8.75,49.3
3170,RJ,159.8,2,20.26,94.45
3171,SP,335.2,1,3.49,128.61
3172,SP,970.2,0,9.69,194.39
3173,MG,384.5,3,11.22,133.05
3174,RS,979.2,0,13.12,72.38
3175,MG,155.2,1,36.27,97.96
3176,RJ,256.8,1,8.99,395.06
3177,RJ,285.9,1,20.55,182.04
3178,SP,238.0,1,10.32,158.69
3179,RJ,387.9,3,8.43,155.05
3180,RJ,387.1,2,36.06,196.15
3181,MG,288.5,0,17.86,132.68
3182,RJ,582.3,3,17.94,174.73
3183,MG,140.3,1,34.26,145.14
3184,BA,167.9,1,15.17,145.8
3185,SP,42.8,0,27.69,36.08
3186,SP,278.7,1,32.19,74.82
3187,RJ,206.7,1,8.11,150.24
3188,RJ,316.2,1,35.4,135.55
3189,SP,152.1,4,22.93,97.02
3190,RS,141.7,1,8.93,161.42
3191,SP,257.1,0,30.73,69.15
3192,RS,164.3,0,1.92,215.16
3193,SP,298.4,0,20.6,145.54
3194,BA,295.0,2,35.66,35.3
3195,RJ,235.1,0,21.26,148.33
3196,MG,375.9,0,3.65,174.84
3197,MG,266.5,0,8.97,109.41
3198,RJ,196.1,2,35.0,174.5
3199,SP,136.5,1,12.65,135.0
3200,RS,310.9,2,14.82,151.48
3201,BA,150.7,0,12.8,63.19
3202,BA,426.2,2,33.69,87.37
3203,BA,304.7,2,29.53,131.8
3204,MG,180.3,4,2.44,213.83
3205,RS,120.1,0,0.86,101.93
3206,SP,107.7,2,22.33,111.67
3207,BA,514.4,0,23.37,190.08
3208,RJ,48.2,2,7.01,154.5
3209,BA,149.7,1,39.59,108.37
3210,RJ,904.2,1,20.27,74.26
3211,MG,409.7,0,18.02,83.35
3212,RJ,595.8,4,17.32,34.18
3213,MG,345.7,0,26.04,95.56
3214,SP,271.6,1,8.47,267.88
3215,BA,328.7,1,14.85,26.05
3216,MG,55.2,1,13.39,99.51
3217,RS,101.6,1,7.13,141.79
3218,MG,153.3,0,3.9,140.51
3219,SP,126.8,2,10.01,184.68
3220,RJ,111.3,1,12.82,137.73
3221,MG,872.1,0,20.26,144.54
3222,RJ,139.3,0,32.66,102.87
3223,RJ,423.9,0,14.16,134.24
3224,RJ,55.5,2,27.79,43.27
3225,BA,47.3,3,31.45,136.89
3226,RJ,257.7,1,4.64,121.31
3227,SP,360.3,2,9.34,32.82
3228,BA,110.1,0,9.61,148.88
3229,BA,212.9,2,8.3,104.36
3230,MG,517.2,1,33.27,64.95
3231,BA,483.1,4,1.67,109.38
3232,SP,137.3,0,16.81,271.19
3233,SP,637.3,3,24.75,105.31
3234,BA,568.3,0,1.74,106.48
3235,BA,431.2,3,6.74,260.04
3236,MG,85.7,0,3.62,199.07
3237,MG,155.3,3,12.92,128.57
3238,MG,321.0,0,3.49,187.6
3239,RJ,238.0,4,27.28,53.86
3240,BA,260.9,2,7.72,97.53
3241,RJ,328.9,1,38.9,114.55
3242,BA,288.3,0,26.25,134.4
3243,MG,386.1,1,2.59,92.19
3244,RS,581.0,1,19.83,217.87
3245,RS,290.9,1,10.92,38.69
3246,RS,199.9,3,27.2,230.49
3247,RJ,250.7,4,16.55,86.18
3248,BA,112.0,4,5.16,130.64
3249,BA,271.5,3,28.86,35.74
3250,BA,484.0,1,43.9,104.8
3251,RS,53.6,0,8.71,246.42
3252,SP,62.0,0,13.5,104.54
3253,BA,435.6,0,40.92,190.05
3254,BA,163.8,0,8.12,285.69
3255,RJ,235.0,5,11.0,387.87
3256,RJ,326.9,1,31.74,65.88
3257,MG,636.8,2,10.43,92.96
3258,RJ,430.2,1,32.71,130.39
3259,MG,434.0,0,9.63,76.84
3260,SP,374.9,1,16.59,116.31
3261,RJ,144.2,1,17.8,81.72
3262,RJ,326.5,3,11.96,59.61
3263,BA,567.2,2,19.22,44.75
3264,SP,25.9,0,6.92,91.28
3265,RJ,53.6,2,16.03,60.22
3266,BA,353.9,0,11.81,96.62
3267,MG,110.2,3,20.22,110.67
3268,BA,207.7,0,12.88,134.13
3269,RS,299.9,1,13.39,221.42
3270,BA,613.5,1,20.67,36.32
3271,RJ,248.2,3,6.97,122.98
3272,SP,289.2,2,18.7,95.81
3273,SP,515.3,4,22.59,102.78
3274,BA,156.5,2,16.25,149.35
3275,SP,92.6,2,16.13,190.3
3276,RS,513.4,1,19.5,117.82
3277,MG,44.2,1,28.28,84.36
3278,SP,76.9,3,38.34,156.23
3279,BA,103.6,2,18.99,120.64
3280,SP,386.1,1,9.62,176.56
3281,RS,394.9,1,10.24,258.29
3282,RJ,344.0,2,7.51,53.08
3283,MG,453.8,1,9.73,102.96
3284,MG,147.0,1,5.94,107.43
3285,RJ,216.6,1,6.01,120.3
3286,SP,169.2,0,28.98,65.5
3287,SP,255.5,1,16.47,170.2
3288,MG,250.9,2,4.75,106.4
3289,RS,109.5,0,9.77,151.91
3290,RJ,306.2,1,16.44,99.04
3291,RJ,354.4,2,3.96,289.51
3292,BA,378.9,0,10.19,245.06
3293,RS,224.1,2,14.19,88.24
3294,MG,284.5,2,27.06,27.8
3295,RS,206.3,2,10.51,35.57
3296,BA,61.6,2,4.76,86.0
3297,BA,482.8,1,19.09,233.0
3298,RJ,489.5,2,6.03,126.24
3299,MG,132.0,0,33.1,138.75
3300,BA,209.1,2,12.6,74.69
3301,RJ,287.7,1,11.6,129.71
3302,BA,324.6,4,14.69,111.78
3303,RJ,270.3,0,12.68,159.91
3304,BA,246.4,2,25.25,97.79
3305,MG,293.1,0,7.2,26.13
3306,SP,86.7,2,15.44,131.22
3307,SP,288.4,1,9.02,74.7
3308,RS,219.6,2,9.61,212.94
3309,BA,707.1,3,19.67,193.24
3310,MG,613.0,3,43.01,154.5
3311,BA,322.4,1,28.0,31.82
3312,RJ,199.2,0,20.29,31.32
3313,RJ,398.5,1,10.19,110.44
3314,MG,138.3,1,10.07,202.15
3315,BA,532.6,2,7.61,421.02
3316,MG,210.5,0,16.32,65.23
3317,RJ,265.9,4,19.75,247.53
3318,MG,132.8,1,13.14,160.42
3319,RJ,151.6,0,10.29,326.23
3320,RJ,639.2,0,24.1,145.45
3321,SP,344.8,0,21.49,190.12
3322,RJ,210.4,0,10.11,18.37
3323,MG,447.3,3,31.97,209.23
3324,RJ,223.2,0,42.66,146.31
3325,MG,291.3,3,12.36,42.49
3326,BA,310.1,1,30.68,127.85
3327,BA,158.3,1,15.58,104.44
3328,MG,251.1,1,33.64,239.7
3329,MG,408.3,2,18.02,58.1
3330,SP,326.2,1,13.67,221.6
3331,MG,93.8,2,18.17,111.78
3332,MG,206.9,2,31.66,174.25
3333,RJ,824.0,0,12.87,97.66
3334,RJ,133.1,0,19.97,97.2
3335,BA,166.2,0,23.03,129.61
3336,SP,262.1,1,10.05,222.51
3337,RS,102.6,2,5.71,431.74
3338,RS,63.7,3,25.16,239.22
3339,BA,515.0,1,7.89,81.21
3340,RJ,77.5,2,29.01,169.07
3341,RJ,459.9,2,9.3,90.6
3342,MG,284.7,0,22.52,113.97
3343,BA,307.3,1,56.8,120.36
3344,RJ,671.0,1,20.63,125.0
3345,MG,119.3,2,12.83,68.02
3346,SP,83.9,3,1.94,170.69
3347,RS,461.0,2,19.31,84.92
3348,RS,468.1,1,31.79,121.13
3349,RJ,316.4,2,9.73,93.8
3350,RS,144.9,2,13.03,112.13
3351,RS,104.3,1,10.23,280.01
3352,SP,216.5,0,23.89,80.58
3353,SP,316.2,1,15.34,246.68
3354,MG,111.4,2,29.79,218.96
3355,BA,453.3,0,32.18,102.51
3356,RJ,167.2,3,13.87,197.22
3357,BA,205.3,0,8.18,139.99
3358,SP,455.6,1,7.13,144.3
3359,RS,191.0,1,21.02,121.75
3360,BA,440.1,2,3.85,92.74
3361,RJ,286.7,0,20.51,84.84
3362,BA,153.5,1,10.78,170.4
3363,MG,166.2,2,6.39,96.37
3364,BA,332.5,1,20.05,23.03
3365,BA,382.3,1,26.95,186.23
3366,BA,389.6,1,8.89,136.0
3367,SP,496.5,3,12.91,186.8
3368,SP,378.5,0,20.0,123.39
3369,BA,351.7,3,12.5,136.22
3370,RJ,218.4,0,26.71,102.67
3371,SP,246.4,2,1.28,212.97
3372,MG,124.5,1,18.36,140.85
3373,RS,175.8,0,12.87,98.09
3374,BA,250.8,2,33.45,31.59
3375,RJ,200.1,2,23.49,172.35
3376,RJ,60.4,2,5.27,159.03
3377,BA,111.8,1,11.04,190.7
3378,MG,544.9,2,2.42,76.42
3379,MG,103.5,4,18.22,59.89
3380,RS,493.9,1,11.23,179.84
3381,SP,307.1,0,19.64,46.25
3382,SP,352.9,1,21.27,161.17
3383,RS,360.0,0,19.3,92.06
3384,RJ,188.5,0,10.48,113.18
3385,RS,149.0,0,17.04,176.8
3386,RJ,181.8,2,15.33,242.29
3387,RS,376.1,0,8.38,40.67
3388,RS,120.8,2,20.74,162.25
3389,RS,260.0,1,2.93,66.08
3390,RJ,295.9,1,19.02,154.44
3391,MG,337.8,1,7.89,220.4
3392,SP,316.8,1,12.97,235.91
3393,RJ,97.8,0,21.72,175.95
3394,MG,639.3,2,20.41,142.6
3395,SP,170.3,3,11.94,147.54
3396,BA,370.4,1,15.14,180.12
3397,SP,237.3,1,22.23,146.06
3398,SP,225.2,0,9.3,283.87
3399,BA,175.3,0,12.94,212.46
3400,RS,550.5,2,40.39,190.94
3401,RS,200.9,3,16.84,91.54
3402,SP,106.5,0,11.42,50.04
3403,BA,100.7,0,4.16,107.58
3404,BA,169.6,4,17.81,53.3
3405,RS,445.1,0,22.91,83.88
3406,SP,199.7,2,9.79,277.17
3407,MG,262.6,1,10.3,42.81
3408,RS,456.4,1,29.41,114.37
3409,MG,395.1,3,59.47,210.36
3410,RJ,413.5,2,20.75,143.81
3411,SP,360.4,1,31.0,171.17
3412,BA,259.2,0,19.41,11.94
3413,SP,288.5,0,16.07,193.19
3414,RS,337.5,4,23.12,35.46
3415,BA,290.3,1,9.17,55.03
3416,RJ,268.8,1,6.86,141.98
3417,RJ,185.1,1,51.28,49.13
3418,SP,139.9,2,12.74,116.06
3419,RJ,218.6,1,16.03,150.48
3420,MG,152.7,3,8.88,102.54
3421,RJ,88.1,2,21.76,150.22
3422,MG,420.7,1,39.76,222.22
3423,BA,127.4,1,40.65,265.7
3424,MG,413.1,0,33.3,129.72
3425,RJ,352.8,1,11.74,198.05
3426,BA,251.1,2,14.24,72.4
3427,BA,573.6,1,18.33,233.71
3428,MG,94.7,1,40.24,86.66
3429,SP,260.9,1,16.39,166.65
3430,MG,518.7,1,10.65,82.77
3431,RJ,304.7,1,55.26,92.92
3432,MG,153.8,1,28.21,70.75
3433,SP,103.5,2,4.03,148.55
3434,MG,264.9,2,3.05,166.19
3435,SP,90.2,2,37.32,26.79
3436,MG,393.7,2,14.97,41.4
3437,BA,355.0,1,36.38,62.8
3438,SP,42.7,3,5.31,91.34
3439,SP,181.1,2,33.23,90.54
3440,RJ,520.6,1,35.89,159.76
3441,RS,377.5,1,25.12,176.4
3442,RJ,124.4,0,25.79,244.26
3443,RS,105.8,3,34.11,143.0
3444,RJ,109.3,3,5.19,75.79
3445,SP,145.6,2,22.07,81.18
3446,BA,328.7,2,34.7,32.72
3447,SP,287.0,1,10.75,435.79
3448,SP,533.0,2,25.95,127.86
3449,MG,322.9,1,24.65,186.74
3450,RJ,441.3,1,28.74,52.42
3451,BA,221.0,0,21.54,163.5
3452,MG,184.0,0,20.78,176.39
3453,BA,154.9,2,29.04,362.26
3454,RJ,107.0,2,12.55,159.46
3455,RJ,647.7,0,30.84,120.67
3456,RJ,136.9,2,7.77,136.04
3457,BA,449.9,2,25.88,35.12
3458,RJ,191.4,0,21.52,131.47
3459,RS,337.3,2,2.17,217.4
3460,MG,353.7,2,19.52,122.17
3461,BA,505.7,1,15.53,44.87
3462,BA,164.1,1,14.9,181.31
3463,BA,281.3,1,27.49,286.14
3464,RS,192.4,2,14.67,66.74
3465,MG,357.0,3,35.48,98.97
3466,RS,476.0,0,12.19,60.71
3467,RS,137.1,0,13.74,109.91
3468,MG,397.6,1,9.07,142.49
3469,BA,200.4,1,56.99,118.21
3470,MG,77.6,1,18.83,168.58
3471,BA,135.8,3,6.02,61.04
3472,MG,325.8,2,16.47,59.24
3473,MG,276.0,3,16.6,250.02
3474,RJ,150.4,3,10.69,274.78
3475,BA,199.1,1,17.17,131.72
3476,RS,261.4,3,17.49,59.85
3477,RJ,394.6,0,5.61,109.59
3478,SP,129.2,3,33.48,79.53
3479,BA,117.8,0,15.67,150.55
3480,RJ,438.9,0,22.81,38.8
3481,BA,210.3,2,15.29,68.45
3482,BA,119.2,4,13.52,121.02
3483,RS,472.2,2,27.68,93.3
3484,MG,311.5,2,16.71,92.4
3485,SP,161.8,1,2.12,96.29
3486,RJ,235.1,0,15.48,242.79
3487,RJ,257.2,0,47.42,22.57
3488,RS,122.2,1,28.52,88.88
3489,RS,139.4,2,47.04,113.61
3490,MG,531.2,0,8.36,208.13
3491,RS,301.1,4,17.65,179.64
3492,MG,268.6,0,9.78,221.96
3493,RJ,269.4,1,24.82,113.46
3494,SP,207.3,0,16.59,50.05
3495,RS,249.3,0,22.14,21.4
3496,RS,429.7,2,9.77,171.63
3497,BA,203.3,0,7.07,50.65
3498,SP,357.0,0,21.78,106.62
3499,MG,67.9,0,7.84,138.79
3500,RJ,238.2,0,19.14,113.92
3501,BA,368.9,3,31.87,263.36
3502,RS,287.4,0,19.11,35.84
3503,MG,153.2,0,45.1,64.17
3504,RS,330.4,2,29.58,202.92
3505,SP,552.6,1,14.77,76.49
3506,RS,40.0,0,11.62,217.14
3507,RS,273.4,0,21.66,141.12
3508,RS,264.1,1,23.1,122.96
3509,RS,278.5,2,9.3,122.78
3510,RJ,120.1,1,15.5,185.53
3511,SP,500.6,2,12.06,142.1
3512,SP,125.4,4,4.37,110.47
3513,BA,239.6,1,14.01,118.76
3514,MG,358.2,1,24.69,252.15
3515,RJ,392.4,1,5.69,275.5
3516,SP,552.0,3,15.93,197.49
3517,RJ,123.1,3,7.03,46.55
3518,RS,156.6,0,5.52,115.14
3519,SP,382.1,0,25.42,26.96
3520,SP,341.1,4,4.21,89.48
3521,RJ,235.3,3,16.46,184.4
3522,RJ,33.5,3,35.24,66.26
3523,SP,238.8,0,11.26,165.04
3524,RJ,225.1,0,8.15,165.74
3525,MG,211.2,0,56.68,291.28
3526,SP,78.3,1,36.18,89.69
3527,RS,487.8,2,8.7,185.66
3528,MG,89.4,1,1.8,155.39
3529,RJ,320.7,2,21.07,95.28
3530,SP,163.1,2,5.56,225.84
3531,SP,473.1,2,56.49,58.66
3532,RS,147.9,0,5.01,57.33
3533,RJ,149.2,1,3.84,88.13
3534,BA,406.4,0,6.26,140.97
3535,SP,123.9,1,13.2,205.17
3536,RJ,357.1,0,18.67,326.02
3537,RJ,183.2,1,12.72,155.09
3538,RS,232.9,2,28.66,168.72
3539,RJ,435.6,0,2.93,153.51
3540,BA,396.4,0,27.08,267.79
3541,RS,178.5,2,27.8,99.31
3542,RJ,321.4,0,20.75,97.02
3543,RJ,330.7,1,12.79,232.48
3544,RS,371.4,1,9.76,64.36
3545,RS,172.5,0,23.0,79.77
3546,RS,612.9,0,20.53,75.72
3547,SP,154.4,3,14.07,136.25
3548,BA,98.4,3,18.21,173.83
3549,SP,200.4,1,8.69,212.64
3550,RJ,260.2,3,4.54,133.29
3551,MG,801.8,1,7.66,163.12
3552,RS,136.0,0,8.85,139.51
3553,BA,230.4,0,15.54,202.73
3554,RS,161.9,0,32.15,128.25
3555,RS,254.5,1,9.94,122.24
3556,RJ,208.8,0,19.95,279.05
3557,RS,474.8,2,21.6,251.05
3558,SP,139.4,2,12.07,231.03
3559,RJ,160.9,1,5.54,62.58
3560,RS,323.9,1,4.59,32.76
3561,SP,244.6,1,22.63,140.39
3562,BA,435.0,3,46.81,78.1
3563,RS,171.4,1,21.06,102.98
3564,RJ,405.4,1,8.34,113.13
3565,BA,176.3,2,5.53,61.33
3566,MG,145.0,5,14.98,96.05
3567,BA,388.8,2,23.56,105.31
3568,RJ,282.6,3,18.56,127.99
3569,SP,277.2,2,48.29,236.26
3570,RS,115.3,1,46.96,140.15
3571,SP,166.7,4,4.83,249.52
3572,RJ,285.4,1,41.36,134.54
3573,SP,159.9,3,25.54,340.31
3574,SP,122.1,2,9.15,60.33
3575,BA,158.3,2,25.58,140.36
3576,SP,233.0,1,36.15,63.26
3577,RJ,103.2,1,1.62,104.52
3578,RJ,393.2,2,4.1,299.32
3579,RJ,90.9,1,15.98,188.56
3580,RS,206.6,4,22.53,228.08
3581,SP,262.5,0,18.34,116.9
3582,RJ,164.0,0,19.69,205.19
3583,BA,228.6,5,23.44,181.07
3584,MG,63.3,3,16.09,143.52
3585,MG,170.6,1,19.14,304.09
3586,RS,333.4,1,17.73,128.98
3587,RJ,270.7,2,48.34,96.38
3588,SP,195.1,3,55.68,89.71
3589,RS,298.4,6,21.61,150.96
3590,RJ,189.6,1,8.03,69.45
3591,RJ,183.5,0,9.84,133.16
3592,RS,365.2,2,7.96,58.55
3593,BA,185.5,2,13.54,68.45
3594,SP,152.0,1,10.8,112.26
3595,RS,374.2,1,10.65,123.46
3596,RS,703.6,1,31.86,122.36
3597,SP,53.2,2,9.52,178.28
3598,RS,488.1,1,23.66,79.44
3599,SP,565.1,2,20.57,100.51
3600,SP,153.3,1,9.14,44.97
3601,BA,96.3,0,11.98,191.9
3602,MG,126.7,1,3.75,130.74
3603,MG,345.3,2,9.9,173.87
3604,MG,142.5,0,8.41,94.29
3605,RJ,69.5,1,18.6,143.2
3606,BA,71.5,4,4.81,143.49
3607,RJ,311.0,2,14.32,96.86
3608,RJ,237.6,1,12.53,36.63
3609,MG,239.0,0,5.89,230.51
3610,RJ,198.3,3,0.89,80.57
3611,SP,447.3,2,5.55,194.48
3612,RJ,196.9,1,10.41,178.72
3613,RS,245.6,1,8.17,68.34
3614,RJ,437.7,2,15.39,216.4
3615,RJ,317.1,2,20.93,82.73
3616,SP,92.5,2,7.01,148.94
3617,SP,549.5,2,39.54,19.43
3618,RS,137.0,2,14.52,176.43
3619,MG,106.6,4,10.24,226.57
3620,RS,307.9,3,50.75,188.44
3621,RS,86.9,3,14.17,210.28
3622,RJ,162.3,1,19.69,341.94
3623,MG,399.1,1,9.0,187.28
3624,BA,309.8,1,23.78,120.76
3625,BA,238.7,0,9.73,87.1
3626,MG,470.8,2,15.48,136.19
3627,SP,173.1,1,9.75,90.53
3628,RJ,121.8,1,9.56,201.84
3629,RJ,447.2,0,7.11,306.4
3630,RJ,508.7,3,7.42,148.55
3631,MG,251.5,0,28.51,381.05
3632,RS,313.8,3,6.98,39.61
3633,SP,340.2,1,7.89,108.94
3634,RJ,218.4,0,3.21,174.93
3635,RJ,47.8,2,1.98,43.37
3636,MG,337.7,0,9.37,80.45
3637,RS,191.1,0,9.24,90.66
3638,RS,280.7,1,7.49,66.92
3639,MG,229.6,1,16.77,69.79
3640,RJ,443.3,1,32.64,83.33
3641,RJ,302.4,2,10.54,88.29
3642,RS,238.8,4,6.22,189.73
3643,SP,46.6,1,10.46,134.94
3644,SP,180.1,1,22.18,69.18
3645,SP,530.0,0,11.61,140.92
3646,BA,623.7,0,3.81,224.83
3647,RS,374.5,0,1.49,122.97
3648,RS,259.5,2,18.51,132.43
3649,RJ,209.8,2,18.97,48.03
3650,RS,53.1,0,5.56,123.92
3651,SP,137.1,2,19.17,191.66
3652,RS,304.3,0,26.25,281.61
3653,MG,188.0,2,12.82,109.98
3654,BA,332.7,0,11.69,140.94
3655,SP,313.3,1,41.9,130.38
3656,RS,511.0,3,39.91,203.46
3657,RJ,460.1,2,49.11,54.29
3658,RJ,332.0,2,13.33,164.49
3659,RS,357.6,0,31.18,112.24
3660,MG,486.9,2,16.14,97.43
3661,SP,358.0,1,40.58,153.5
3662,RJ,149.4,1,5.04,99.14
3663,RJ,250.9,1,17.47,170.86
3664,SP,319.5,1,1.08,160.36
3665,MG,594.8,2,9.32,234.12
3666,MG,247.5,0,25.66,129.08
3667,BA,119.1,5,0.86,49.66
3668,BA,588.8,0,9.79,53.03
3669,SP,71.6,1,3.34,163.18
3670,BA,267.5,4,9.83,66.43
3671,RS,198.0,3,15.71,22.21
3672,SP,219.2,0,9.32,345.8
3673,BA,618.4,2,8.62,35.67
3674,RS,154.5,5,41.12,35.03
3675,RJ,97.4,2,8.34,72.8
3676,RJ,220.2,2,20.49,47.31
3677,MG,204.1,2,35.86,6.61
3678,RJ,311.4,1,12.89,148.17
3679,RJ,180.9,3,24.01,215.66
3680,RS,154.7,0,50.83,191.37
3681,BA,235.7,1,22.29,128.39
3682,RS,214.0,0,11.97,145.73
3683,BA,132.4,0,60.45,36.79
3684,BA,125.6,1,2.06,214.52
3685,BA,237.0,0,18.67,53.56
3686,RJ,379.4,0,24.48,193.96
3687,SP,253.6,2,7.67,50.92
3688,MG,146.5,2,25.49,31.09
3689,RS,149.3,1,17.3,19.31
3690,RS,157.3,1,9.07,342.44
3691,BA,178.5,0,0.68,87.23
3692,RJ,678.9,1,32.99,102.92
3693,RJ,332.4,0,42.43,173.68
3694,RS,197.2,0,15.4,245.34
3695,MG,95.0,0,21.91,94.5
3696,BA,463.2,4,21.21,101.22
3697,RJ,274.8,3,16.4,114.59
3698,MG,568.7,0,9.24,107.91
3699,BA,460.9,0,11.94,275.44
3700,RS,201.4,3,31.42,187.78
3701,SP,347.1,2,25.87,107.63
3702,RJ,52.3,1,38.4,181.29
3703,RJ,221.5,2,6.92,177.5
3704,BA,233.9,2,25.91,125.8
3705,BA,211.9,5,21.2,131.96
3706,BA,141.0,2,57.88,72.65
3707,BA,174.7,1,18.29,410.39
3708,RJ,76.5,2,59.73,43.58
3709,SP,483.9,2,17.7,102.98
3710,MG,93.4,1,8.52,46.6
3711,SP,132.2,2,29.37,145.97
3712,BA,755.8,0,13.0,58.6
3713,BA,169.4,2,7.1,260.41
3714,MG,474.9,1,10.16,73.78
3715,RS,473.2,2,8.87,260.89
3716,SP,154.4,2,8.37,80.52
3717,MG,222.0,2,13.2,111.72
3718,RS,88.5,1,10.24,69.52
3719,RJ,332.5,3,30.98,156.26
3720,RS,631.3,1,7.3,157.68
3721,SP,367.8,2,10.11,65.05
3722,SP,81.3,3,3.5,156.74
3723,RJ,759.2,1,24.4,149.3
3724,RS,221.3,0,9.85,115.34
3725,BA,436.4,2,3.24,87.5
3726,MG,256.9,2,3.59,69.64
3727,SP,234.6,1,5.78,307.15
3728,SP,495.5,1,1.36,171.47
3729,RS,630.6,1,29.39,102.38
3730,RS,329.1,1,35.4,341.26
3731,SP,490.2,2,19.95,98.18
3732,MG,130.3,0,26.56,100.11
3733,MG,217.2,1,19.84,115.74
3734,BA,204.5,0,27.28,87.06
3735,SP,145.3,2,18.34,253.81
3736,RS,388.6,0,18.25,153.1
3737,MG,189.3,1,15.34,46.36
3738,MG,164.8,1,17.24,75.12
3739,RJ,249.7,1,13.56,235.53
3740,SP,162.0,2,44.58,112.25
3741,RS,55.0,1,16.56,203.92
3742,RS,200.8,0,38.7,128.84
3743,RS,68.5,1,40.92,106.35
3744,BA,503.3,0,9.95,107.48
3745,MG,353.1,1,5.75,138.94
3746,RS,327.4,0,5.4,133.05
3747,SP,239.4,2,16.93,44.3
3748,RJ,150.1,2,13.4,346.71
3749,MG,453.5,0,7.5,34.64
3750,BA,219.7,1,6.31,49.3
3751,RJ,386.2,1,9.02,225.23
3752,RS,249.1,1,9.68,89.65
3753,RJ,322.7,0,26.94,148.33
3754,RJ,290.1,2,4.4,95.6
3755,RJ,119.8,2,4.15,68.69
3756,MG,119.9,0,3.16,147.54
3757,RS,254.8,2,12.84,159.92
3758,RJ,100.1,0,16.84,60.07
3759,MG,180.2,1,15.72,109.29
3760,SP,201.8,1,35.35,17.94
3761,MG,276.6,4,18.95,159.23
3762,RJ,215.0,0,4.93,218.84
3763,MG,417.2,3,27.03,176.12
3764,RJ,236.1,0,23.76,92.41
3765,RJ,81.7,1,1.89,154.67
3766,SP,165.9,2,2.6,268.95
3767,MG,76.9,1,19.36,87.53
3768,BA,290.4,0,30.08,33.32
3769,BA,556.9,3,12.15,298.06
3770,MG,189.2,0,6.0,138.11
3771,RS,342.5,2,26.17,172.27
3772,MG,500.5,4,2.36,182.17
3773,BA,207.9,3,16.71,460.98
3774,RJ,411.5,2,25.66,97.9
3775,BA,420.5,0,25.95,87.61
3776,RJ,362.8,0,26.34,117.67
3777,SP,365.2,2,26.58,242.91
3778,BA,310.3,5,4.58,254.77
3779,MG,73.9,4,29.83,348.21
3780,MG,105.7,2,10.79,197.54
3781,BA,169.8,2,6.78,179.1
3782,MG,154.9,0,15.35,48.16
3783,BA,433.1,2,12.52,417.42
3784,MG,380.5,3,35.44,82.02
3785,RS,265.5,2,33.33,119.14
3786,MG,346.5,3,4.98,153.65
3787,MG,220.2,2,11.39,213.01
3788,RS,199.0,0,18.78,280.72
3789,RS,178.2,1,21.0,240.44
3790,RJ,222.0,0,13.45,108.3
3791,RJ,130.0,4,41.56,55.36
3792,MG,201.7,0,5.39,98.6
3793,SP,455.9,3,35.01,122.41
3794,BA,46.1,3,29.78,186.33
3795,BA,180.5,2,1.97,88.74
3796,SP,873.8,2,3.77,212.6
3797,RJ,344.8,1,11.69,202.42
3798,RS,262.5,1,22.25,63.49
3799,SP,162.2,3,21.06,187.53
3800,MG,179.5,1,42.25,229.88
3801,BA,566.6,3,23.1,185.86
3802,RJ,467.6,0,29.59,25.11
3803,RJ,447.6,0,13.96,121.49
3804,BA,421.4,4,28.23,85.0
3805,MG,203.4,0,11.49,42.14
3806,RS,269.7,2,11.89,128.6
3807,SP,89.6,2,19.19,141.62
3808,BA,189.6,1,14.0,97.1
3809,RJ,36.1,4,10.73,136.43
3810,RS,162.8,1,11.94,92.32
3811,MG,70.6,0,13.23,169.13
3812,SP,305.7,0,14.87,19.58
3813,RS,516.1,0,19.59,63.63
3814,MG,439.8,0,18.29,69.43
3815,SP,93.3,0,75.7,203.44
3816,BA,63.0,1,54.4,107.84
3817,MG,217.7,0,6.82,310.14
3818,RS,277.2,2,5.49,184.95
3819,BA,169.2,2,13.5,183.71
3820,BA,295.6,3,10.79,125.81
3821,RJ,148.5,0,7.74,100.89
3822,BA,282.5,0,5.58,31.97
3823,SP,462.6,1,34.21,130.67
3824,RJ,272.3,1,23.31,238.73
3825,MG,250.3,2,10.07,165.35
3826,MG,209.2,1,37.26,110.33
3827,RJ,434.3,1,17.68,56.09
3828,MG,152.4,1,11.49,365.02
3829,RJ,240.1,3,13.8,156.28
3830,RS,175.2,0,9.37,111.58
3831,RS,196.8,1,40.14,113.32
3832,RS,220.3,1,26.95,113.05
3833,RJ,65.2,0,9.89,50.44
3834,BA,347.3,1,31.92,113.73
3835,RS,523.7,3,4.06,147.08
3836,RS,549.5,1,56.08,113.64
3837,RS,600.2,1,2.67,46.5
3838,SP,46.0,1,50.75,94.74
3839,SP,202.7,3,19.83,104.08
3840,BA,214.7,0,20.56,144.14
3841,RJ,347.6,0,7.52,135.44
3842,MG,207.0,1,20.88,92.27
3843,MG,251.8,2,6.95,88.09
3844,BA,127.0,0,4.65,186.0
3845,BA,449.4,2,9.08,109.43
3846,RJ,118.6,2,43.8,126.41
3847,BA,255.6,4,9.22,44.2
3848,MG,727.3,1,12.99,116.63
3849,MG,278.3,2,28.59,179.81
3850,RS,202.9,1,9.05,101.85
3851,RJ,463.4,2,15.2,49.19
3852,SP,398.6,1,8.02,139.27
3853,BA,227.7,0,13.33,164.41
3854,RJ,246.4,0,19.23,69.74
3855,RJ,317.7,0,5.77,26.87
3856,MG,572.9,1,41.36,61.59
3857,RS,189.7,5,32.17,292.72
3858,RS,338.3,0,4.42,50.49
3859,BA,163.1,2,34.01,157.68
3860,RJ,47.1,0,19.16,56.79
3861,RS,75.1,1,25.56,50.09
3862,RS,314.9,0,5.95,88.24
3863,SP,127.5,1,5.75,201.97
3864,RJ,216.7,2,23.98,35.4
3865,SP,423.6,0,30.89,213.65
3866,RJ,129.8,3,29.95,99.54
3867,BA,222.6,2,23.79,73.58
3868,MG,209.0,1,6.67,67.02
3869,SP,101.3,1,3.88,79.83
3870,BA,243.0,1,5.34,123.12
3871,MG,338.5,1,11.49,119.15
3872,RS,80.2,1,17.73,81.81
3873,RJ,184.0,0,14.8,134.8
3874,RS,295.9,4,3.04,31.39
3875,BA,338.2,2,12.09,298.39
3876,RJ,288.3,1,28.82,143.39
3877,RJ,735.2,1,1.74,180.36
3878,BA,369.8,2,42.4,131.07
3879,BA,388.9,4,21.91,196.45
3880,BA,191.0,4,6.02,182.84
3881,MG,325.6,2,18.59,236.37
3882,RJ,396.0,0,1.1,329.38
3883,MG,257.0,4,5.71,121.84
3884,BA,195.3,4,5.98,171.01
3885,RJ,475.6,3,6.79,89.53
3886,RS,180.8,3,18.0,29.44
3887,SP,143.3,2,10.74,118.2
3888,MG,281.8,1,7.06,103.87
3889,RJ,327.8,3,8.18,143.75
3890,RS,227.8,2,52.75,105.6
3891,SP,163.0,1,14.72,74.92
3892,SP,311.5,3,11.81,190.58
3893,BA,187.8,1,46.28,74.01
3894,SP,181.3,0,14.57,239.33
3895,RS,200.5,1,13.54,85.29
3896,BA,79.1,0,5.13,202.7
3897,RS,140.6,1,26.45,113.43
3898,RJ,108.8,0,8.59,198.75
3899,BA,360.7,1,3.63,28.51
3900,MG,330.0,1,40.0,225.71
3901,MG,69.5,1,21.65,177.02
3902,MG,126.5,1,10.2,214.26
3903,SP,228.6,1,13.72,267.31
3904,SP,607.9,2,14.34,86.06
3905,SP,257.7,1,13.56,137.15
3906,BA,207.5,2,17.69,71.83
3907,RJ,393.3,2,10.16,212.42
3908,BA,253.6,2,13.77,103.32
3909,BA,195.8,2,3.33,111.79
3910,SP,71.0,1,7.82,193.55
3911,RJ,391.9,2,45.55,105.16
3912,RJ,517.8,3,31.18,89.0
3913,SP,251.7,1,20.89,93.79
3914,RS,299.2,0,3.67,73.6
3915,RJ,137.4,1,26.35,93.73
3916,RS,366.5,1,42.36,45.1
3917,RS,211.9,2,19.24,102.79
3918,RS,166.3,0,10.31,118.36
3919,BA,538.8,1,10.48,83.15
3920,MG,324.5,2,13.62,157.14
3921,MG,432.6,0,5.71,100.23
3922,RJ,319.2,1,30.25,350.26
3923,BA,108.2,1,10.57,207.68
3924,MG,63.7,2,8.59,103.22
3925,RS,141.0,1,38.59,116.21
3926,SP,330.6,0,8.67,130.78
3927,RJ,202.3,4,12.75,59.43
3928,MG,211.9,3,9.75,73.26
3929,RJ,266.5,3,18.27,208.76
3930,RJ,182.1,0,21.01,84.59
3931,MG,175.0,0,20.83,94.67
3932,SP,187.4,0,23.42,189.76
3933,BA,210.7,0,28.87,225.39
3934,RJ,105.9,1,12.22,77.51
3935,BA,324.5,0,31.59,128.45
3936,SP,222.4,0,14.58,98.05
3937,BA,256.2,0,1.49,157.85
3938,MG,169.2,3,6.74,45.96
3939,RS,397.7,2,3.6,152.58
3940,BA,72.3,2,11.93,134.9
3941,RS,181.5,3,19.3,75.28
3942,BA,409.3,1,7.02,129.66
3943,SP,279.1,0,19.09,151.11
3944,RS,270.2,2,21.07,212.37
3945,RJ,118.1,0,42.52,171.99
3946,RS,99.7,2,13.14,74.63
3947,MG,260.9,1,3.77,159.27
3948,BA,244.1,3,15.14,97.98
3949,SP,465.2,2,6.25,171.07
3950,RS,152.4,0,7.68,101.43
3951,BA,191.8,2,19.88,329.95
3952,MG,175.7,1,8.68,146.45
3953,MG,171.0,0,21.41,249.85
3954,BA,211.6,0,39.02,176.99
3955,SP,248.2,0,20.27,61.98
3956,RJ,529.8,2,6.71,121.59
3957,SP,232.2,2,31.33,95.93
3958,MG,311.6,3,10.22,79.49
3959,RJ,485.3,1,12.34,81.9
3960,RS,234.2,2,28.67,179.18
3961,RS,177.6,1,4.15,103.56
3962,MG,490.4,4,18.33,119.21
3963,BA,179.6,1,17.72,186.47
3964,MG,213.8,1,22.59,54.04
3965,MG,214.6,0,14.69,254.77
3966,BA,264.7,2,17.61,118.89
3967,RJ,509.3,0,23.64,137.21
3968,RJ,580.2,2,26.52,257.2
3969,SP,356.5,4,1.73,13.8
3970,RS,202.4,0,28.25,141.12
3971,BA,569.4,2,8.83,40.74
3972,SP,144.5,1,21.82,209.89
3973,RS,254.9,1,21.6,118.95
3974,RJ,587.4,2,27.99,50.93
3975,RS,282.8,1,24.2,215.76
3976,SP,96.0,1,85.24,44.56
3977,SP,265.9,1,20.19,196.0
3978,RJ,282.9,1,13.26,79.16
3979,RS,402.6,1,17.77,144.5
3980,RS,97.7,2,3.98,117.01
3981,BA,550.5,2,12.49,95.37
3982,SP,120.6,1,41.26,119.91
3983,BA,392.1,3,16.13,86.55
3984,RJ,115.6,2,12.23,181.3
3985,BA,145.7,0,2.58,87.11
3986,MG,291.5,1,21.91,157.97
3987,RS,155.4,1,0.55,225.97
3988,BA,220.5,1,15.07,195.48
3989,RJ,445.7,0,1.4,157.74
3990,BA,214.4,1,10.72,67.42
3991,RJ,120.3,4,5.25,152.57
3992,RJ,428.3,0,5.56,143.45
3993,RJ,217.6,2,14.58,55.54
3994,RJ,67.8,2,11.99,198.77
3995,MG,288.0,2,35.66,152.07
3996,RS,264.4,2,31.28,310.05
3997,MG,139.4,1,6.69,314.3
3998,SP,263.2,1,36.31,247.92
3999,BA,244.1,2,61.36,69.76
4000,SP,227.4,3,42.72,196.64
4001,MG,210.0,1,11.84,33.4
4002,RJ,76.1,1,35.74,66.83
4003,RS,317.7,0,19.39,353.07
4004,MG,264.9,1,30.53,58.66
4005,MG,119.8,2,33.76,228.39
4006,RS,303.5,0,29.7,148.39
4007,MG,532.6,1,6.76,43.77
4008,BA,112.2,1,29.5,98.34
4009,MG,306.9,0,39.83,127.28
4010,MG,45.0,1,6.11,55.06
4011,MG,230.5,0,9.2,161.07
4012,MG,504.2,1,66.09,122.11
4013,MG,115.4,2,20.95,129.4
4014,BA,108.8,1,23.86,84.66
4015,MG,300.1,0,29.18,169.25
4016,BA,280.8,0,10.35,25.93
4017,BA,168.2,0,11.47,232.99
4018,RJ,337.7,0,9.93,144.67
4019,SP,146.7,4,22.15,30.24
4020,SP,335.0,3,5.8,90.14
4021,MG,527.7,1,3.04,190.25
4022,RJ,112.9,1,9.24,44.01
4023,RJ,454.4,2,25.77,82.66
4024,BA,494.6,3,27.78,221.94
4025,MG,191.8,2,20.89,294.98
4026,BA,460.7,1,30.89,217.9
4027,SP,198.2,2,15.11,159.81
4028,BA,349.5,3,2.52,332.83
4029,MG,633.1,1,46.6,117.03
4030,SP,314.4,3,11.92,162.12
4031,MG,324.4,2,15.47,84.68
4032,RS,139.5,1,26.35,42.02
4033,MG,96.3,2,22.19,162.21
4034,RJ,198.3,1,2.63,83.56
4035,SP,182.4,2,6.51,65.83
4036,RS,304.8,2,29.22,238.83
4037,RJ,48.2,4,23.34,79.92
4038,MG,344.9,2,11.15,62.77
4039,MG,134.9,3,27.34,34.55
4040,MG,140.2,0,11.39,211.84
4041,SP,587.8,1,8.98,90.93
4042,RS,136.5,2,51.08,308.39
4043,SP,114.7,2,15.27,211.26
4044,BA,586.9,4,16.82,319.16
4045,RJ,100.3,2,25.8,13.11
4046,BA,371.8,1,10.03,94.9
4047,SP,379.2,0,14.73,85.98
4048,SP,146.4,0,11.0,151.01
4049,RS,396.6,3,19.52,61.59
4050,BA,131.8,2,14.62,225.52
4051,RS,193.2,2,15.62,194.04
4052,RJ,412.6,1,7.28,61.82
4053,BA,395.5,1,13.01,102.5
4054,SP,257.5,2,12.87,119.79
4055,BA,240.0,3,3.33,58.68
4056,SP,66.0,2,3.08,250.6
4057,BA,233.8,3,14.47,69.24
4058,MG,284.8,2,12.1,127.03
4059,BA,162.5,2,18.04,67.62
4060,RJ,112.2,2,3.36,147.45
4061,SP,535.0,1,18.64,95.91
4062,BA,287.7,0,10.88,170.84
4063,MG,280.2,3,14.11,136.59
4064,SP,66.6,1,21.14,161.09
4065,MG,457.5,2,4.81,140.91
4066,SP,277.6,2,16.98,237.48
4067,RS,189.2,1,79.4,170.72
4068,RS,129.8,0,5.95,110.31
4069,MG,263.2,1,18.26,86.7
4070,RJ,211.0,1,41.38,302.64
4071,BA,337.6,1,8.34,113.69
4072,MG,335.5,0,66.51,211.74
4073,BA,428.4,1,5.28,171.57
4074,RJ,213.7,0,21.65,88.5
4075,RJ,520.8,2,10.65,145.08
4076,RJ,123.7,1,2.78,146.21
4077,RS,243.0,4,20.29,50.38
4078,MG,155.2,1,8.8,171.82
4079,BA,158.9,1,10.95,103.29
4080,BA,202.7,1,5.78,125.36
4081,BA,544.7,1,5.84,90.5
4082,SP,49.6,0,7.2,303.8
4083,RS,130.2,0,38.27,79.5
4084,RS,165.2,1,12.71,187.25
4085,RJ,245.4,1,21.26,206.4
4086,RS,58.4,4,0.73,158.82
4087,RS,392.9,0,35.61,140.2
4088,MG,342.4,1,14.46,47.26
4089,MG,180.8,0,7.84,154.46
4090,RJ,146.8,2,12.95,52.14
4091,RJ,120.0,1,23.09,83.02
4092,RJ,500.9,1,19.17,68.29
4093,SP,460.7,2,19.92,318.34
4094,SP,132.8,2,2.55,18.9
4095,RS,589.5,3,27.0,155.5
4096,RJ,373.0,1,10.07,51.97
4097,RJ,257.3,1,6.75,110.51
4098,RS,234.8,2,22.41,144.82
4099,MG,267.0,0,12.97,55.79
4100,SP,489.8,2,50.41,144.64
4101,RJ,68.1,1,2.31,32.99
4102,BA,398.1,1,15.31,27.07
4103,RJ,332.7,4,25.93,66.94
4104,BA,253.9,1,2.16,71.58
4105,MG,150.5,0,11.67,280.61
4106,SP,263.0,3,4.4,86.83
4107,SP,147.0,2,1.96,49.56
4108,SP,202.9,1,36.87,219.47
4109,RS,78.3,1,19.93,134.92
4110,BA,227.4,2,34.65,312.15
4111,SP,42.8,2,24.97,85.47
4112,BA,230.1,0,8.46,75.91
4113,SP,100.2,3,16.53,79.34
4114,RJ,197.6,0,24.07,58.82
4115,BA,219.8,2,12.53,143.75
4116,RS,331.6,3,17.61,164.32
4117,RJ,152.5,2,13.16,129.78
4118,RJ,106.5,2,8.42,40.03
4119,SP,186.3,1,16.18,103.16
4120,MG,360.8,0,11.34,118.3
4121,MG,369.8,2,30.49,240.4
4122,SP,434.7,1,3.85,178.32
4123,BA,411.7,1,16.83,176.12
4124,BA,365.1,0,20.3,69.53
4125,SP,100.1,0,44.21,106.5
4126,SP,657.9,1,10.49,220.27
4127,SP,311.3,3,16.78,100.48
4128,SP,178.7,1,15.4,35.69
4129,SP,110.2,4,15.0,165.55
4130,BA,232.5,2,9.51,66.6
4131,RJ,97.4,4,22.3,141.67
4132,MG,192.9,1,20.6,149.72
4133,BA,380.5,1,4.27,51.92
4134,BA,304.5,3,8.07,209.74
4135,MG,396.6,2,19.52,88.89
4136,BA,15.0,1,10.53,157.4
4137,SP,320.7,1,14.58,153.54
4138,BA,481.7,2,29.64,66.59
4139,RJ,256.2,0,29.01,105.5
4140,SP,290.0,1,7.73,160.28
4141,SP,173.3,2,25.76,132.71
4142,BA,272.9,3,16.73,152.51
4143,RS,356.7,2,48.95,229.76
4144,SP,137.3,0,24.8,51.8
4145,RJ,248.0,2,24.69,70.3
4146,RJ,258.7,2,9.56,64.73
4147,MG,174.7,1,10.79,40.29
4148,MG,149.8,2,8.81,74.96
4149,BA,661.2,2,28.35,129.38
4150,SP,245.6,1,1.26,35.22
4151,MG,114.3,1,14.03,74.09
4152,SP,266.4,4,5.33,279.87
4153,RS,304.7,1,28.36,123.61
4154,BA,355.6,2,29.48,92.7
4155,RS,454.0,2,1.73,202.19
4156,BA,235.2,1,9.2,29.7
4157,BA,467.1,5,6.92,55.38
4158,RJ,430.8,2,16.33,157.94
4159,RS,371.2,1,13.54,234.8
4160,RJ,216.5,0,21.13,108.35
4161,RJ,593.6,4,23.67,263.77
4162,RJ,181.0,2,31.39,155.46
4163,MG,205.5,2,11.22,71.12
4164,MG,214.0,1,23.84,65.5
4165,RJ,271.1,1,15.24,60.42
4166,MG,448.1,0,12.6,216.16
4167,RJ,299.3,0,20.84,128.26
4168,RS,188.4,0,46.94,51.15
4169,SP,417.0,1,22.59,41.22
4170,SP,164.1,0,28.8,58.09
4171,RJ,184.1,1,4.84,238.16
4172,RS,278.5,1,20.36,170.62
4173,RJ,321.2,0,25.31,208.98
4174,RS,202.5,1,5.38,93.44
4175,RJ,160.5,1,19.93,143.23
4176,RJ,139.4,2,74.43,222.08
4177,SP,206.6,3,27.14,209.76
4178,BA,224.7,2,13.94,79.51
4179,RS,184.4,3,41.24,108.24
4180,RS,221.2,1,2.89,77.43
4181,SP,193.9,1,35.33,86.85
4182,BA,290.6,0,32.11,47.73
4183,MG,736.4,2,5.31,63.0
4184,RJ,214.6,1,32.26,261.23
4185,BA,94.2,0,22.28,96.71
4186,BA,351.5,0,2.66,75.72
4187,RS,512.0,1,18.81,125.29
4188,RS,199.4,0,15.76,195.57
4189,RS,244.5,1,10.88,132.58
4190,SP,447.2,3,17.7,167.47
4191,BA,189.0,2,10.25,112.1
4192,MG,201.9,2,24.72,84.53
4193,SP,66.1,1,16.1,123.36
4194,SP,154.1,0,20.82,255.66
4195,RJ,419.4,1,2.56,195.45
4196,RS,591.2,1,31.04,214.05
4197,BA,636.3,0,14.42,164.18
4198,BA,171.0,1,6.94,251.99
4199,RS,115.2,0,8.8,115.94
4200,SP,203.9,3,19.24,158.86
4201,MG,163.2,3,20.35,59.35
4202,BA,185.5,1,11.0,135.81
4203,BA,277.0,1,5.21,167.26
4204,BA,107.4,1,4.0,112.65
4205,SP,141.8,1,19.24,56.48
4206,SP,315.2,0,10.69,152.84
4207,MG,320.3,2,1.79,75.03
4208,MG,318.1,2,19.45,100.31
4209,RJ,93.0,0,14.0,133.96
4210,BA,273.1,0,9.14,128.08
4211,RJ,432.5,3,10.05,115.44
4212,RJ,209.9,0,11.27,225.36
4213,SP,125.1,1,9.55,172.74
4214,MG,185.5,1,11.55,223.06
4215,BA,446.7,1,45.13,189.31
4216,RS,420.4,0,35.04,281.17
4217,RJ,127.3,0,6.19,41.72
4218,BA,147.9,3,19.2,92.82
4219,SP,282.9,3,14.34,98.45
4220,MG,473.8,3,10.85,175.6
4221,RS,508.8,0,10.77,260.92
4222,SP,35.4,0,23.43,102.45
4223,RJ,217.3,1,8.98,76.26
4224,SP,172.6,1,11.5,218.91
4225,MG,263.9,1,19.75,50.66
4226,RS,617.4,1,37.1,148.4
4227,MG,282.2,2,9.68,189.25
4228,BA,143.4,2,18.82,182.03
4229,RJ,571.2,0,23.76,122.26
4230,RS,430.8,1,14.51,250.62
4231,RJ,296.2,2,12.54,190.72
4232,MG,363.7,3,21.68,96.81
4233,RJ,212.0,1,4.63,80.55
4234,MG,282.4,1,8.59,77.96
4235,RJ,104.7,0,10.79,121.84
4236,MG,468.8,3,12.63,145.14
4237,RJ,296.4,2,25.56,76.66
4238,BA,162.4,2,19.01,83.76
4239,RJ,518.0,0,33.38,118.18
4240,RJ,490.6,1,43.2,91.17
4241,SP,466.5,5,18.18,48.19
4242,MG,270.9,0,38.57,54.68
4243,SP,353.4,4,18.02,45.17
4244,MG,127.3,0,15.24,301.06
4245,RS,182.5,2,11.4,172.24
4246,BA,129.6,2,18.26,245.65
4247,MG,377.2,2,25.65,104.79
4248,RJ,182.4,1,11.21,120.97
4249,RS,275.2,2,24.47,36.87
4250,SP,203.4,1,18.74,168.74
4251,SP,277.9,1,4.76,146.02
4252,SP,167.1,3,39.57,153.07
4253,RJ,162.4,2,7.13,96.86
4254,SP,119.5,1,11.73,183.41
4255,SP,256.5,2,8.57,146.71
4256,RS,329.9,1,11.49,173.25
4257,MG,90.0,3,47.84,388.9
4258,BA,421.0,0,13.52,121.24
4259,MG,533.0,1,26.53,68.98
4260,BA,145.9,2,9.24,166.42
4261,BA,204.3,0,46.52,115.63
4262,MG,129.2,3,39.94,84.09
4263,RS,442.5,1,20.06,92.53
4264,SP,612.4,2,12.84,255.0
4265,RS,280.8,1,7.24,37.46
4266,MG,54.7,1,5.74,196.48
4267,SP,519.1,0,8.26,78.3
4268,RS,68.0,1,7.52,127.39
4269,BA,309.4,5,14.17,162.18
4270,MG,288.6,0,15.54,126.28
4271,RJ,219.1,2,23.83,35.77
4272,BA,193.9,2,26.08,127.26
4273,RS,143.9,0,15.88,144.43
4274,RJ,183.7,1,19.29,76.1
4275,SP,404.6,2,32.47,151.16
4276,SP,304.8,2,7.47,154.53
4277,BA,192.1,2,15.1,22.52
4278,BA,135.7,1,9.87,201.1
4279,RJ,125.1,0,14.67,62.14
4280,MG,180.9,2,30.79,87.95
4281,SP,344.5,3,2.6,49.93
4282,RJ,321.9,2,14.24,94.23
4283,RS,274.0,1,10.85,245.74
4284,RJ,182.2,1,10.62,35.79
4285,RS,163.7,1,45.34,65.0
4286,BA,225.0,2,35.17,251.12
4287,SP,341.9,0,12.01,217.65
4288,RJ,90.5,2,21.88,196.63
4289,RJ,111.1,1,15.75,114.68
4290,MG,256.9,0,12.83,107.22
4291,RS,97.3,1,38.7,93.08
4292,RJ,393.8,1,14.07,103.15
4293,SP,420.1,0,2.65,119.99
4294,BA,182.4,4,33.88,138.12
4295,BA,339.9,2,20.7,48.53
4296,RJ,118.3,3,9.98,129.1
4297,BA,105.5,2,2.81,122.21
4298,MG,254.8,4,20.69,181.43
4299,RS,514.2,2,16.3,285.94
4300,RS,410.2,2,8.26,80.9
4301,RJ,922.0,2,3.72,280.36
4302,BA,877.4,3,11.44,110.86
4303,MG,306.5,1,14.57,133.49
4304,BA,269.3,1,6.55,81.82
4305,RJ,122.5,1,6.15,27.09
4306,RJ,260.9,1,37.26,65.84
4307,SP,209.4,2,3.83,93.01
4308,RS,321.8,1,9.91,112.02
4309,MG,97.0,1,26.11,125.64
4310,RJ,198.6,3,33.98,81.79
4311,MG,66.9,0,0.84,112.77
4312,RS,421.5,1,14.1,150.11
4313,RS,60.1,3,10.61,74.65
4314,RS,665.6,3,32.71,35.22
4315,RJ,452.9,1,12.74,188.52
4316,BA,179.8,2,5.18,76.75
4317,MG,275.9,0,11.98,82.51
4318,RS,664.1,3,5.93,122.53
4319,BA,44.5,0,29.1,157.49
4320,MG,317.6,2,4.01,48.33
4321,MG,549.7,0,7.9,131.03
4322,BA,342.3,2,24.45,165.14
4323,MG,297.8,1,31.3,218.99
4324,SP,217.3,2,13.92,87.08
4325,SP,140.1,2,3.04,113.46
4326,RS,215.6,0,10.52,122.02
4327,RJ,235.6,2,22.87,72.54
4328,RS,325.7,4,14.98,42.8
4329,SP,301.2,2,12.41,135.0
4330,SP,366.4,1,5.37,72.63
4331,SP,237.1,0,13.29,71.19
4332,RJ,260.3,2,24.17,11.18
4333,RS,253.4,1,45.54,116.06
4334,MG,174.0,4,4.56,78.92
4335,SP,171.2,1,17.1,77.47
4336,BA,88.2,1,25.38,60.64
4337,RS,104.9,2,0.83,134.97
4338,SP,91.5,4,20.23,44.99
4339,MG,267.4,0,14.32,204.32
4340,RS,66.4,1,22.4,166.93
4341,RJ,256.7,3,23.06,165.9
4342,RJ,85.2,3,13.16,109.09
4343,BA,123.2,1,12.66,195.58
4344,RS,231.4,1,17.13,108.14
4345,RS,222.3,2,7.47,115.12
4346,BA,338.8,2,11.77,14.57
4347,RJ,273.5,0,33.77,246.59
4348,MG,160.1,3,1.98,119.92
4349,SP,204.0,2,30.94,247.4
4350,RJ,346.6,2,6.87,102.57
4351,RS,236.1,2,28.72,87.08
4352,SP,393.3,2,15.05,133.4
4353,SP,136.3,1,22.05,199.05
4354,SP,140.5,0,20.28,134.41
4355,SP,96.3,2,22.35,342.23
4356,BA,383.0,1,3.01,210.26
4357,RJ,524.4,0,17.64,37.19
4358,BA,173.7,2,22.43,42.23
4359,MG,158.3,0,24.63,147.82
4360,RS,103.6,1,10.88,129.58
4361,RJ,416.1,2,3.82,54.52
4362,RJ,194.0,2,36.28,279.25
4363,SP,266.8,0,14.72,29.53
4364,RS,246.0,2,41.76,93.26
4365,RS,78.3,5,28.96,159.11
4366,RJ,59.6,0,18.0,50.48
4367,RJ,502.4,2,18.19,253.63
4368,RS,437.0,3,7.3,207.03
4369,MG,400.4,3,22.17,103.21
4370,RS,207.1,5,29.02,193.25
4371,RJ,136.2,0,4.48,25.71
4372,SP,234.4,2,20.17,50.87
4373,MG,124.9,1,13.56,209.76
4374,RS,278.3,1,63.22,311.51
4375,SP,210.4,3,15.4,142.77
4376,BA,176.9,4,4.47,72.8
4377,SP,274.6,2,13.61,268.24
4378,BA,197.7,1,3.72,74.79
4379,RS,120.2,0,3.47,83.85
4380,RS,136.9,1,20.17,58.93
4381,BA,219.4,0,28.26,93.98
4382,MG,191.3,2,46.25,23.95
4383,SP,354.4,2,16.4,197.91
4384,MG,263.8,0,47.78,26.55
4385,RS,280.5,0,15.45,239.26
4386,RJ,93.0,1,37.74,110.36
4387,RJ,201.8,2,59.25,74.09
4388,RS,91.2,2,9.42,134.89
4389,MG,161.6,3,13.62,78.32
4390,RS,312.9,0,8.75,40.98
4391,SP,154.1,3,29.29,145.29
4392,SP,182.0,2,31.18,40.38
4393,BA,259.4,0,20.6,52.35
4394,BA,178.0,3,39.66,29.59
4395,RS,419.4,2,18.83,92.02
4396,RJ,166.6,3,5.66,95.83
4397,RJ,201.5,0,13.94,263.57
4398,SP,472.7,2,13.01,171.89
4399,BA,255.0,0,24.84,147.14
4400,SP,211.4,1,3.95,153.58
4401,RS,595.8,3,16.03,182.03
4402,MG,274.2,2,19.86,74.45
4403,BA,473.3,2,46.35,188.54
4404,RJ,329.5,1,21.54,162.06
4405,BA,340.0,0,16.39,163.31
4406,RJ,487.9,2,19.22,28.2
4407,SP,316.7,2,7.1,48.97
4408,SP,188.8,1,6.8,239.11
4409,SP,222.1,0,5.48,98.5
4410,RJ,234.2,2,15.94,83.79
4411,SP,452.9,4,27.86,79.37
4412,BA,406.4,0,18.18,129.21
4413,RJ,275.3,2,37.34,58.87
4414,SP,246.6,1,6.27,52.99
4415,RS,273.1,2,7.18,226.48
4416,MG,435.9,0,82.77,57.03
4417,BA,615.5,3,40.77,39.9
4418,BA,284.5,2,21.43,76.95
4419,BA,129.0,1,2.55,128.81
4420,SP,103.0,4,3.02,73.14
4421,RJ,126.3,3,7.17,116.09
4422,RJ,620.5,1,29.59,125.34
4423,MG,102.5,2,6.08,161.55
4424,RS,186.8,2,14.93,119.05
4425,SP,256.1,0,47.63,213.88
4426,RS,140.2,2,4.48,97.16
4427,MG,259.1,1,9.84,91.86
4428,RS,19.2,1,29.86,194.87
4429,RS,314.8,3,9.13,198.77
4430,SP,288.4,2,33.7,207.23
4431,RJ,426.0,2,19.81,56.35
4432,BA,633.2,1,36.95,79.53
4433,MG,55.9,2,7.45,492.23
4434,MG,650.7,0,3.44,296.29
4435,RJ,424.5,2,10.29,235.28
4436,SP,154.6,2,19.06,192.41
4437,RS,462.2,0,23.2,179.46
4438,MG,293.5,4,40.61,40.28
4439,SP,125.8,1,15.16,119.95
4440,RS,182.7,2,31.68,85.44
4441,SP,95.1,1,15.61,176.9
4442,RS,366.0,1,17.81,128.55
4443,BA,208.3,1,14.69,178.62
4444,RJ,501.7,3,38.69,94.12
4445,RJ,212.7,1,2.41,32.5
4446,SP,203.2,2,20.23,97.4
4447,RJ,124.3,4,15.16,70.98
4448,RS,599.9,1,19.5,307.69
4449,RS,203.6,1,26.35,162.44
4450,RS,479.9,0,10.33,38.17
4451,BA,511.2,1,13.57,183.52
4452,MG,306.7,1,10.61,52.68
4453,RS,265.0,2,8.32,168.03
4454,RJ,197.7,3,3.8,175.39
4455,RS,246.4,1,3.38,193.4
4456,MG,333.2,1,21.84,188.29
4457,MG,379.5,2,10.59,73.58
4458,BA,482.0,2,12.87,17.51
4459,MG,392.2,2,18.8,141.6
4460,MG,255.7,1,14.23,113.04
4461,RS,137.3,1,7.79,136.07
4462,RJ,152.4,1,14.73,252.12
4463,RS,207.2,4,10.78,167.84
4464,RJ,367.3,5,33.42,143.42
4465,MG,420.5,0,31.43,90.19
4466,RJ,165.1,0,6.45,181.83
4467,SP,189.0,2,18.0,83.38
4468,SP,57.5,1,23.55,147.42
4469,MG,56.1,2,31.89,217.08
4470,RJ,328.0,1,5.2,56.27
4471,RS,857.6,2,50.21,121.57
4472,RS,140.9,1,12.85,43.65
4473,RJ,137.4,0,15.05,156.47
4474,SP,117.4,1,11.67,271.27
4475,BA,243.5,0,9.06,59.7
4476,BA,75.8,3,16.24,90.21
4477,RJ,742.2,2,33.33,183.52
4478,BA,217.8,1,24.03,312.26
4479,SP,462.7,1,25.69,41.4
4480,MG,121.2,1,28.53,200.11
4481,RJ,233.2,1,28.85,159.31
4482,MG,438.3,0,32.83,242.77
4483,SP,39.4,1,5.64,110.12
4484,RJ,97.0,0,18.08,44.63
4485,SP,302.5,2,6.23,138.44
4486,BA,660.2,0,15.41,41.46
4487,MG,255.2,3,6.18,69.25
4488,BA,127.9,0,20.66,86.23
4489,SP,241.7,1,4.46,101.1
4490,BA,69.0,3,22.39,160.75
4491,MG,387.9,2,13.13,82.91
4492,MG,262.7,0,7.38,97.71
4493,RJ,249.0,1,1.44,230.51
4494,RS,136.7,0,7.79,215.52
4495,BA,390.2,1,14.89,263.55
4496,RS,48.6,1,16.3,96.67
4497,RJ,354.6,1,14.91,106.09
4498,MG,148.6,3,5.83,173.11
4499,BA,88.5,0,13.25,72.66
4500,BA,145.1,2,19.52,87.96
4501,MG,314.9,1,33.77,166.56
4502,RJ,445.1,1,60.94,41.23
4503,RJ,835.3,0,10.85,118.14
4504,RS,333.9,2,5.94,119.02
4505,RJ,236.1,1,15.05,188.66
4506,BA,221.0,2,19.53,84.21
4507,BA,291.5,0,22.55,162.23
4508,RS,164.0,4,16.11,144.91
4509,MG,158.2,2,31.57,149.59
4510,RJ,284.3,2,18.02,44.28
4511,SP,329.3,1,17.22,82.12
4512,RS,46.7,1,12.82,83.88
4513,MG,244.0,1,23.94,146.73
4514,SP,189.0,2,46.18,338.07
4515,SP,245.7,0,15.34,85.0
4516,MG,540.6,2,25.07,250.55
4517,MG,670.7,3,6.98,167.24
4518,SP,322.6,2,8.22,101.95
4519,RS,486.4,3,21.5,78.31
4520,SP,414.5,1,27.18,87.54
4521,RJ,43.3,0,24.44,65.1
4522,BA,288.3,2,9.97,69.65
4523,MG,51.2,3,10.05,90.84
4524,SP,33.3,1,10.16,223.22
4525,BA,213.3,3,5.93,270.25
4526,RJ,192.4,1,38.48,32.67
4527,BA,458.1,0,6.44,102.42
4528,SP,203.0,2,20.64,215.85
4529,BA,75.6,0,13.94,41.87
4530,RS,199.7,0,43.33,65.73
4531,RJ,137.7,1,17.51,107.62
4532,SP,98.8,3,24.28,88.14
4533,MG,359.6,2,28.75,116.07
4534,RJ,216.1,3,34.11,96.37
4535,BA,511.5,1,6.71,85.16
4536,RS,270.8,0,19.82,134.65
4537,RS,586.0,0,16.59,288.03
4538,BA,151.8,0,24.5,139.89
4539,RS,160.9,2,35.98,144.02
4540,BA,160.5,1,21.94,256.42
4541,RS,238.7,2,21.67,146.53
4542,RS,498.2,3,11.91,60.36
4543,SP,300.8,7,3.82,45.95
4544,SP,96.6,0,4.75,130.44
4545,SP,274.4,1,18.14,134.86
4546,BA,48.8,1,12.94,71.84
4547,RJ,215.4,2,19.82,277.85
4548,BA,158.5,2,14.88,50.65
4549,RS,567.2,0,16.62,67.77
4550,BA,327.9,3,38.54,129.93
4551,MG,453.0,1,37.89,209.33
4552,BA,241.0,2,16.66,78.67
4553,BA,403.9,2,18.04,84.67
4554,SP,178.4,3,1.93,90.3
4555,SP,301.2,0,20.72,169.62
4556,SP,271.9,3,17.2,43.61
4557,MG,271.4,0,9.47,211.98
4558,BA,246.4,2,4.36,105.08
4559,RS,123.6,2,11.58,333.68
4560,BA,330.0,1,20.75,224.53
4561,RS,226.5,1,5.63,158.1
4562,RJ,171.1,3,14.82,148.26
4563,RJ,256.2,1,8.42,268.19
4564,SP,369.6,1,6.92,270.1
4565,SP,257.8,1,16.96,168.53
4566,MG,220.2,3,34.07,94.43
4567,BA,420.3,3,12.31,278.47
4568,SP,90.5,1,18.24,113.45
4569,RS,350.8,0,19.85,376.5
4570,BA,182.5,0,8.71,107.73
4571,SP,239.2,2,16.17,309.7
4572,RJ,250.5,1,27.59,104.62
4573,BA,619.1,2,8.55,103.96
4574,RS,39.1,4,29.15,76.87
4575,RS,376.6,4,12.75,73.6
4576,SP,326.7,3,11.64,44.83
4577,SP,274.2,2,16.83,39.79
4578,MG,177.9,0,39.19,81.16
4579,RJ,247.7,2,18.83,32.73
4580,SP,593.3,0,14.96,166.33
4581,MG,72.4,1,7.07,107.87
4582,BA,527.0,2,22.89,276.59
4583,MG,443.7,2,48.89,88.49
4584,MG,362.6,3,23.72,234.55
4585,BA,379.1,2,25.06,104.15
4586,RJ,492.1,0,5.6,117.53
4587,BA,41.5,1,10.02,283.67
4588,RS,214.9,2,52.54,168.12
4589,SP,310.4,1,10.83,192.34
4590,BA,129.8,2,16.19,217.31
4591,MG,296.3,0,41.88,160.94
4592,RJ,681.1,1,40.72,152.45
4593,SP,239.9,2,3.98,166.54
4594,RS,334.6,0,9.53,97.23
4595,MG,100.9,0,21.27,168.19
4596,RJ,438.8,2,11.23,92.65
4597,RS,344.5,2,8.56,121.69
4598,RS,313.7,0,34.24,98.89
4599,SP,134.1,0,42.68,129.72
4600,RJ,247.9,0,14.5,57.67
4601,RJ,69.0,0,6.83,71.9
4602,RS,574.1,1,14.66,70.44
4603,SP,186.7,2,22.83,120.49
4604,SP,172.9,4,16.74,31.31
4605,RS,269.7,0,62.97,79.83
4606,BA,342.0,0,16.22,209.98
4607,MG,107.0,4,8.96,106.65
4608,RJ,89.2,3,32.72,58.37
4609,SP,290.1,4,13.48,171.68
4610,MG,329.7,0,7.21,76.38
4611,MG,523.8,1,22.0,49.68
4612,BA,294.9,2,16.88,172.51
4613,RJ,379.2,0,6.61,77.5
4614,SP,191.2,3,26.21,37.26
4615,RJ,217.6,1,13.58,199.1
4616,RJ,359.5,3,48.69,296.39
4617,RS,335.0,1,14.51,25.4
4618,SP,418.5,1,22.12,202.29
4619,RS,73.2,1,18.26,129.09
4620,BA,157.2,1,9.06,191.04
4621,MG,364.3,1,27.94,72.99
4622,RJ,253.3,3,26.88,139.25
4623,SP,72.8,2,37.89,105.5
4624,MG,45.3,1,2.73,98.84
4625,BA,21.2,2,42.51,23.07
4626,RJ,124.8,2,5.66,121.72
4627,BA,136.1,1,17.86,41.88
4628,RJ,191.3,1,56.82,80.88
4629,RJ,372.6,0,32.45,167.31
4630,RS,357.7,1,13.41,72.72
4631,MG,109.8,0,15.83,91.88
4632,MG,175.6,4,5.73,259.73
4633,MG,227.3,1,8.74,261.48
4634,BA,224.8,0,4.79,145.93
4635,MG,430.7,0,5.6,112.86
4636,BA,394.1,2,16.37,280.99
4637,RJ,512.6,0,4.41,120.48
4638,RS,304.8,0,5.11,292.5
4639,SP,853.8,2,19.39,81.74
4640,RJ,219.1,1,60.49,133.17
4641,RJ,212.0,2,17.64,144.87
4642,SP,353.2,2,1.69,57.93
4643,RS,369.9,0,6.49,280.05
4644,MG,452.4,5,1.52,245.21
4645,BA,480.1,2,14.35,137.82
4646,SP,127.6,1,13.7,141.18
4647,RS,154.8,1,7.06,71.94
4648,SP,362.0,1,6.14,88.67
4649,BA,146.4,5,51.24,60.03
4650,RS,355.4,3,8.78,108.42
4651,RS,104.7,1,2.39,95.06
4652,BA,533.7,1,26.77,89.54
4653,RS,410.1,2,23.73,81.44
4654,MG,257.9,1,42.12,118.57
4655,RJ,183.4,3,23.2,111.09
4656,SP,266.9,0,10.43,182.51
4657,BA,86.3,1,17.49,9.98
4658,BA,152.1,3,15.47,118.32
4659,SP,431.9,3,4.39,242.3
4660,MG,211.2,1,18.39,47.26
4661,BA,458.0,0,42.55,246.31
4662,SP,291.2,1,10.42,34.3
4663,MG,107.2,1,51.69,89.78
4664,RS,51.2,2,25.9,74.53
4665,BA,255.7,1,7.85,111.57
4666,RS,156.1,1,20.83,151.34
4667,MG,190.1,3,23.91,116.16
4668,RS,747.5,0,16.72,78.77
4669,RS,262.1,0,22.36,101.12
4670,RS,157.3,2,11.33,48.31
4671,MG,206.9,2,6.0,140.46
4672,MG,296.2,2,34.26,103.73
4673,MG,129.2,1,40.27,152.74
4674,RJ,103.7,1,10.06,101.62
4675,MG,499.0,3,5.49,198.12
4676,BA,294.4,0,4.07,102.88
4677,RS,522.5,0,6.55,252.17
4678,SP,166.8,3,7.92,93.76
4679,MG,146.7,2,25.03,47.14
4680,BA,166.6,2,104.09,70.38
4681,BA,111.9,1,33.4,105.76
4682,SP,127.0,1,18.22,34.99
4683,BA,269.0,4,17.11,166.52
4684,SP,269.2,2,11.84,249.18
4685,BA,223.1,2,8.34,139.99
4686,BA,199.2,0,20.98,73.61
4687,RJ,427.5,0,44.57,125.31
4688,RJ,412.6,1,7.35,146.87
4689,RJ,350.3,1,22.07,266.92
4690,BA,490.8,1,7.43,64.46
4691,RJ,324.4,4,7.85,102.65
4692,BA,248.4,3,10.62,120.03
4693,RJ,335.3,1,4.48,183.52
4694,RS,417.2,4,8.68,90.49
4695,RS,690.2,2,53.49,30.75
4696,BA,226.2,0,4.78,128.74
4697,SP,245.5,3,1.24,217.13
4698,RS,109.5,1,11.84,134.19
4699,BA,164.5,2,23.26,154.44
4700,BA,102.3,5,21.58,49.83
4701,RS,199.8,1,41.72,203.28
4702,RS,212.4,4,18.7,176.62
4703,MG,417.4,3,27.69,98.0
4704,RS,236.3,2,19.49,47.81
4705,MG,184.2,2,10.39,62.3
4706,SP,151.3,2,17.08,171.32
4707,MG,111.0,2,11.72,42.91
4708,RJ,525.9,0,41.54,109.88
4709,BA,406.7,2,29.92,101.13
4710,RJ,114.5,3,30.6,106.52
4711,BA,241.3,2,18.57,116.2
4712,RJ,132.4,0,19.23,144.09
4713,RS,286.4,3,2.64,65.66
4714,SP,357.4,1,5.7,230.71
4715,RJ,206.9,1,7.63,223.54
4716,RS,68.6,1,1.47,193.48
4717,BA,126.6,1,35.34,68.77
4718,SP,138.0,0,4.27,70.66
4719,MG,680.8,0,32.22,100.76
4720,SP,519.5,2,18.08,93.28
4721,RS,335.8,1,13.08,89.3
4722,BA,147.1,4,59.61,49.9
4723,BA,160.3,1,15.47,394.91
4724,RJ,149.6,0,20.1,144.86
4725,BA,373.9,1,56.46,58.37
4726,RJ,66.5,0,10.85,346.72
4727,BA,398.6,1,3.36,59.18
4728,RS,96.2,0,19.35,108.17
4729,BA,434.6,1,8.77,94.18
4730,BA,335.4,0,14.79,89.09
4731,SP,252.0,3,13.21,181.56
4732,MG,254.0,1,10.36,267.23
4733,MG,194.9,1,47.0,179.15
4734,SP,792.9,1,24.97,339.07
4735,BA,195.9,1,22.36,111.41
4736,RJ,242.7,4,24.76,253.01
4737,RS,272.7,2,25.88,139.26
4738,RS,189.5,0,22.42,222.87
4739,MG,498.1,1,29.81,42.39
4740,BA,140.7,2,12.99,95.03
4741,RS,152.8,2,19.34,58.79
4742,SP,75.3,2,10.25,99.44
4743,SP,301.9,2,39.71,50.86
4744,BA,192.1,0,20.81,155.03
4745,SP,265.9,2,13.75,188.22
4746,RJ,383.8,0,25.92,152.19
4747,RS,155.4,0,64.06,117.6
4748,BA,139.1,2,32.57,40.29
4749,MG,168.1,1,12.06,61.32
4750,RJ,583.9,1,27.13,154.03
4751,MG,90.2,1,20.63,169.68
4752,SP,437.3,0,24.82,240.04
4753,RS,344.9,1,24.34,44.68
4754,SP,455.9,2,16.73,432.9
4755,SP,289.5,0,33.86,166.13
4756,RJ,239.5,3,9.82,144.93
4757,RJ,104.9,1,15.88,116.57
4758,RS,229.7,2,18.79,82.7
4759,BA,228.8,2,29.47,131.83
4760,RS,116.1,2,2.43,90.53
4761,BA,453.8,0,2.58,69.66
4762,BA,514.1,2,22.7,230.13
4763,RJ,89.4,1,19.92,161.46
4764,BA,375.2,1,19.31,83.71
4765,MG,345.7,0,2.67,172.37
4766,SP,438.0,2,32.86,49.73
4767,RS,232.4,3,18.69,91.03
4768,RJ,243.4,2,19.63,106.06
4769,RS,517.8,1,16.73,180.11
4770,RS,134.8,1,14.15,163.23
4771,RS,400.1,1,9.12,179.17
4772,RS,112.3,2,36.54,60.96
4773,RJ,351.5,1,22.77,15.84
4774,MG,231.2,3,22.92,79.86
4775,SP,331.6,1,1.34,81.77
4776,BA,140.4,1,21.25,181.29
4777,RJ,239.1,2,16.29,168.92
4778,RS,304.0,2,24.66,19.53
4779,SP,524.3,4,22.47,136.53
4780,RS,309.9,1,42.42,112.62
4781,SP,207.4,3,16.86,279.5
4782,RJ,154.6,0,20.34,164.5
4783,RS,491.9,2,7.01,69.49
4784,BA,522.5,2,30.93,47.88
4785,MG,527.8,3,20.78,135.83
4786,RJ,617.7,3,6.05,175.47
4787,RJ,381.7,2,19.16,280.22
4788,MG,534.0,0,15.36,71.19
4789,RJ,455.9,1,18.68,261.89
4790,MG,402.4,2,24.85,117.37
4791,MG,55.3,1,17.02,59.06
4792,RJ,206.0,2,4.95,100.33
4793,RJ,37.6,1,5.22,100.73
4794,SP,147.1,0,26.61,140.63
4795,RS,274.2,1,15.67,213.4
4796,BA,78.1,3,6.7,32.4
4797,RS,194.1,6,11.07,128.8
4798,BA,170.3,2,21.5,238.36
4799,RS,130.8,0,5.94,82.63
4800,RS,253.6,2,5.22,179.25
4801,SP,126.6,3,14.25,159.8
4802,SP,135.1,1,6.8,164.24
4803,BA,344.4,1,11.95,107.88
4804,RJ,245.3,3,14.03,88.5
4805,BA,257.2,3,13.63,182.38
4806,MG,315.2,1,14.74,26.43
4807,RS,296.7,1,5.93,127.35
4808,RS,507.2,2,8.32,81.8
4809,RS,287.4,0,13.69,24.59
4810,MG,39.4,0,1.33,164.03
4811,BA,178.4,1,44.63,75.85
4812,RJ,260.1,7,15.88,262.39
4813,RS,368.7,0,24.94,130.31
4814,MG,296.6,0,7.16,86.11
4815,BA,241.2,3,25.8,362.72
4816,RS,452.9,2,16.69,195.0
4817,MG,672.5,0,42.18,462.86
4818,RS,525.5,0,12.13,59.73
4819,BA,216.3,2,20.02,227.59
4820,RS,326.8,3,7.48,243.17
4821,SP,344.9,2,25.93,83.53
4822,MG,232.6,2,11.49,91.59
4823,BA,399.9,0,39.53,114.54
4824,RJ,168.6,1,33.3,126.38
4825,RJ,323.3,3,14.91,218.16
4826,RS,386.2,1,10.96,155.83
4827,RS,312.9,1,17.56,113.57
4828,BA,178.7,1,30.77,85.28
4829,RJ,160.5,2,4.71,108.08
4830,RS,599.7,0,10.46,231.84
4831,SP,124.6,3,12.28,94.59
4832,RJ,274.3,0,14.69,117.12
4833,SP,230.4,1,4.95,180.29
4834,RJ,89.8,3,33.57,121.84
4835,BA,229.7,2,16.28,127.1
4836,RJ,451.1,2,6.98,45.84
4837,MG,138.0,4,13.14,172.43
4838,RS,156.6,1,17.72,194.29
4839,RJ,341.5,1,9.7,173.45
4840,RS,341.7,1,9.61,39.9
4841,MG,288.5,1,13.82,101.22
4842,RJ,174.1,1,24.12,66.95
4843,BA,169.3,5,30.4,233.16
4844,RS,140.2,1,19.07,256.58
4845,RJ,340.8,2,13.97,232.7
4846,RJ,371.5,0,18.81,160.99
4847,SP,235.0,1,12.85,42.06
4848,MG,116.7,3,13.89,23.63
4849,RJ,241.8,1,12.67,53.74
4850,MG,291.4,1,15.16,93.58
4851,BA,393.8,1,48.52,237.25
4852,RJ,255.9,1,19.42,358.85
4853,RJ,118.0,2,22.05,96.15
4854,RJ,165.3,0,30.97,222.34
4855,SP,829.0,0,14.69,163.49
4856,RJ,428.2,3,7.54,242.94
4857,BA,706.8,1,4.99,85.91
4858,RJ,351.4,1,27.77,186.32
4859,MG,134.7,1,9.81,117.12
4860,MG,143.0,1,15.32,138.19
4861,SP,286.0,3,3.1,101.54
4862,SP,243.9,2,13.84,146.71
4863,SP,236.4,2,14.28,34.89
4864,BA,351.0,3,5.82,63.0
4865,RJ,71.4,3,18.49,44.56
4866,SP,506.9,1,23.43,114.02
4867,SP,206.3,1,43.06,157.83
4868,MG,443.3,1,15.09,52.64
4869,SP,210.5,2,48.06,155.99
4870,BA,429.3,1,21.45,123.32
4871,BA,633.4,0,25.95,56.41
4872,SP,117.2,1,7.94,163.63
4873,RS,222.2,0,31.05,25.33
4874,MG,345.5,1,23.7,114.97
4875,RS,594.1,1,10.52,101.18
4876,MG,534.5,0,1.62,93.07
4877,RS,183.9,2,18.59,97.74
4878,MG,255.7,2,14.98,452.01
4879,RJ,280.9,1,13.92,230.63
4880,RS,591.6,3,5.1,94.62
4881,RS,77.2,0,54.94,325.0
4882,BA,245.5,2,9.54,146.94
4883,BA,231.7,1,39.63,162.19
4884,SP,387.2,0,49.28,224.21
4885,BA,467.5,2,21.76,86.5
4886,RS,423.0,1,7.0,64.77
4887,BA,398.2,1,25.91,108.53
4888,MG,429.1,2,3.04,65.98
4889,BA,100.9,0,4.97,97.1
4890,BA,196.2,1,14.3,75.64
4891,SP,359.1,1,27.19,87.3
4892,SP,367.0,1,32.24,128.61
4893,RJ,117.8,0,8.18,22.89
4894,MG,146.9,0,14.06,30.72
4895,RJ,373.4,0,9.51,74.75
4896,BA,158.1,2,1.85,192.57
4897,BA,424.2,0,17.81,176.95
4898,BA,675.7,0,34.98,82.82
4899,RJ,278.5,0,27.27,106.94
4900,RS,350.6,3,2.07,170.23
4901,RJ,315.1,2,7.11,81.76
4902,RJ,458.6,0,5.67,142.35
4903,RS,645.1,0,10.59,38.51
4904,RS,342.0,3,14.21,73.47
4905,SP,14.3,2,8.16,178.07
4906,MG,232.1,2,15.78,391.78
4907,RS,140.5,3,22.92,120.17
4908,BA,236.4,1,19.16,54.03
4909,MG,190.5,2,6.3,145.65
4910,RS,420.2,0,38.45,95.62
4911,MG,452.9,2,33.96,210.29
4912,MG,206.9,1,6.49,71.41
4913,RS,260.7,1,1.54,26.39
4914,RS,383.3,1,4.27,164.95
4915,RS,174.3,1,11.15,153.48
4916,RS,362.7,6,23.56,212.38
4917,RJ,303.8,1,20.09,200.91
4918,RS,398.1,1,42.31,85.25
4919,RJ,93.6,1,9.8,85.57
4920,RJ,330.3,3,15.94,171.56
4921,MG,136.3,2,46.38,65.29
4922,MG,300.5,0,27.0,197.72
4923,RS,237.8,1,26.96,323.36
4924,SP,311.7,1,20.67,47.76
4925,MG,294.4,0,2.08,132.06
4926,BA,444.9,0,6.02,85.82
4927,MG,251.7,0,19.82,90.21
4928,RS,502.0,3,23.79,122.47
4929,BA,186.7,0,23.2,38.58
4930,SP,311.7,0,24.63,369.6
4931,SP,291.4,2,24.8,97.53
4932,BA,247.4,1,11.9,160.17
4933,RJ,224.1,4,18.48,113.87
4934,BA,333.2,1,10.38,206.66
4935,BA,264.3,1,5.27,46.77
4936,SP,391.6,1,42.64,72.68
4937,BA,233.1,0,24.93,139.54
4938,RS,697.7,0,4.06,244.82
4939,RS,604.1,4,26.5,126.42
4940,MG,194.7,2,42.22,208.04
4941,MG,363.8,0,16.53,129.89
4942,RJ,161.6,3,10.85,160.36
4943,MG,481.3,2,7.27,97.78
4944,SP,259.0,3,16.43,134.11
4945,SP,294.1,2,8.89,166.82
4946,BA,342.3,1,3.7,228.68
4947,RJ,29.6,0,12.54,49.01
4948,RJ,325.9,2,30.02,210.11
4949,BA,581.7,1,12.94,98.39
4950,MG,19.7,2,11.84,200.09
4951,MG,324.1,2,4.87,68.51
4952,SP,198.5,2,14.71,17.85
4953,RJ,494.6,2,6.39,144.37
4954,BA,111.9,1,41.94,41.55
4955,BA,251.0,2,45.98,178.5
4956,RJ,136.8,0,25.03,151.57
4957,BA,208.4,0,16.02,93.81
4958,RS,100.9,1,14.12,250.69
4959,SP,269.0,2,17.53,209.95
4960,BA,196.8,2,53.22,106.69
4961,BA,590.1,2,16.69,247.42
4962,BA,286.6,3,1.76,193.42
4963,RJ,206.4,1,20.21,260.3
4964,RJ,134.1,1,23.45,223.39
4965,MG,155.2,0,13.04,53.82
4966,SP,221.3,3,14.77,69.37
4967,RJ,374.0,0,9.65,58.33
4968,RS,669.4,1,21.98,103.96
4969,RS,244.1,2,47.16,346.99
4970,RS,392.8,3,6.55,48.84
4971,SP,75.4,1,10.6,38.76
4972,BA,637.1,1,21.35,73.51
4973,SP,272.3,0,4.94,44.55
4974,RS,81.2,2,35.16,136.61
4975,MG,101.9,0,22.14,29.62
4976,BA,201.0,4,18.39,70.93
4977,RJ,440.2,2,10.91,264.84
4978,BA,918.0,6,15.3,274.39
4979,RS,251.7,1,31.47,93.51
4980,MG,148.4,4,5.58,34.04
4981,BA,321.5,1,4.69,175.67
4982,RJ,332.5,2,7.94,197.53
4983,RJ,119.8,2,7.43,25.68
4984,MG,266.9,0,15.36,188.14
4985,BA,281.0,2,5.44,123.54
4986,RJ,211.9,1,28.05,88.2
4987,MG,466.5,0,10.22,35.92
4988,MG,203.2,2,1.35,126.49
4989,RS,150.8,1,14.39,161.64
4990,MG,163.5,0,18.85,44.68
4991,SP,79.6,2,22.96,85.93
4992,SP,70.7,1,12.42,159.72
4993,MG,55.1,1,32.14,120.39
4994,RJ,136.8,1,30.76,145.81
4995,SP,285.2,0,15.34,136.3
4996,RJ,468.9,0,5.07,111.23
4997,RJ,128.1,1,2.18,129.68
4998,BA,147.4,0,56.45,247.02
4999,RJ,227.5,0,1.27,80.13
5000,RS,309.8,1,24.09,247.24
5001,BA,442.6,1,51.36,121.6
5002,BA,278.1,1,28.27,107.77
5003,BA,145.7,3,6.68,175.94
5004,BA,399.7,2,11.62,64.33
5005,SP,54.9,0,46.89,476.68
5006,BA,420.6,0,5.92,177.53
5007,RJ,487.9,1,29.38,95.54
5008,RJ,212.2,2,7.64,131.79
5009,BA,138.5,1,7.15,44.03
5010,RJ,151.8,1,15.27,221.17
5011,BA,97.1,1,30.89,8.76
5012,RS,347.1,1,26.21,89.63
5013,RJ,247.2,0,12.86,260.43
5014,RS,44.1,4,11.12,91.1
5015,MG,132.6,3,28.84,75.56
5016,SP,260.2,1,15.33,91.76
5017,RJ,670.2,1,13.65,101.81
5018,SP,335.2,0,34.08,69.15
5019,SP,372.0,1,47.16,103.44
5020,RS,350.2,1,13.2,106.23
5021,SP,341.2,2,8.0,162.54
5022,RS,140.3,1,10.54,157.53
5023,BA,378.5,1,4.64,238.38
5024,BA,206.2,3,20.87,50.51
5025,RS,905.3,1,21.3,58.63
5026,RS,101.3,1,25.66,155.67
5027,MG,318.5,1,3.14,83.26
5028,MG,185.8,2,21.8,136.04
5029,RS,180.8,1,15.62,156.12
5030,RS,231.7,2,6.25,238.39
5031,RJ,248.2,0,18.71,32.0
5032,RJ,400.1,2,12.95,104.84
5033,SP,204.6,0,26.98,116.07
5034,MG,178.4,2,18.51,204.21
5035,BA,526.0,3,17.14,96.58
5036,BA,321.2,2,11.74,140.61
5037,RS,99.2,0,6.08,95.61
5038,RJ,183.4,2,5.84,179.32
5039,MG,283.5,1,7.52,46.2
5040,BA,367.2,1,21.52,10.51
5041,SP,293.6,2,32.87,52.82
5042,RJ,268.7,0,13.4,167.62
5043,BA,191.8,4,15.63,102.13
5044,BA,347.7,2,8.15,105.11
5045,RJ,67.6,0,12.91,155.43
5046,RS,215.6,0,23.14,116.47
5047,RS,242.2,2,31.88,251.8
5048,MG,102.3,1,39.06,331.33
5049,RJ,342.9,2,3.07,122.51
5050,RS,286.2,1,18.34,130.63
5051,RJ,51.7,2,12.11,70.91
5052,BA,491.9,1,3.09,187.12
5053,RJ,87.0,1,4.95,323.09
5054,BA,116.2,1,23.64,204.16
5055,BA,300.1,1,5.37,113.4
5056,SP,67.3,1,8.98,219.01
5057,SP,229.7,2,21.03,132.33
5058,SP,141.0,0,23.4,181.22
5059,RS,223.0,1,4.74,85.84
5060,BA,160.5,1,25.46,85.17
5061,RJ,249.1,1,5.65,169.16
5062,RS,87.9,3,9.65,304.29
5063,RJ,156.9,1,5.69,69.15
5064,BA,440.3,1,18.07,250.63
5065,MG,338.6,3,11.36,373.8
5066,RS,192.3,0,12.73,79.49
5067,MG,174.0,0,0.31,197.57
5068,SP,135.0,0,9.06,160.81
5069,RJ,224.3,1,9.7,299.6
5070,RS,322.1,3,9.46,188.76
5071,RJ,362.3,1,2.28,121.92
5072,RS,408.4,2,14.65,104.34
5073,SP,925.4,2,31.04,91.88
5074,BA,224.8,1,14.07,152.41
5075,SP,279.3,0,9.4,65.34
5076,MG,122.7,0,5.57,22.93
5077,MG,280.1,2,14.72,80.54
5078,BA,109.9,2,7.84,141.75
5079,BA,435.2,3,27.07,268.86
5080,RJ,423.0,1,17.4,25.06
5081,BA,208.0,0,15.24,102.7
5082,BA,302.4,1,34.06,172.08
5083,SP,228.1,0,17.98,146.41
5084,BA,179.2,2,43.67,77.73
5085,RS,179.7,0,41.43,63.95
5086,MG,253.8,1,11.31,155.4
5087,SP,178.8,1,4.7,200.19
5088,RJ,279.7,3,26.54,83.52
5089,BA,459.4,0,13.41,71.5
5090,SP,234.8,1,13.21,227.14
5091,SP,163.7,3,15.48,285.95
5092,SP,246.9,1,10.38,73.32
5093,RJ,184.8,0,1.66,57.44
5094,RS,275.5,2,16.88,51.53
5095,SP,733.9,1,19.93,217.34
5096,RJ,215.6,3,30.7,194.88
5097,RS,234.6,0,12.94,116.66
5098,SP,196.2,0,38.47,197.89
5099,RJ,112.7,1,20.63,134.01
5100,RJ,311.7,5,7.63,206.48
5101,BA,333.0,0,5.65,162.07
5102,MG,157.0,1,23.82,34.63
5103,SP,347.4,2,1.59,105.07
5104,MG,174.8,0,8.82,144.48
5105,RS,272.3,4,12.33,147.58
5106,RS,88.9,3,12.23,147.54
5107,RS,149.3,3,6.69,51.39
5108,RS,188.3,1,7.17,39.71
5109,RS,334.5,1,18.7,69.42
5110,RS,245.0,3,27.2,53.66
5111,BA,213.7,1,32.71,100.38
5112,RS,223.7,2,15.12,149.11
5113,RJ,249.0,1,36.4,101.78
5114,MG,30.2,0,11.7,44.76
5115,RJ,169.8,4,13.25,126.62
5116,SP,195.1,0,11.86,63.53
5117,SP,477.6,3,15.48,84.2
5118,RS,233.0,1,7.54,152.92
5119,BA,244.3,0,6.63,152.97
5120,RJ,335.8,2,13.36,80.4
5121,RJ,91.3,0,25.76,78.55
5122,BA,379.7,3,14.62,415.45
5123,SP,668.9,0,18.56,198.28
5124,RJ,120.4,1,6.64,111.38
5125,SP,246.3,2,14.39,120.7
5126,RS,109.9,5,2.85,131.72
5127,RJ,335.7,2,20.33,286.13
5128,RJ,328.2,0,19.52,113.84
5129,SP,233.8,2,16.0,207.65
5130,MG,268.4,0,11.49,117.03
5131,BA,314.3,0,40.14,141.7
5132,RJ,182.9,1,14.16,248.19
5133,RJ,524.3,2,9.57,209.26
5134,RS,173.7,2,2.45,62.14
5135,SP,239.1,0,21.06,148.46
5136,BA,694.7,0,7.99,52.64
5137,SP,243.5,1,22.99,229.09
5138,BA,407.7,2,14.46,117.5
5139,RJ,530.9,2,9.32,182.03
5140,RJ,416.7,0,23.85,74.47
5141,MG,437.2,3,25.15,69.02
5142,SP,17.3,1,19.01,134.94
5143,BA,79.0,1,20.2,61.42
5144,RS,316.3,2,19.04,144.75
5145,MG,302.6,1,18.96,117.56
5146,BA,164.4,1,3.33,94.05
5147,BA,268.9,2,18.16,324.68
5148,BA,85.2,1,14.76,56.95
5149,BA,236.2,1,19.57,55.54
5150,RS,174.9,1,9.54,80.7
5151,RJ,111.5,1,19.35,235.25
5152,MG,79.7,1,8.26,347.14
5153,RS,147.0,1,18.38,59.31
5154,SP,308.4,2,20.94,60.54
5155,RJ,109.3,4,34.02,347.71
5156,BA,362.7,0,6.28,52.97
5157,SP,84.7,0,21.83,53.53
5158,RJ,249.7,3,22.89,97.22
5159,RJ,235.8,4,40.51,42.3
5160,MG,86.7,2,8.69,63.01
5161,MG,109.9,3,8.53,198.04
5162,MG,314.4,0,7.1,309.05
5163,RS,382.9,1,17.27,68.79
5164,MG,459.0,0,2.52,145.1
5165,BA,354.7,1,18.4,223.37
5166,RS,145.6,0,10.19,215.56
5167,MG,122.3,1,8.73,62.22
5168,RS,452.6,2,44.23,63.52
5169,MG,271.4,0,33.7,171.37
5170,MG,413.2,3,39.51,101.81
5171,SP,166.9,0,8.36,184.59
5172,RS,283.3,0,16.19,150.9
5173,SP,195.2,2,4.06,64.32
5174,RS,29.1,1,35.91,249.54
5175,SP,370.2,1,27.97,262.87
5176,BA,156.7,3,17.78,135.77
5177,RS,652.6,2,50.97,151.39
5178,MG,247.6,2,32.29,107.64
5179,BA,260.4,0,40.23,146.3
5180,RS,376.7,3,1.07,29.79
5181,RS,212.0,4,16.94,103.35
5182,MG,178.0,6,13.52,54.93
5183,RS,111.6,1,23.85,273.92
5184,SP,191.8,1,4.55,39.85
5185,SP,197.6,1,8.76,134.29
5186,RJ,368.5,0,32.78,146.13
5187,RS,171.3,2,9.45,101.26
5188,BA,205.7,1,13.89,155.52
5189,SP,258.0,0,27.58,254.56
5190,RJ,176.8,0,11.18,132.56
5191,SP,293.1,2,6.35,48.53
5192,MG,139.3,0,24.1,136.48
5193,BA,283.2,0,14.15,91.27
5194,MG,274.1,0,3.26,89.47
5195,MG,241.0,2,46.73,104.71
5196,SP,194.7,0,26.43,106.67
5197,SP,252.6,1,41.66,134.14
5198,SP,285.5,1,37.6,202.66
5199,BA,193.9,3,10.02,47.64
5200,SP,197.8,0,20.24,238.73
5201,SP,397.4,3,16.46,227.37
5202,BA,233.6,1,27.38,115.87
5203,BA,422.9,2,22.25,89.42
5204,RJ,294.8,2,26.81,55.25
5205,MG,180.5,3,25.58,140.33
5206,MG,318.7,5,4.77,114.06
5207,BA,143.1,0,37.14,415.88
5208,RS,95.4,3,39.41,151.9
5209,RS,84.4,0,25.8,35.98
5210,BA,241.2,1,51.04,197.03
5211,BA,128.5,2,31.51,120.58
5212,RS,41.7,1,16.71,54.65
5213,RS,254.2,2,25.59,167.47
5214,BA,173.0,1,7.47,103.45
5215,BA,489.3,2,21.53,257.27
5216,RS,175.4,1,11.03,138.33
5217,RJ,442.6,1,12.23,73.95
5218,SP,124.3,0,2.46,43.84
5219,MG,327.4,3,10.26,200.53
5220,RJ,213.1,4,38.95,37.62
5221,SP,613.1,2,4.12,200.84
5222,RS,162.9,4,41.41,179.02
5223,RS,401.6,2,14.61,101.18
5224,MG,235.6,1,4.54,182.4
5225,BA,159.4,2,14.69,91.94
5226,RS,188.6,2,17.89,155.51
5227,MG,109.7,2,12.38,71.27
5228,SP,258.7,3,37.97,97.1
5229,SP,174.8,0,20.03,61.13
5230,SP,121.1,0,8.86,119.64
5231,SP,491.8,0,28.23,58.84
5232,RS,122.7,2,3.3,70.72
5233,BA,168.5,1,38.27,352.91
5234,MG,229.1,3,27.35,43.79
5235,RS,707.9,2,12.25,227.2
5236,MG,123.1,2,38.91,151.9
5237,RJ,103.2,2,38.33,268.38
5238,RS,438.8,1,10.68,219.23
5239,BA,171.4,1,16.93,141.25
5240,RJ,117.5,1,4.42,126.87
5241,BA,272.1,1,11.21,81.23
5242,RS,136.7,1,15.5,125.02
5243,RJ,164.6,3,2.41,171.18
5244,RJ,184.1,3,4.81,199.88
5245,MG,92.0,1,5.14,146.48
5246,RJ,181.8,0,20.63,110.38
5247,RS,108.5,4,9.55,211.48
5248,RJ,310.8,0,8.24,115.35
5249,RS,156.5,1,9.17,168.23
5250,MG,97.8,2,6.52,45.41
5251,BA,25.8,1,19.1,184.57
5252,MG,482.8,1,10.84,116.49
5253,BA,377.7,2,13.15,58.45
5254,RS,312.8,4,13.42,112.91
5255,MG,224.6,1,0.64,78.77
5256,SP,9.0,0,13.21,485.76
5257,BA,306.9,3,3.7,54.41
5258,SP,127.2,0,13.73,138.12
5259,MG,311.3,2,16.73,168.02
5260,SP,65.8,2,4.74,18.42
5261,RS,155.6,1,22.32,123.59
5262,BA,708.4,4,24.89,74.56
5263,BA,515.0,3,23.18,48.4
5264,BA,92.7,1,16.33,55.4
5265,RJ,92.5,2,15.02,147.72
5266,MG,232.8,0,26.23,269.06
5267,SP,292.1,2,15.67,72.38
5268,BA,426.4,0,1.24,162.3
5269,MG,435.0,1,54.36,174.62
5270,BA,585.9,1,1.05,107.97
5271,BA,610.6,1,9.97,267.88
5272,SP,47.7,1,2.77,222.26
5273,RJ,264.0,1,13.42,124.67
5274,RJ,210.2,0,28.79,101.19
5275,RJ,110.2,0,1.31,144.36
5276,RS,406.3,1,7.28,136.1
5277,MG,252.3,3,19.28,56.37
5278,RJ,428.8,5,13.55,115.89
5279,RS,268.2,1,4.77,65.71
5280,RS,237.2,5,32.92,89.71
5281,RJ,68.3,0,2.9,165.72
5282,MG,646.8,1,6.75,90.02
5283,SP,395.0,1,4.45,130.8
5284,RJ,215.8,4,15.65,79.65
5285,MG,298.1,1,13.57,143.49
5286,SP,133.4,3,5.45,180.39
5287,BA,425.4,0,22.83,82.39
5288,RJ,408.4,1,19.59,354.98
5289,MG,100.8,1,3.92,54.81
5290,RJ,140.3,0,26.7,103.07
5291,RJ,213.1,5,41.48,121.71
5292,MG,115.0,2,23.7,226.31
5293,BA,89.0,0,23.33,289.67
5294,MG,277.0,1,17.1,106.14
5295,BA,159.4,2,15.2,272.16
5296,MG,141.2,2,13.46,203.89
5297,BA,193.7,3,33.97,226.76
5298,MG,137.2,3,13.89,75.43
5299,MG,180.9,2,7.35,94.97
5300,SP,366.7,2,15.69,150.88
5301,SP,361.2,1,13.07,129.34
5302,RJ,240.7,0,17.67,166.78
5303,MG,210.4,3,3.81,388.57
5304,RS,248.6,2,13.56,104.87
5305,SP,262.5,3,25.15,46.38
5306,SP,296.7,1,9.73,155.44
5307,BA,270.5,3,18.81,57.7
5308,BA,180.9,2,5.92,283.74
5309,RS,215.3,0,8.27,190.66
5310,MG,189.4,1,16.73,319.29
5311,BA,390.8,1,48.55,232.37
5312,BA,261.0,0,15.82,103.27
5313,SP,353.2,2,15.74,95.28
5314,RJ,141.0,1,10.16,181.51
5315,BA,248.5,1,33.84,133.51
5316,RJ,267.5,0,16.17,232.49
5317,MG,90.9,0,56.95,82.1
5318,MG,221.8,1,1.0,166.18
5319,BA,347.2,2,8.78,165.14
5320,RS,464.0,2,14.85,118.12
5321,RS,194.4,1,3.99,149.76
5322,RJ,175.0,4,17.76,70.83
5323,MG,91.9,1,24.46,122.3
5324,SP,48.0,2,6.24,41.6
5325,RS,43.5,2,2.82,137.35
5326,SP,279.7,0,26.48,175.73
5327,MG,183.4,1,32.99,201.51
5328,RS,180.6,0,18.52,122.98
5329,RS,288.8,1,22.26,97.58
5330,RJ,364.4,2,5.39,219.77
5331,RS,456.4,0,1.44,162.36
5332,SP,401.7,0,55.28,262.46
5333,BA,245.3,2,39.8,99.72
5334,MG,28.0,6,23.46,139.53
5335,RS,224.9,4,29.29,114.58
5336,RS,130.5,0,8.96,19.68
5337,MG,136.6,2,30.69,33.02
5338,MG,236.4,3,12.06,23.87
5339,BA,261.8,0,18.11,198.55
5340,SP,467.7,1,14.12,500.4
5341,BA,222.5,0,28.02,111.7
5342,MG,225.3,3,41.35,42.24
5343,RJ,198.5,0,7.83,44.73
5344,RJ,17.5,0,32.91,200.02
5345,MG,112.6,2,12.04,63.81
5346,SP,592.8,3,11.13,67.63
5347,BA,386.2,2,31.87,52.24
5348,RS,310.5,0,22.04,84.09
5349,MG,245.3,0,56.53,56.78
5350,MG,502.5,3,3.34,57.1
5351,MG,288.0,1,12.72,183.7
5352,SP,705.5,1,9.88,149.09
5353,MG,233.5,0,10.38,41.4
5354,RS,312.8,2,11.97,117.21
5355,RS,169.4,2,17.03,172.98
5356,RS,613.4,2,14.99,118.92
5357,SP,309.8,0,4.2,56.55
5358,RS,210.9,1,34.3,25.94
5359,MG,176.4,0,15.39,79.28
5360,RJ,183.3,0,15.4,119.16
5361,BA,247.6,3,11.73,286.56
5362,SP,169.5,3,5.91,187.57
5363,MG,251.9,2,9.89,168.55
5364,MG,161.3,1,16.86,155.99
5365,MG,354.8,1,13.08,204.67
5366,MG,269.4,0,47.47,248.84
5367,SP,238.1,1,9.64,75.74
5368,RS,395.1,2,39.61,145.32
5369,SP,235.1,0,5.36,278.79
5370,RS,194.7,2,23.4,153.63
5371,RS,246.3,1,34.74,108.41
5372,RS,168.7,0,44.45,181.73
5373,RJ,411.9,1,21.31,229.76
5374,RJ,124.2,3,10.59,156.31
5375,BA,62.2,0,11.69,81.38
5376,MG,206.5,3,4.35,137.4
5377,RS,365.3,1,19.71,126.82
5378,SP,175.2,1,36.55,120.08
5379,MG,356.7,2,3.87,74.64
5380,MG,607.3,0,16.39,163.26
5381,RS,156.2,1,3.71,203.85
5382,SP,186.0,0,24.58,147.7
5383,MG,620.7,2,33.88,148.35
5384,SP,104.0,1,35.88,87.18
5385,BA,77.0,1,3.28,103.79
5386,SP,235.3,1,8.34,60.12
5387,RS,467.2,1,21.98,249.44
5388,RJ,207.9,1,4.81,159.59
5389,MG,202.4,0,37.07,88.12
5390,RJ,243.0,1,13.42,33.8
5391,RJ,342.8,2,14.52,306.64
5392,BA,126.4,2,7.02,60.8
5393,RJ,220.6,0,17.24,189.25
5394,SP,167.7,2,15.83,159.62
5395,SP,207.4,0,2.66,89.0
5396,SP,187.2,0,19.67,256.69
5397,RS,81.4,2,9.65,85.13
5398,BA,276.1,1,5.23,119.82
5399,RS,62.1,0,23.28,174.6
5400,BA,129.8,5,8.81,119.92
5401,BA,216.7,1,13.77,28.63
5402,BA,350.1,4,6.1,94.45
5403,RS,180.8,3,33.3,102.96
5404,BA,313.2,0,21.42,33.73
5405,MG,414.0,2,21.09,112.29
5406,BA,207.9,0,2.79,134.03
5407,RJ,313.6,2,21.48,179.16
5408,MG,518.6,1,27.89,46.06
5409,SP,291.8,1,5.41,71.86
5410,BA,265.2,0,7.15,235.62
5411,SP,186.9,0,5.58,224.63
5412,SP,362.1,3,21.26,160.95
5413,RJ,278.3,1,10.49,249.84
5414,RJ,178.6,0,18.2,75.66
5415,BA,185.9,1,11.58,270.38
5416,BA,430.0,1,11.61,171.51
5417,RJ,280.5,2,17.42,50.63
5418,SP,379.1,1,9.57,63.37
5419,RJ,281.7,3,16.47,62.64
5420,MG,122.2,2,6.96,104.33
5421,BA,270.6,0,12.75,167.66
5422,RJ,297.6,1,17.8,135.42
5423,BA,108.1,1,13.52,84.29
5424,MG,179.4,0,9.12,155.98
5425,SP,96.8,3,23.06,128.33
5426,RS,231.8,2,16.51,208.46
5427,RJ,75.7,2,8.01,299.02
5428,BA,95.2,1,32.19,75.05
5429,RJ,355.8,0,9.13,57.5
5430,MG,235.5,2,14.07,149.41
5431,BA,262.6,2,3.14,253.82
5432,RJ,136.3,1,26.21,96.14
5433,SP,243.9,1,43.42,197.39
5434,RS,390.5,7,16.32,110.15
5435,SP,333.1,3,29.34,58.49
5436,BA,462.0,2,14.81,114.51
5437,MG,84.0,1,33.22,102.15
5438,MG,443.6,1,23.87,133.5
5439,SP,187.3,1,20.65,91.62
5440,RS,232.6,1,25.98,193.82
5441,RJ,80.0,0,7.01,65.11
5442,BA,417.1,0,18.84,121.95
5443,RS,224.5,2,20.29,79.14
5444,RS,493.5,1,36.4,146.35
5445,BA,108.9,1,6.05,255.45
5446,BA,355.8,4,0.21,48.16
5447,RS,178.2,2,27.36,139.93
5448,RS,197.1,1,17.59,119.54
5449,SP,280.5,1,7.77,238.5
5450,MG,126.0,0,37.62,136.98
5451,RJ,197.9,2,6.95,174.83
5452,BA,386.4,2,25.74,51.6
5453,SP,212.7,0,37.6,194.79
5454,RS,245.1,6,10.37,328.37
5455,RS,98.2,3,32.36,220.2
5456,SP,258.0,1,4.52,249.76
5457,BA,84.7,0,12.81,197.32
5458,MG,100.0,1,8.74,62.65
5459,RS,483.6,0,23.64,32.97
5460,BA,195.7,0,31.07,64.89
5461,RS,168.8,1,8.68,35.43
5462,SP,157.8,3,15.34,30.77
5463,BA,30.7,1,13.05,182.79
5464,BA,145.3,3,29.17,88.23
5465,SP,460.5,0,29.52,194.54
5466,BA,96.3,1,15.33,156.22
5467,RS,125.9,0,17.49,385.62
5468,RS,266.8,3,14.92,175.54
5469,MG,146.0,2,30.18,251.61
5470,RJ,525.8,1,5.68,132.77
5471,RS,204.0,2,8.57,174.95
5472,MG,212.4,2,7.07,308.26
5473,RJ,184.4,1,52.63,129.81
5474,RS,124.6,0,15.79,37.33
5475,BA,299.8,3,28.25,215.94
5476,MG,331.2,1,10.98,177.82
5477,SP,413.9,1,11.47,150.79
5478,RS,84.3,0,8.75,204.14
5479,RJ,334.2,2,13.78,97.5
5480,MG,138.5,1,24.38,166.77
5481,SP,298.2,3,15.74,37.55
5482,RJ,472.9,0,16.89,58.47
5483,RS,122.9,0,11.73,168.97
5484,RJ,164.4,0,30.14,167.02
5485,SP,207.6,0,22.84,113.43
5486,RJ,377.6,2,6.25,482.72
5487,SP,388.1,0,14.23,100.67
5488,MG,140.1,0,32.67,116.21
5489,SP,341.0,2,10.67,54.8
5490,SP,439.2,0,7.77,178.75
5491,RJ,367.3,0,13.57,48.92
5492,RS,310.8,0,13.24,59.42
5493,RJ,205.0,4,5.07,164.77
5494,RS,197.7,1,9.39,116.56
5495,BA,283.3,1,21.91,240.55
5496,SP,372.3,0,38.48,65.06
5497,RJ,453.9,1,3.57,171.64
5498,SP,236.9,1,69.15,167.09
5499,SP,45.8,1,20.21,71.37
5500,SP,423.6,1,11.85,110.68
5501,RJ,605.9,0,18.28,170.99
5502,RS,103.4,3,17.99,302.56
5503,RS,936.5,0,25.6,64.1
5504,SP,303.4,1,21.41,142.84
5505,RJ,209.3,2,21.1,26.44
5506,BA,239.8,1,6.57,24.65
5507,BA,144.4,0,4.38,134.97
5508,RJ,154.6,1,9.03,65.56
5509,MG,290.7,1,25.26,119.64
5510,SP,263.1,1,12.77,66.61
5511,MG,140.3,1,7.84,233.82
5512,RJ,63.8,0,41.57,88.29
5513,SP,358.7,1,12.6,75.36
5514,BA,434.7,0,14.1,274.2
5515,SP,100.1,1,7.95,115.8
5516,SP,316.0,1,15.23,118.75
5517,MG,334.9,1,40.6,35.47
5518,RS,153.1,1,28.33,218.47
5519,RJ,304.9,0,5.58,56.71
5520,MG,70.0,2,8.52,192.28
5521,SP,36.1,2,5.22,37.75
5522,RJ,528.2,1,32.36,55.13
5523,SP,314.5,1,14.3,163.45
5524,RJ,188.0,2,74.75,135.01
5525,BA,346.0,1,21.61,92.15
5526,BA,146.6,2,13.93,226.13
5527,RJ,186.2,4,22.07,67.29
5528,BA,106.5,1,12.89,119.22
5529,RJ,294.5,3,24.65,150.17
5530,RJ,438.4,1,12.9,140.94
5531,SP,208.4,0,38.83,73.47
5532,RJ,124.6,0,29.33,101.61
5533,RJ,376.3,1,11.42,91.35
5534,MG,189.0,0,27.33,139.57
5535,RS,354.5,3,36.08,235.76
5536,RS,242.7,3,40.82,79.79
5537,RJ,257.8,4,86.83,152.4
5538,MG,318.0,1,18.84,161.78
5539,SP,467.6,2,8.79,45.77
5540,RS,656.7,1,1.19,92.17
5541,RJ,343.0,0,4.0,114.73
5542,BA,412.5,1,3.38,164.5
5543,RS,395.3,1,11.32,88.29
5544,MG,267.8,0,23.0,231.34
5545,RS,207.2,2,25.49,188.42
5546,MG,122.3,1,10.21,47.82
5547,RS,288.8,1,15.83,83.22
5548,BA,125.6,2,26.61,252.13
5549,BA,161.1,5,34.11,245.15
5550,MG,377.4,0,18.0,42.47
5551,RS,467.5,2,49.61,62.53
5552,BA,365.7,1,11.61,136.31
5553,MG,148.5,2,8.42,92.19
5554,SP,177.8,3,35.52,74.65
5555,RS,339.4,1,48.1,107.94
5556,RJ,390.7,3,36.94,302.92
5557,SP,457.1,0,13.72,180.6
5558,RS,220.0,2,13.59,239.09
5559,BA,118.1,1,22.97,41.88
5560,RJ,510.1,0,32.91,120.22
5561,MG,347.8,2,37.8,140.83
5562,RS,169.1,0,6.13,141.49
5563,RJ,230.0,0,24.38,191.46
5564,RS,335.4,2,1.7,64.95
5565,SP,93.6,2,11.69,198.43
5566,MG,629.7,2,27.47,169.66
5567,BA,84.0,2,7.35,166.24
5568,SP,406.2,2,11.0,176.95
5569,RJ,412.8,5,3.55,250.0
5570,BA,105.3,1,14.41,57.04
5571,BA,243.1,1,23.97,338.34
5572,BA,317.8,1,16.29,56.41
5573,BA,211.8,0,6.98,111.6
5574,RJ,689.3,2,5.67,142.86
5575,SP,338.2,1,15.78,149.74
5576,RS,401.0,2,7.29,111.9
5577,SP,281.4,2,5.06,99.28
5578,MG,112.9,1,8.32,173.0
5579,RS,316.1,2,4.39,103.99
5580,SP,63.7,3,30.41,199.87
5581,BA,722.2,2,14.77,113.93
5582,SP,184.9,3,33.22,26.0
5583,SP,820.8,0,10.27,61.51
5584,RJ,153.3,2,24.23,51.97
5585,RJ,189.9,2,28.06,228.59
5586,BA,143.4,2,9.75,31.86
5587,RJ,248.8,1,18.83,191.75
5588,RS,246.9,1,13.56,22.78
5589,SP,367.1,1,12.29,63.11
5590,SP,167.7,4,13.49,190.36
5591,RJ,292.7,0,18.79,127.34
5592,SP,224.6,1,2.0,49.73
5593,RJ,432.9,3,4.42,156.21
5594,BA,239.9,3,8.89,118.7
5595,BA,219.1,1,20.53,24.3
5596,MG,391.5,2,15.89,204.94
5597,RJ,230.3,2,8.94,197.44
5598,MG,275.6,1,45.12,99.67
5599,MG,261.8,3,8.04,97.01
5600,RS,133.5,1,13.01,98.15
5601,SP,213.0,0,7.87,68.01
5602,RS,179.0,0,9.38,72.5
5603,RJ,547.7,2,14.5,141.45
5604,RS,376.2,0,31.44,122.54
5605,RJ,194.9,2,18.66,39.19
5606,BA,221.3,0,11.63,87.51
5607,MG,259.5,1,7.4,170.51
5608,SP,137.8,1,24.21,132.02
5609,SP,303.7,2,6.13,156.35
5610,SP,187.2,1,8.64,227.27
5611,MG,375.7,0,6.28,78.51
5612,MG,22.2,1,10.28,63.03
5613,SP,325.8,1,10.79,155.6
5614,RS,314.3,0,5.43,214.42
5615,RJ,256.7,2,0.1,126.65
5616,SP,201.5,1,55.07,100.89
5617,MG,531.0,0,28.1,89.07
5618,MG,411.9,1,10.31,240.01
5619,SP,285.2,0,10.08,205.72
5620,RJ,111.9,3,8.33,108.14
5621,BA,208.3,1,13.21,42.32
5622,MG,154.0,0,15.54,46.28
5623,RJ,309.5,0,19.85,65.06
5624,RJ,450.1,1,5.95,116.48
5625,RJ,157.2,2,30.74,108.26
5626,RJ,254.2,1,22.74,186.01
5627,SP,548.7,0,3.66,33.94
5628,RJ,90.8,2,10.99,270.03
5629,SP,134.1,1,5.69,179.23
5630,SP,258.7,1,48.42,200.29
5631,RJ,239.5,3,9.39,62.71
5632,MG,129.2,0,8.48,89.35
5633,SP,96.3,0,11.62,85.67
5634,MG,158.0,1,11.49,59.38
5635,BA,264.4,1,5.53,413.83
5636,BA,354.7,1,15.57,110.97
5637,MG,96.2,1,22.8,217.93
5638,BA,268.0,1,1.32,23.59
5639,MG,184.7,3,10.53,107.59
5640,RS,147.4,1,23.04,83.06
5641,RS,402.4,2,20.92,84.3
5642,RJ,176.4,0,6.91,133.12
5643,SP,234.8,2,5.76,55.82
5644,RS,74.9,1,8.7,81.67
5645,SP,59.1,2,13.22,236.61
5646,RJ,352.1,2,11.21,124.38
5647,RJ,265.5,1,11.74,162.66
5648,BA,153.9,1,33.49,159.2
5649,SP,393.5,1,0.27,187.12
5650,RS,183.5,0,9.78,55.22
5651,BA,214.2,2,15.26,140.71
5652,RJ,133.1,1,12.23,58.78
5653,SP,188.3,3,6.79,130.72
5654,MG,576.0,1,5.55,62.23
5655,MG,143.9,0,13.2,206.75
5656,BA,150.5,0,33.52,48.47
5657,RJ,163.2,2,19.45,36.17
5658,SP,139.8,2,13.8,88.63
5659,SP,305.1,3,42.87,58.01
5660,MG,240.3,0,8.63,82.6
5661,RJ,119.3,3,5.41,87.75
5662,SP,154.5,3,38.19,144.33
5663,RJ,356.5,2,4.4,118.98
5664,RJ,158.9,2,3.19,178.34
5665,RJ,623.5,1,37.12,251.47
5666,BA,219.0,0,13.8,225.11
5667,SP,516.7,1,3.27,14.33
5668,RS,607.4,1,3.92,193.66
5669,SP,435.5,0,16.26,38.48
5670,RS,250.3,0,0.71,207.66
5671,RJ,244.3,1,15.47,128.98
5672,RJ,132.5,3,22.16,200.49
5673,BA,328.2,4,20.58,171.41
5674,SP,672.3,3,23.71,104.79
5675,BA,827.8,2,10.12,76.47
5676,MG,411.1,0,4.85,45.6
5677,RS,326.3,2,22.46,45.89
5678,MG,195.1,0,22.32,38.6
5679,RJ,332.3,4,15.36,123.1
5680,RJ,443.7,1,9.16,122.9
5681,SP,126.9,1,11.49,202.13
5682,BA,65.5,2,16.45,201.49
5683,SP,115.9,0,25.24,203.3
5684,BA,400.3,3,8.6,166.18
5685,RJ,415.2,1,11.34,133.78
5686,MG,102.9,1,6.79,158.8
5687,MG,155.7,1,8.38,52.37
5688,BA,160.4,2,3.28,72.11
5689,BA,109.2,0,8.38,187.82
5690,MG,196.6,1,18.75,217.04
5691,MG,353.6,3,8.84,185.2
5692,BA,273.2,3,3.34,69.01
5693,MG,187.2,3,0.46,75.97
5694,RS,101.7,1,2.86,379.88
5695,SP,466.2,2,7.76,120.76
5696,RS,203.3,0,33.77,234.38
5697,RJ,190.9,1,7.0,13.36
5698,RS,308.9,1,39.63,125.93
5699,MG,289.2,2,5.65,112.56
5700,RS,108.5,1,17.47,122.27
5701,SP,98.1,4,6.48,98.32
5702,SP,699.6,1,14.92,56.07
5703,SP,550.1,1,19.29,108.03
5704,MG,510.2,0,4.47,135.51
5705,SP,562.3,0,5.59,151.83
5706,BA,436.5,2,20.35,296.85
5707,RS,434.5,1,17.39,124.27
5708,RJ,242.2,2,11.39,162.2
5709,RJ,316.9,2,2.88,75.86
5710,BA,442.8,1,30.82,110.85
5711,RS,306.5,2,12.97,78.25
5712,SP,198.8,1,11.39,79.41
5713,MG,367.9,2,18.06,27.3
5714,RJ,285.6,1,10.98,61.12
5715,MG,229.5,0,22.43,152.37
5716,MG,56.9,3,7.86,167.76
5717,RJ,332.2,4,45.27,193.63
5718,SP,643.6,2,27.11,229.03
5719,RS,418.3,2,5.52,58.2
5720,MG,289.7,0,5.03,126.83
5721,RS,402.5,1,39.96,153.17
5722,RJ,116.3,2,11.98,16.83
5723,RS,269.5,0,8.38,95.55
5724,RS,394.0,4,17.6,336.49
5725,BA,292.4,2,19.97,107.38
5726,RJ,591.3,2,2.08,83.88
5727,BA,363.4,1,43.32,169.62
5728,RJ,145.4,1,17.08,51.73
5729,RS,479.1,3,7.58,145.87
5730,RS,211.1,1,16.97,31.12
5731,MG,415.6,2,10.48,103.01
5732,MG,561.9,2,3.21,159.26
5733,RS,142.9,3,23.79,93.44
5734,SP,127.5,1,18.71,46.79
5735,RJ,469.2,2,25.05,72.6
5736,RJ,346.0,1,6.24,207.84
5737,SP,130.4,3,14.98,182.62
5738,BA,299.3,0,3.46,81.0
5739,BA,165.2,3,21.1,199.93
5740,SP,550.2,0,17.58,39.58
5741,BA,248.7,5,16.61,320.29
5742,RJ,481.4,1,15.74,134.94
5743,RS,277.6,2,2.71,252.32
5744,BA,68.2,3,14.22,143.23
5745,MG,38.2,2,28.12,59.35
5746,MG,292.7,0,24.39,92.35
5747,SP,311.6,1,9.63,81.56
5748,RJ,229.4,3,31.36,179.75
5749,RJ,521.5,0,14.93,173.28
5750,MG,165.5,1,33.35,69.96
5751,MG,247.6,1,23.37,75.7
5752,BA,185.5,0,38.98,182.46
5753,BA,192.8,2,8.62,63.49
5754,SP,448.7,1,9.99,132.46
5755,RS,88.8,4,5.44,163.98
5756,RJ,66.2,3,18.15,143.95
5757,SP,318.1,2,19.88,153.95
5758,RJ,110.2,6,17.18,312.77
5759,BA,214.7,2,7.78,101.26
5760,RS,532.3,1,45.38,63.8
5761,BA,556.0,0,16.01,259.41
5762,SP,146.5,1,3.88,106.07
5763,SP,310.4,1,30.39,100.27
5764,RJ,161.1,2,1.18,68.98
5765,SP,100.2,1,15.28,110.06
5766,SP,150.8,1,15.06,80.69
5767,RJ,231.1,0,29.68,325.29
5768,BA,79.1,1,32.6,187.16
5769,BA,240.7,2,41.15,79.19
5770,RS,244.1,0,10.4,86.0
5771,SP,82.0,1,7.86,137.34
5772,SP,119.1,2,26.97,271.91
5773,BA,12.9,1,8.49,429.43
5774,RS,443.8,5,15.83,148.89
5775,BA,422.9,1,13.97,268.22
5776,BA,223.9,3,9.99,140.86
5777,RS,553.5,3,8.7,69.36
5778,RJ,138.0,1,8.44,33.97
5779,BA,101.8,0,2.92,97.52
5780,RS,77.9,2,19.12,97.95
5781,RS,68.6,1,35.23,274.91
5782,RJ,240.8,3,12.59,135.59
5783,SP,296.6,1,19.5,18.45
5784,BA,226.7,0,9.77,109.6
5785,SP,245.1,1,15.72,208.59
5786,SP,307.5,2,7.2,74.84
5787,MG,49.6,1,5.03,127.53
5788,MG,365.8,3,10.24,242.76
5789,BA,642.6,2,25.97,244.07
5790,MG,412.6,1,18.32,156.95
5791,SP,421.5,1,3.52,137.75
5792,RS,139.8,4,23.31,95.1
5793,MG,329.1,2,6.47,135.9
5794,RS,368.6,3,15.51,327.1
5795,BA,91.8,1,32.33,96.72
5796,MG,280.2,1,24.75,88.15
5797,RJ,314.4,0,7.94,225.64
5798,SP,241.8,0,4.85,71.61
5799,SP,121.2,0,6.62,141.67
5800,MG,144.5,1,31.52,67.62
5801,MG,195.6,1,29.27,102.47
5802,RJ,12.1,1,16.35,150.12
5803,RS,180.1,0,10.08,287.0
5804,RS,495.8,2,9.12,177.39
5805,SP,246.8,4,19.56,101.35
5806,BA,385.7,1,40.05,148.82
5807,BA,286.3,3,22.37,124.33
5808,MG,176.5,0,24.46,197.53
5809,RJ,244.2,2,1.99,142.82
5810,RJ,105.8,5,5.08,182.86
5811,MG,154.8,2,2.87,94.27
5812,BA,163.4,3,26.39,111.13
5813,RS,367.6,2,17.45,176.21
5814,SP,350.3,0,12.8,225.71
5815,SP,314.9,1,27.9,120.41
5816,RS,158.9,1,6.37,110.53
5817,SP,18.7,3,3.46,55.42
5818,BA,184.3,2,12.41,88.05
5819,SP,322.1,1,42.11,295.48
5820,MG,282.7,3,38.75,119.27
5821,SP,317.9,5,29.1,197.72
5822,BA,199.6,1,24.36,73.86
5823,MG,383.9,1,18.32,141.57
5824,RJ,243.3,2,0.6,51.5
5825,BA,110.7,0,13.05,129.65
5826,SP,410.0,2,3.49,191.67
5827,BA,109.9,2,3.95,136.16
5828,MG,158.4,2,22.42,110.0
5829,MG,50.8,0,40.6,160.03
5830,SP,447.7,1,23.49,85.75
5831,RS,222.2,2,9.0,68.76
5832,SP,392.4,1,38.05,219.14
5833,RJ,344.0,2,28.8,98.08
5834,MG,68.6,0,10.96,155.14
5835,BA,266.7,1,7.43,210.13
5836,RS,144.5,2,18.63,72.6
5837,SP,227.0,2,38.98,64.86
5838,RJ,86.3,1,20.21,270.24
5839,RJ,298.6,2,2.39,299.91
5840,MG,341.4,1,27.06,123.84
5841,SP,289.6,0,41.6,163.87
5842,RS,330.9,0,10.46,127.44
5843,RJ,223.9,1,11.25,14.94
5844,RS,329.4,0,36.64,268.88
5845,BA,125.4,1,9.84,86.26
5846,RS,72.2,3,15.84,174.12
5847,RS,371.4,1,9.39,174.98
5848,BA,188.1,1,1.58,51.22
5849,RJ,327.5,3,43.01,27.43
5850,MG,142.7,1,50.75,50.96
5851,SP,263.7,0,25.96,32.3
5852,MG,442.2,2,6.54,184.49
5853,RJ,177.8,0,17.54,50.92
5854,BA,651.2,3,22.2,206.43
5855,BA,202.2,1,27.29,90.56
5856,MG,294.5,2,26.19,100.59
5857,BA,310.5,0,18.14,88.55
5858,RJ,142.4,4,10.63,16.14
5859,MG,80.4,2,8.61,143.17
5860,RJ,109.5,1,35.98,91.97
5861,RJ,182.4,1,22.07,70.71
5862,SP,383.1,3,39.09,192.45
5863,RS,277.4,0,17.04,173.15
5864,RJ,168.6,1,9.75,57.2
5865,BA,506.4,3,21.88,132.64
5866,BA,198.6,1,20.3,231.9
5867,MG,189.6,1,18.89,137.67
5868,MG,604.1,1,17.48,134.19
5869,RS,104.9,0,19.78,118.44
5870,SP,189.1,1,15.65,154.4
5871,SP,369.4,0,19.45,46.43
5872,RS,211.9,1,26.08,67.55
5873,RS,283.8,2,36.01,56.23
5874,SP,399.5,2,13.41,43.29
5875,MG,334.0,0,14.51,78.2
5876,RS,52.5,0,20.86,112.76
5877,MG,536.6,1,3.14,123.92
5878,BA,427.0,1,26.64,80.52
5879,RJ,173.4,1,2.84,62.34
5880,MG,429.0,2,25.78,286.43
5881,RJ,520.7,2,23.75,48.66
5882,MG,382.6,1,24.24,284.63
5883,BA,220.8,1,14.4,286.22
5884,RS,343.6,1,9.19,38.01
5885,RJ,473.1,3,24.11,160.64
5886,SP,385.4,1,23.64,101.85
5887,RS,239.8,1,37.05,428.68
5888,SP,333.1,1,56.71,223.1
5889,MG,374.5,2,12.74,177.3
5890,MG,203.9,1,8.61,52.92
5891,BA,313.8,0,20.64,216.04
5892,RJ,638.1,1,33.33,196.21
5893,SP,409.4,2,20.48,116.99
5894,MG,669.9,2,12.52,141.13
5895,RS,431.0,0,14.83,104.58
5896,MG,109.0,1,39.29,83.39
5897,MG,390.7,3,27.89,309.48
5898,SP,792.5,1,6.81,186.12
5899,RS,549.1,1,8.72,114.1
5900,RS,124.4,0,7.31,83.43
5901,SP,119.8,3,26.41,193.38
5902,BA,42.6,1,11.55,91.48
5903,BA,166.3,2,1.35,139.47
5904,SP,271.9,1,14.99,73.94
5905,RJ,179.6,2,4.26,27.61
5906,BA,285.5,2,18.99,170.2
5907,RS,491.7,4,26.0,45.6
5908,MG,384.4,1,17.39,228.37
5909,RJ,340.0,5,11.69,170.09
5910,BA,168.2,2,23.17,49.13
5911,RJ,96.9,2,6.81,117.74
5912,BA,330.4,2,43.77,151.85
5913,SP,198.7,0,35.16,175.28
5914,RS,362.9,1,45.8,92.35
5915,RJ,162.7,2,19.85,228.86
5916,SP,358.7,2,28.06,73.22
5917,SP,258.3,0,10.24,149.26
5918,RS,208.2,0,4.47,185.83
5919,RS,67.1,0,9.95,423.39
5920,MG,140.0,4,20.27,150.02
5921,BA,147.3,0,48.62,152.97
5922,RJ,134.9,0,9.72,12.3
5923,RS,339.3,1,12.73,168.08
5924,RJ,262.5,0,11.1,129.98
5925,MG,418.0,1,13.98,129.51
5926,RJ,189.4,0,8.7,155.55
5927,SP,117.6,0,22.92,119.78
5928,RS,131.2,2,15.58,103.38
5929,BA,280.9,1,2.81,64.07
5930,MG,100.8,2,0.47,374.66
5931,RS,85.3,1,29.64,168.8
5932,SP,564.4,1,4.09,218.08
5933,MG,203.6,3,17.56,54.69
5934,BA,283.3,3,13.4,71.31
5935,RJ,104.8,1,16.23,51.54
5936,MG,668.9,0,15.51,118.14
5937,SP,460.4,2,24.96,156.18
5938,RS,484.1,0,5.36,71.37
5939,RJ,210.3,1,20.55,126.65
5940,SP,127.6,2,31.18,121.27
5941,SP,135.1,1,15.09,88.54
5942,RS,190.6,0,9.0,268.9
5943,MG,195.3,2,13.57,221.24
5944,RS,65.0,2,7.3,76.99
5945,MG,125.9,0,3.94,293.79
5946,SP,419.6,2,8.54,56.63
5947,RS,316.6,1,3.55,187.49
5948,MG,786.7,0,19.55,206.96
5949,SP,107.9,1,7.64,148.07
5950,SP,271.1,0,18.66,93.52
5951,SP,136.8,2,2.13,175.56
5952,MG,201.7,1,42.24,33.34
5953,BA,176.2,2,21.69,36.16
5954,SP,493.3,0,28.23,47.59
5955,MG,624.5,0,17.09,57.81
5956,RS,248.5,2,13.34,57.79
5957,RS,242.9,0,16.35,114.02
5958,SP,216.6,2,8.88,96.07
5959,RJ,202.2,1,7.97,81.87
5960,BA,53.1,3,29.65,48.19
5961,BA,239.2,1,16.02,107.41
5962,BA,476.1,1,9.24,164.31
5963,MG,312.7,1,5.76,216.67
5964,RJ,483.3,3,18.67,80.2
5965,RS,162.0,2,2.91,43.28
5966,RJ,273.8,0,18.86,19.38
5967,BA,207.7,1,9.66,172.82
5968,RS,211.9,1,46.82,177.86
5969,BA,207.0,1,31.25,142.83
5970,SP,592.7,2,8.36,8.18
5971,SP,535.5,2,1.29,258.4
5972,RJ,258.6,2,1.39,85.5
5973,RS,380.6,1,10.65,118.73
5974,RJ,295.3,1,23.67,137.13
5975,RJ,229.5,0,14.24,209.86
5976,MG,584.2,2,19.67,75.63
5977,MG,235.9,0,26.76,62.97
5978,RJ,229.7,0,7.59,37.84
5979,SP,213.8,1,5.34,432.94
5980,SP,246.9,4,7.31,102.34
5981,RJ,223.1,0,19.51,60.49
5982,MG,420.0,2,54.01,170.01
5983,SP,406.6,2,44.04,74.59
5984,BA,95.7,1,9.35,173.55
5985,RJ,70.2,2,11.9,139.68
5986,BA,305.6,2,10.86,245.26
5987,BA,122.6,1,16.72,92.43
5988,MG,221.1,1,6.52,199.6
5989,BA,136.8,0,13.91,275.48
5990,RJ,549.2,2,37.19,88.63
5991,SP,236.6,2,22.17,86.46
5992,SP,250.1,2,37.06,180.18
5993,MG,281.5,1,14.28,196.66
5994,MG,40.0,0,5.7,110.85
5995,SP,200.6,2,46.7,25.46
5996,BA,440.0,0,7.88,54.64
5997,RJ,312.7,1,0.95,96.56
5998,MG,550.6,0,23.28,66.1
5999,MG,474.5,1,10.22,196.98
6000,RS,183.6,1,5.35,192.8
